latitude,longitude,event_date,rainfall_mm,elevation_m,slope_deg,aspect_deg,label,sample_type
24.50236646222818,92.83412935785998,2016-05-17,141.0,81.0,19.556409699933386,136.8476102659946,0,background_pseudo_absence
24.412287946620395,92.47368695605822,2016-05-18,47.4,62.0,9.769174897063328,311.18592516570965,0,background_pseudo_absence
24.3865329747557,92.53610126481729,2016-05-18,47.4,52.0,10.142982071736865,354.8055710922652,0,background_pseudo_absence
24.600225028739292,92.78397332190502,2010-04-02,13.0,62.0,1.8553855108258313,90.0,0,background_pseudo_absence
24.535495784904246,92.9293918741926,2016-08-31,54.0,36.0,0.9279360212320218,0.0,0,background_pseudo_absence
24.895125753909436,92.50795863154383,2016-05-18,68.7,19.0,0.9279360212320218,270.0,0,background_pseudo_absence
24.570648140436866,92.89736304228316,2020-06-02,21.5,70.0,6.533604276522507,8.13010235415598,0,background_pseudo_absence
24.517804866533453,92.31905373279189,2010-06-03,37.3,35.0,6.533604276522507,188.13010235415598,0,background_pseudo_absence
24.905970378421255,92.86925425401947,2020-06-05,4.0,22.0,1.3121849935516046,45.0,0,background_pseudo_absence
24.939275672952295,92.71524455067531,2020-06-02,53.5,21.0,1.3121849935516046,135.0,0,background_pseudo_absence
24.907419858054872,92.39472818830093,2020-06-02,18.1,16.0,0.9279360212320218,180.0,0,background_pseudo_absence
24.612731749418973,92.22786822183451,2020-06-02,21.4,110.0,8.344059777303649,276.3401917459099,0,background_pseudo_absence
24.834240791566497,92.29208357104422,2020-06-02,26.4,25.0,4.629981483311581,53.13010235415599,0,background_pseudo_absence
25.049667223404064,93.10207672208503,2020-06-02,85.3,435.0,29.498374004168262,166.75948008481282,0,background_pseudo_absence
25.240951245836065,92.8653564739686,2010-06-20,2.4,648.0,10.142982071736865,275.1944289077348,0,background_pseudo_absence
25.026276484179878,93.15587894173908,2010-04-02,19.3,271.0,11.924651814200722,85.60129464500447,0,background_pseudo_absence
25.10928927875822,93.19965637318262,2010-06-16,17.9,755.0,37.05383779143046,67.28558764683277,0,background_pseudo_absence
25.302818814455915,93.81289826408549,2018-06-14,36.7,1428.0,14.770857145745182,137.48955292199918,0,background_pseudo_absence
25.255323003791133,93.39867847793658,2018-06-14,83.6,791.0,32.005425092310496,121.21840276434638,0,background_pseudo_absence
25.02404230624626,93.27651070670474,2010-04-02,9.7,179.0,11.18366280155205,124.99202019855865,0,background_pseudo_absence
25.890964957852898,91.82669693190843,2018-06-14,68.2,420.0,20.919948819847768,53.615648184164115,0,background_pseudo_absence
26.022574184788912,94.64085142992757,2018-06-14,23.6,2128.0,17.194283995818935,312.87890360333853,0,background_pseudo_absence
26.020235023691487,91.73111625432848,2018-08-24,28.1,479.0,10.264313835624149,10.304846468766033,0,background_pseudo_absence
25.933728214024338,91.73057327375308,2017-06-13,98.7,403.0,7.439815764419437,150.25511870305778,0,background_pseudo_absence
25.950514059068595,91.71658670266639,2017-06-13,92.2,230.0,28.427894805215313,321.0724564072077,0,background_pseudo_absence
26.299507957047897,91.52472792515229,2017-06-13,82.3,47.0,3.342217432740406,213.69006752597977,0,background_pseudo_absence
26.42304393499508,91.76071923208508,2017-06-16,53.6,55.0,2.0742028577397202,26.56505117707799,0,background_pseudo_absence
26.348612684522827,92.02879735487146,2017-07-04,19.0,52.0,2.6229949491577687,45.0,0,background_pseudo_absence
26.02811322997512,91.70535087266154,2018-08-24,28.1,334.0,6.5336042765225075,225.0,0,background_pseudo_absence
26.172669567049276,91.55632070694176,2011-03-23,0.0,52.0,2.932085702984153,108.43494882292202,0,background_pseudo_absence
26.154839572990912,91.27562843817402,2009-08-20,35.4,48.0,1.3121849935516046,45.0,0,background_pseudo_absence
26.04684589840506,91.62219175748096,2017-07-03,16.2,304.0,13.68485075850491,176.18592516570965,0,background_pseudo_absence
26.392273999856606,91.96892784287944,2017-07-04,19.2,54.0,2.0742028577397202,153.434948822922,0,background_pseudo_absence
26.761338452271517,92.0334619605801,2021-04-28,0.5,116.0,3.342217432740406,33.69006752597979,0,background_pseudo_absence
26.915213901885817,92.26560640055045,2021-04-28,0.8,388.0,46.64504872255338,23.428692808745403,0,background_pseudo_absence
26.049832282791456,91.70954712624912,2024-07-05,11.7,427.0,21.39286550861863,7.125016348901798,0,background_pseudo_absence
25.95713218058076,91.65058467111078,2024-05-24,0.0,480.0,20.307346369411786,156.80140948635182,0,background_pseudo_absence
25.205181827531042,92.82045474684062,2022-05-15,83.5,1209.0,0.9279360212320218,270.0,0,background_pseudo_absence
25.07368863344018,93.16297120043257,2022-05-14,89.8,891.0,17.886034144658236,342.4744316262771,0,background_pseudo_absence
25.047854002179527,93.05307700414373,2022-05-14,70.7,543.0,39.186066051934496,40.971736333514855,0,background_pseudo_absence
25.268015665861856,92.86928046682321,2022-05-14,85.4,741.0,8.735619977400724,341.565051177078,0,background_pseudo_absence
26.273428021062244,91.49074319080029,2014-09-22,168.7,47.0,3.7068879296023667,270.0,0,background_pseudo_absence
26.343969668231946,91.65761033931052,2014-09-23,3.1,52.0,2.0742028577397202,243.43494882292202,0,background_pseudo_absence
26.221585080029968,92.1121558634313,2014-09-25,0.9,56.0,2.0742028577397202,116.56505117707799,0,background_pseudo_absence
24.923007400456708,92.88205854957853,2022-05-14,43.3,31.0,2.6229949491577687,315.0,0,background_pseudo_absence
25.26682972782285,92.86530175100137,2022-05-15,69.4,787.0,12.29302516926036,318.01278750418334,0,background_pseudo_absence
25.338574888456176,93.24337249903947,2016-05-22,0.6,563.0,19.271883297492856,283.3924977537511,0,background_pseudo_absence
25.423289628997665,93.40635289844174,2016-05-22,0.9,411.0,6.201003022931327,26.56505117707799,0,background_pseudo_absence
25.024780274492393,92.93319305897748,2022-05-14,62.4,257.0,24.62697238851986,32.005383208083494,0,background_pseudo_absence
25.062514572748775,93.11447981042785,2022-05-14,101.1,404.0,29.468155594669167,27.29957221133281,0,background_pseudo_absence
25.209571011384604,93.36759515718516,2016-05-22,1.1,711.0,38.20906690122591,306.6341138759674,0,background_pseudo_absence
25.11710242537765,93.34615073926778,2016-05-22,1.5,548.0,28.799482103284955,45.0,0,background_pseudo_absence
26.389903956970183,91.69309841542871,2016-06-22,8.3,57.0,3.342217432740406,303.69006752597977,0,background_pseudo_absence
24.962872301714903,92.94102018807023,2022-05-15,48.0,116.0,14.2260349438547,296.565051177078,0,background_pseudo_absence
24.914153030785673,92.94075800871768,2022-05-13,39.1,43.0,10.142982071736865,354.8055710922652,0,background_pseudo_absence
24.953796451250696,92.87815896355556,2022-05-14,62.4,79.0,4.984909337853947,68.19859051364818,0,background_pseudo_absence
25.242428093100457,93.34058554574345,2016-05-17,128.2,1428.0,5.921040829137082,51.34019174590991,0,background_pseudo_absence
25.028194696032834,92.90692744118167,2016-05-17,125.6,158.0,13.771943767699913,172.40535663140858,0,background_pseudo_absence
25.130719326308483,93.28168628376451,2016-05-17,141.7,812.0,21.80315195374203,31.759480084812793,0,background_pseudo_absence
25.097777122775266,93.1993913077392,2016-05-22,1.1,474.0,17.949166406534854,270.0,0,background_pseudo_absence
25.2553747521593,92.8930771534108,2016-05-27,11.1,537.0,9.597985496774518,16.69924423399362,0,background_pseudo_absence
25.115902408728378,93.32733702509545,2016-05-22,1.5,580.0,21.80315195374203,21.370622269343183,0,background_pseudo_absence
24.982574397937302,93.16583862227394,2016-05-17,118.4,93.0,14.770857145745182,227.48955292199915,0,background_pseudo_absence
24.8852556606982,92.96265955520894,2016-05-17,125.1,81.0,6.533604276522507,351.86989764584405,0,background_pseudo_absence
25.349873835439716,93.21270089834658,2016-05-22,0.6,695.0,16.559138713288235,240.64224645720873,0,background_pseudo_absence
25.34726285443041,93.29720785497695,2016-05-17,96.4,396.0,12.807663988498392,85.91438322002513,0,background_pseudo_absence
25.179959743824856,93.31001561341375,2016-05-22,1.2,1116.0,28.29854340732082,21.161259816828277,0,background_pseudo_absence
25.21025357093597,92.82521472113204,2016-05-22,0.4,1112.0,20.44957527203876,304.38034472384487,0,background_pseudo_absence
26.083490894329415,91.5559855934027,2024-05-24,0.0,62.0,2.7818634659843506,180.0,0,background_pseudo_absence
25.05804366732792,93.2199522023764,2016-05-22,1.1,659.0,20.868399469699217,347.7352262721076,0,background_pseudo_absence
25.24207448754032,92.88382894664026,2016-05-22,0.4,845.0,4.721262686570613,281.30993247402023,0,background_pseudo_absence
25.03576450069851,93.08238674754718,2016-05-22,0.8,160.0,17.886034144658236,287.5255683737229,0,background_pseudo_absence
25.092574280205906,93.2126297723505,2016-05-22,1.1,517.0,27.121192963635767,341.565051177078,0,background_pseudo_absence
25.19014320324521,92.7571577570756,2016-05-22,0.4,1143.0,17.30466568558618,278.9726266148964,0,background_pseudo_absence
25.2409169057078,93.35337477545976,2014-08-20,1.4,1256.0,13.538255793378935,317.7263109939063,0,background_pseudo_absence
25.04340071631189,93.04323930180489,2016-05-22,0.5,569.0,14.636885137320926,262.8749836510982,0,background_pseudo_absence
25.203370442472792,92.77333334332575,2016-05-22,0.4,1108.0,9.597985496774518,16.69924423399362,0,background_pseudo_absence
25.250088533738705,92.89903230617081,2016-05-22,0.2,629.0,15.989834468358282,227.29061004263852,0,background_pseudo_absence
25.220350191569036,92.84488595966306,2016-05-22,0.4,780.0,8.243090303924172,296.565051177078,0,background_pseudo_absence
24.934465899054747,92.9446899131895,2016-05-22,0.5,38.0,4.629981483311581,270.0,0,background_pseudo_absence
25.140661359195697,92.74793771149362,2016-05-22,2.0,1560.0,14.198148890428074,309.8055710922652,0,background_pseudo_absence
25.114609414004246,93.24579355492743,2016-05-22,1.1,468.0,9.200273103792915,216.86989764584402,0,background_pseudo_absence
25.081442698879805,93.15948783303031,2016-05-22,1.1,938.0,31.406690737600396,248.19859051364818,0,background_pseudo_absence
24.981905839537887,92.97176714466525,2016-05-22,0.5,233.0,22.80662735466274,15.642246457208728,0,background_pseudo_absence
25.026191329926792,92.9902982372541,2016-05-22,0.5,1036.0,19.72452770068585,341.565051177078,0,background_pseudo_absence
25.029420421944323,92.95615633425214,2016-05-22,0.5,513.0,42.49710221195447,171.86989764584402,0,background_pseudo_absence
25.012116125843495,93.19945032059294,2016-05-22,0.8,217.0,5.235041214894499,315.0,0,background_pseudo_absence
25.01823114555148,93.26252418001347,2016-05-22,0.6,191.0,14.877009986283412,217.56859202882748,0,background_pseudo_absence
24.92520905444173,93.19445258082311,2016-05-22,0.6,98.0,2.932085702984153,251.56505117707798,0,background_pseudo_absence
26.382851120927594,91.96336668699816,2017-06-16,61.8,54.0,2.0742028577397202,206.565051177078,0,background_pseudo_absence
26.042904507892008,91.59280636418524,2016-07-20,56.8,156.0,25.471576768695083,324.6887865603668,0,background_pseudo_absence
25.995900954371756,91.62086834030026,2019-07-10,161.0,307.0,11.036260392791437,94.76364169072617,0,background_pseudo_absence
26.26480209995573,91.46916917757933,2019-07-16,2.8,47.0,2.0742028577397202,296.565051177078,0,background_pseudo_absence
26.272612029924158,91.56107438630005,2016-07-14,2.0,50.0,0.0,180.0,0,background_pseudo_absence
26.395483678517625,91.94835823070912,2016-07-14,7.4,58.0,1.3121849935516046,225.0,0,background_pseudo_absence
26.0549662327039,91.64316071707873,2014-06-27,10.6,233.0,9.200273103792915,126.86989764584402,0,background_pseudo_absence
26.205355883592308,91.56511048367457,2014-06-27,10.7,48.0,0.9279360212320218,0.0,0,background_pseudo_absence
25.9841203420376,91.64925348322758,2024-07-05,16.3,399.0,11.328952775354063,345.96375653207355,0,background_pseudo_absence
26.225132027111997,91.57415256522988,2017-06-13,76.8,47.0,2.0742028577397202,243.43494882292202,0,background_pseudo_absence
26.191003092033277,91.55788740299204,2017-06-13,76.8,51.0,2.0742028577397202,153.434948822922,0,background_pseudo_absence
26.126080163738344,91.59759114713482,2017-06-13,95.8,49.0,0.9279360212320218,0.0,0,background_pseudo_absence
25.89190376563168,91.72841118710855,2014-06-27,20.0,454.0,17.970147878806134,2.8624052261117474,0,background_pseudo_absence
25.92587335723218,91.68933370701663,2014-06-27,20.0,273.0,34.73201976864827,322.59464336859145,0,background_pseudo_absence
26.34082752917283,91.9585404634609,2016-04-18,11.9,55.0,2.6229949491577687,315.0,0,background_pseudo_absence
25.522800724888416,93.15427773935158,2017-05-20,11.0,239.0,9.245369559420672,5.710593137499642,0,background_pseudo_absence
25.328006412379832,93.31313483767505,2017-06-03,49.3,694.0,19.909116675568132,116.56505117707799,0,background_pseudo_absence
26.310669787708683,92.05696127391002,2018-08-24,7.8,51.0,2.0742028577397202,63.43494882292201,0,background_pseudo_absence
24.956359268176225,93.32651699161741,2020-06-02,71.5,282.0,20.127645664862474,315.0,0,background_pseudo_absence
26.303715165850736,91.61990564144742,2018-08-31,0.2,50.0,3.342217432740406,326.30993247402023,0,background_pseudo_absence
26.055179363545744,91.54106152824077,2015-09-01,36.9,50.0,1.3121849935516046,135.0,0,background_pseudo_absence
26.40473939803584,91.69672472197601,2020-06-28,12.8,61.0,1.3121849935516046,135.0,0,background_pseudo_absence
25.88372947857741,91.94772991623675,2020-07-12,25.5,628.0,12.42394414032799,126.02737338510362,0,background_pseudo_absence
26.40301135419169,91.5827866455771,2020-06-26,58.1,53.0,0.9279360212320218,0.0,0,background_pseudo_absence
26.027581986961263,91.62069080622031,2022-06-16,147.1,299.0,7.209749706875432,219.8055710922652,0,background_pseudo_absence
26.384532726635,91.67594164432467,2022-06-16,107.7,53.0,1.3121849935516046,135.0,0,background_pseudo_absence
26.361366417454843,91.66952109020801,2022-06-17,45.8,49.0,1.8553855108258313,90.0,0,background_pseudo_absence
24.967265195832773,92.90627255380919,2022-05-14,62.4,88.0,17.30466568558618,117.89727103094764,0,background_pseudo_absence
24.963075794913664,92.88869983748779,2022-05-16,63.7,52.0,4.629981483311581,216.86989764584402,0,background_pseudo_absence
25.450591989570288,93.0204039204638,2022-05-15,79.8,243.0,17.30466568558618,117.89727103094764,0,background_pseudo_absence
24.710027460544726,92.18290837367383,2014-05-10,4.2,19.0,2.0742028577397202,243.43494882292202,0,background_pseudo_absence
24.95117974559572,92.93229422351385,2022-05-14,62.4,44.0,16.086428455977394,128.15722658736905,0,background_pseudo_absence
26.044155541385205,91.57969886161352,2025-05-31,28.4,55.0,0.0,180.0,0,background_pseudo_absence
25.998525458668496,91.57700430701733,2025-06-06,10.7,339.0,15.621140584019512,169.9920201985587,0,background_pseudo_absence
26.33604602114799,91.62223893366956,2025-06-04,9.0,59.0,1.3121849935516046,225.0,0,background_pseudo_absence
26.11627248675789,91.5195317622855,2025-05-31,22.1,55.0,7.439815764419437,299.74488129694225,0,background_pseudo_absence
25.228043699655696,92.82694309148617,2022-05-14,88.5,950.0,27.948563904500556,148.73626830562256,0,background_pseudo_absence
25.253629120228084,92.78181034308938,2022-05-14,76.0,1107.0,21.508850397836444,80.53767779197437,0,background_pseudo_absence
25.54582938005856,92.85143113792425,2022-06-16,105.3,270.0,10.264313835624149,10.304846468766033,0,background_pseudo_absence
25.885905940218983,91.38170559913878,2014-07-17,7.3,332.0,2.6229949491577687,45.0,0,background_pseudo_absence
25.94299773367021,91.08051710960048,2014-09-23,0.1,56.0,4.721262686570613,101.30993247402021,0,background_pseudo_absence
25.97141219877608,91.67746457071641,2008-12-26,1.0,421.0,28.5562403739111,143.47114463301483,0,background_pseudo_absence
26.34753517527413,91.64653745120785,2025-05-31,8.8,55.0,0.0,180.0,0,background_pseudo_absence
26.204611536321732,92.11438752721654,2025-07-05,19.7,53.0,1.3121849935516046,135.0,0,background_pseudo_absence
26.31539997687034,92.05062067521048,2025-06-05,3.1,53.0,0.9279360212320218,270.0,0,background_pseudo_absence
25.804219110891825,93.28848364641527,2025-06-05,0.5,444.0,8.687697741509377,147.9946167919165,0,background_pseudo_absence
25.543207920838217,93.29312728450553,2025-06-05,0.0,548.0,19.72452770068585,71.56505117707799,0,background_pseudo_absence
25.665122099093786,91.39603349505778,2014-07-18,7.4,1536.0,8.493137013964589,347.4711922908485,0,background_pseudo_absence
26.176542690556712,92.15257921921935,2024-08-08,42.0,53.0,1.3121849935516046,135.0,0,background_pseudo_absence
27.302544771700312,93.68273957346929,2020-06-25,107.5,1427.0,41.77544071371367,315.0,0,background_pseudo_absence
27.01512627616339,93.95530768409074,2016-07-16,29.6,83.0,1.8553855108258313,180.0,0,background_pseudo_absence
27.330114824080322,93.59367984226022,2016-07-17,5.8,1988.0,6.468497581602584,180.0,0,background_pseudo_absence
26.97943184005593,93.81351831356798,2016-07-17,4.0,88.0,10.463140171287812,105.25511870305779,0,background_pseudo_absence
27.38895097520192,93.63994549837011,2016-07-17,5.0,1404.0,9.063543582687329,203.96248897457818,0,background_pseudo_absence
27.064496663457483,93.90539788032588,2016-07-17,4.1,93.0,2.6229949491577687,225.0,0,background_pseudo_absence
27.128944161215735,93.86162486161658,2016-07-17,4.1,103.0,4.721262686570613,191.3099324740202,0,background_pseudo_absence
27.15331106142689,93.93547069203936,2016-07-16,48.0,93.0,2.0742028577397202,116.56505117707799,0,background_pseudo_absence
27.252728503811145,93.575106513659,2020-06-25,105.2,1199.0,18.804811394848315,177.27368900609375,0,background_pseudo_absence
27.5341911472369,91.72739811312594,2016-04-22,25.5,1958.0,11.924651814200722,327.5288077091515,0,background_pseudo_absence
27.711044258845202,91.69936871520079,2016-04-22,33.2,3149.0,25.04158696046686,213.69006752597977,0,background_pseudo_absence
27.746068446677032,91.66788269142454,2016-04-23,4.4,3973.0,34.533118377356956,26.56505117707799,0,background_pseudo_absence
27.60038128967675,91.63961873747374,2016-04-22,18.3,2533.0,28.29854340732082,316.2188752351313,0,background_pseudo_absence
27.82842943053799,91.94934240944849,2016-04-22,17.8,4763.0,24.408731306426937,92.04540848888723,0,background_pseudo_absence
27.51985344390988,91.7766307370196,2016-04-23,0.8,1493.0,54.962492523981105,91.95250904939961,0,background_pseudo_absence
27.847378776621383,91.89782809196757,2016-04-23,3.1,4887.0,21.2759986799005,16.927513064147043,0,background_pseudo_absence
27.38622008074426,91.96719417339148,2016-04-22,7.8,3525.0,22.53084716070403,231.3401917459099,0,background_pseudo_absence
27.52119719419436,91.7832618299463,2016-04-22,21.6,1395.0,52.936635709382834,172.26640190097714,0,background_pseudo_absence
27.361373875163903,91.97614606520156,2016-04-23,1.3,4170.0,16.582341747620916,45.0,0,background_pseudo_absence
27.771561182404493,91.72799039776429,2016-04-22,13.9,2412.0,30.06227570412638,342.07208023799274,0,background_pseudo_absence
27.49565966276109,91.99314225016063,2016-04-23,1.4,4166.0,22.107853151924704,94.57392125990086,0,background_pseudo_absence
27.482543236809263,91.85343384199295,2016-04-23,1.6,3977.0,24.73499369155758,349.87532834460217,0,background_pseudo_absence
28.43989910988678,95.71719184046135,2024-04-24,8.8,1440.0,9.895474196375124,248.19859051364818,0,background_pseudo_absence
28.49535775851041,95.99308657176067,2024-04-24,13.3,3607.0,24.531855912784607,27.47443162627713,0,background_pseudo_absence
22.693196716979536,92.57279656426813,2018-06-14,30.5,336.0,36.19430626059956,207.699472808055,0,background_pseudo_absence
24.520346772739646,93.98949978274162,2007-09-07,18.8,774.0,2.7818634659843506,0.0,0,background_pseudo_absence
24.679891146217653,93.68907103111725,2010-06-10,2.8,810.0,13.68485075850491,86.18592516570965,0,background_pseudo_absence
24.844197317097695,93.14819775381685,2018-08-02,0.6,89.0,12.681217315058879,239.74356283647074,0,background_pseudo_absence
24.706523310808453,93.56398037346993,2007-06-16,27.4,1248.0,38.667999506349744,305.94211187138234,0,background_pseudo_absence
24.63533907860049,93.61934856443834,2007-09-10,5.5,509.0,17.194283995818935,353.99099404250546,0,background_pseudo_absence
24.908960483842606,93.34031907322665,2008-07-01,2.0,837.0,35.11551919769701,172.0565281894096,0,background_pseudo_absence
24.996327964978665,93.34705941774456,2007-09-12,2.0,210.0,9.937188946144895,303.69006752597977,0,background_pseudo_absence
24.891138283427612,93.31036019183195,2008-06-19,4.7,657.0,10.102186599671455,180.0,0,background_pseudo_absence
24.713941452951378,93.45520731854108,2010-06-05,11.6,337.0,22.972810499742813,83.418055344822,0,background_pseudo_absence
25.01145501827964,93.25818915711838,2008-06-19,5.0,120.0,12.901576560483171,81.86989764584403,0,background_pseudo_absence
25.09218101842915,94.20924616372076,2018-06-06,0.9,966.0,18.94259587231848,70.70995378081128,0,background_pseudo_absence
24.83476035757528,94.06867604771561,2018-06-12,115.4,903.0,8.344059777303649,173.6598082540901,0,background_pseudo_absence
25.171186545429563,93.62896238249274,2018-06-22,13.2,1458.0,25.054786060505464,165.96375653207352,0,background_pseudo_absence
24.982899498068093,93.35027148322553,2018-05-03,0.6,260.0,20.50256684545169,175.0302592718897,0,background_pseudo_absence
25.06823276940532,93.60497395882699,2007-08-24,0.2,991.0,14.636885137320926,240.25511870305778,0,background_pseudo_absence
25.175113805069934,93.46901344964567,2007-08-28,4.6,1670.0,25.04158696046686,236.3099324740202,0,background_pseudo_absence
25.149797455148878,93.3998424720421,2007-08-28,15.6,603.0,18.28119733544922,348.69006752597977,0,background_pseudo_absence
24.982564768089382,93.76173850986827,2007-08-28,13.9,2037.0,34.256544571104186,177.27368900609375,0,background_pseudo_absence
24.757145884602934,94.23588734405179,2007-08-28,17.9,1062.0,15.190206068732346,162.6459753637387,0,background_pseudo_absence
24.991851391348717,93.24254831958214,2007-08-28,27.3,149.0,1.3121849935516046,135.0,0,background_pseudo_absence
25.111222056024374,94.13084415985878,2007-08-28,45.8,824.0,3.931063454702078,45.0,0,background_pseudo_absence
25.216442054099453,92.56473942124366,2018-07-11,20.0,783.0,16.993337545769563,327.9946167919165,0,background_pseudo_absence
25.561078364225306,93.87854780301855,2007-09-09,8.4,1066.0,9.200273103792915,323.13010235415595,0,background_pseudo_absence
25.01844157688264,93.32949892617425,2024-07-29,109.2,287.0,13.449413880326743,331.6992442339936,0,background_pseudo_absence
24.904814254939154,93.35322186493507,2011-05-31,26.7,303.0,18.46461733977188,320.9061411137705,0,background_pseudo_absence
24.608720064200174,93.6054462198921,2011-07-06,9.3,761.0,22.89748983690034,57.52880770915151,0,background_pseudo_absence
25.896395929221036,91.78965561388833,2011-06-26,16.5,366.0,23.562803440429995,15.068488159492212,0,background_pseudo_absence
24.98455136243039,93.6765838501746,2010-06-08,59.2,1129.0,26.851643743155478,277.3523793598924,0,background_pseudo_absence
24.635354995785782,93.76368639824305,2010-06-08,24.6,802.0,6.533604276522507,278.13010235415595,0,background_pseudo_absence
24.8577001085589,94.13079469977686,2010-03-28,24.8,887.0,5.626749308445709,279.4623222080256,0,background_pseudo_absence
24.95417696658795,94.4584041321899,2015-07-30,54.4,1989.0,19.481072140033923,105.94539590092286,0,background_pseudo_absence
24.697139761373084,93.68074920541878,2025-05-31,51.7,728.0,29.183421610724324,240.4612177404419,0,background_pseudo_absence
25.11995312834142,93.67669077995741,2025-06-05,1.8,1036.0,20.16375853629382,311.4236656250026,0,background_pseudo_absence
24.94474813161003,92.41501084739326,2018-05-07,16.0,19.0,3.342217432740406,146.30993247402023,0,background_pseudo_absence
25.308231215457983,92.35973911916088,2007-07-31,35.9,1048.0,4.721262686570613,11.309932474020213,0,background_pseudo_absence
25.223634522270167,92.47885814226565,2007-07-31,61.8,973.0,10.102186599671455,90.0,0,background_pseudo_absence
24.967876063208386,91.30934974445121,2008-08-12,24.0,9.0,1.8553855108258313,180.0,0,background_pseudo_absence
25.071021092908236,91.02909720822315,2008-08-10,45.2,5.0,1.8553855108258313,180.0,0,background_pseudo_absence
25.192378075525006,91.88276346577102,2022-04-04,55.6,42.0,4.721262686570613,258.69006752597977,0,background_pseudo_absence
25.183458235507878,91.9671130216263,2009-06-29,36.4,178.0,4.984909337853947,68.19859051364818,0,background_pseudo_absence
25.093845395846483,91.41203617158482,2013-08-06,40.4,8.0,2.0742028577397202,243.43494882292202,0,background_pseudo_absence
25.09293101309539,91.4860496260928,2007-07-19,28.8,9.0,1.3121849935516046,45.0,0,background_pseudo_absence
25.085402754730588,91.31250643238478,2007-07-19,18.5,8.0,0.9279360212320218,180.0,0,background_pseudo_absence
25.20546845687584,91.92009327751335,2007-07-19,54.5,515.0,7.032045647403496,336.8014094863518,0,background_pseudo_absence
25.140793261708794,91.50567542935549,2007-07-19,28.8,18.0,3.7068879296023667,270.0,0,background_pseudo_absence
25.177081781656476,92.04059082108128,2007-07-19,55.4,40.0,6.468497581602584,0.0,0,background_pseudo_absence
25.412679244398536,91.24185708520871,2007-06-16,76.1,1309.0,10.463140171287813,307.8749836510982,0,background_pseudo_absence
25.615918197762284,91.4678576193456,2007-06-16,74.8,1366.0,17.194283995818935,276.00900595749454,0,background_pseudo_absence
25.640577335736143,91.41582246667258,2007-08-18,4.8,1322.0,17.886034144658236,252.47443162627712,0,background_pseudo_absence
25.60615782349633,90.76159447539465,2007-08-18,12.8,341.0,7.209749706875432,140.1944289077348,0,background_pseudo_absence
25.188592589528437,91.5367242320146,2007-08-18,6.8,62.0,14.364517033192879,55.30484646876603,0,background_pseudo_absence
25.625503907986978,92.14781892313933,2007-08-18,0.5,975.0,14.198148890428074,320.1944289077348,0,background_pseudo_absence
25.437740263021546,91.1855216505018,2007-08-18,5.9,960.0,27.12119296363576,304.695153531234,0,background_pseudo_absence
25.206424661852353,91.87144114206443,2009-07-17,13.1,582.0,5.235041214894499,315.0,0,background_pseudo_absence
25.458668179461355,91.09639612074942,2007-07-17,82.8,847.0,21.259230523293123,357.6140559696112,0,background_pseudo_absence
25.37678006633793,91.12368302902222,2007-07-25,250.3,657.0,25.471576768695083,287.81888891452274,0,background_pseudo_absence
25.6122017696481,91.77267275989904,2007-07-19,70.4,1499.0,25.676025595510932,212.6192430711928,0,background_pseudo_absence
25.47288109671884,91.11901256482706,2007-07-19,20.2,1048.0,7.383000861593449,0.0,0,background_pseudo_absence
25.594915996440257,90.39405571861504,2007-07-27,82.0,743.0,9.597985496774518,196.6992442339936,0,background_pseudo_absence
25.396353587691035,91.18784926612065,2007-07-25,296.2,1059.0,2.6229949491577687,45.0,0,background_pseudo_absence
25.381099422427738,91.05419330900828,2007-07-25,250.3,377.0,1.3121849935516046,315.0,0,background_pseudo_absence
25.626821687568388,92.16323114322591,2009-07-01,96.5,1024.0,15.190206068732346,197.3540246362613,0,background_pseudo_absence
25.447862317984658,92.3759466809556,2009-07-01,39.9,1239.0,20.919948819847768,323.6156481841641,0,background_pseudo_absence
25.569954229238924,92.23084324935743,2009-07-01,96.5,1210.0,12.42394414032799,143.9726266148964,0,background_pseudo_absence
25.62761748939995,92.21250520907596,2009-07-01,96.5,1069.0,1.8553855108258313,270.0,0,background_pseudo_absence
25.601423846266357,92.0092193251711,2009-07-01,109.7,1161.0,16.766544495336266,216.25383773744477,0,background_pseudo_absence
25.72175900547239,92.0874548492203,2007-09-08,93.9,1022.0,2.0742028577397202,296.565051177078,0,background_pseudo_absence
25.69759596198563,92.09097565792145,2014-09-23,19.1,905.0,17.457734943636545,325.4914770123316,0,background_pseudo_absence
25.641689879181502,92.14615772897788,2024-05-27,88.5,893.0,21.574737330164155,214.99202019855866,0,background_pseudo_absence
25.814705356431872,92.11469227308152,2017-06-17,46.1,1001.0,17.78018065676211,315.0,0,background_pseudo_absence
25.60088497098603,91.0021115288817,2007-09-15,4.9,930.0,12.963755336595014,50.710593137499636,0,background_pseudo_absence
25.824067193266256,91.40616611668575,2007-09-15,8.6,433.0,12.423944140327988,197.10272896905238,0,background_pseudo_absence
25.748097565257577,90.89615112591733,2007-09-15,13.2,632.0,5.848894052728543,161.565051177078,0,background_pseudo_absence
25.66916893591786,92.02785977503902,2007-09-15,8.9,895.0,7.439815764419437,299.74488129694225,0,background_pseudo_absence
25.92329974515372,91.61549520941071,2014-09-23,2.8,401.0,18.03290603130827,5.710593137499642,0,background_pseudo_absence
25.99373127935862,91.74846032722844,2014-09-20,27.5,385.0,22.684655637863134,305.5376777919744,0,background_pseudo_absence
25.64787358986244,92.17455852110935,2020-05-25,39.1,1049.0,12.681217315058879,149.74356283647072,0,background_pseudo_absence
25.459195562466103,92.36977445910547,2020-05-26,243.3,1275.0,5.626749308445709,9.462322208025618,0,background_pseudo_absence
25.611869124968944,91.7378391861788,2024-10-04,26.3,1451.0,30.091428789837806,153.434948822922,0,background_pseudo_absence
25.07639384616523,91.9530353439313,2020-06-26,106.4,13.0,2.7818634659843506,90.0,0,background_pseudo_absence
25.191610981956305,92.10322222186976,2020-05-26,106.2,387.0,17.30466568558618,8.972626614896393,0,background_pseudo_absence
25.18415345497625,91.53495515371866,2024-06-15,74.9,125.0,24.22920232981964,329.74356283647074,0,background_pseudo_absence
25.04459559701545,91.36302460878014,2024-06-17,109.1,12.0,0.9279360212320218,180.0,0,background_pseudo_absence
25.650987872132166,92.08790073744662,2024-07-06,0.8,888.0,13.148283597230236,146.30993247402023,0,background_pseudo_absence
25.156817773756284,91.87470706162878,2025-05-30,36.7,13.0,1.8553855108258313,90.0,0,background_pseudo_absence
25.63803099120974,91.79074494605084,2025-05-30,107.6,1100.0,3.8206397490046036,104.03624346792648,0,background_pseudo_absence
25.60966499105457,91.74079825148337,2025-05-30,120.1,1648.0,20.502566845451685,197.65012421993012,0,background_pseudo_absence
25.133430984115936,91.84727402795507,2025-05-31,122.5,14.0,2.6229949491577687,315.0,0,background_pseudo_absence
25.117867065120546,91.86180825585465,2025-05-31,122.5,14.0,1.3121849935516046,45.0,0,background_pseudo_absence
25.23775918116486,92.0171539001555,2025-05-31,110.9,719.0,9.467405787657809,240.94539590092285,0,background_pseudo_absence
25.410334837726754,91.66438063972686,2010-08-27,10.1,1642.0,3.931063454702078,315.0,0,background_pseudo_absence
25.775127657377922,91.98669761447721,2010-06-28,56.3,1074.0,7.032045647403496,23.19859051364819,0,background_pseudo_absence
25.40580609422341,91.67193774470586,2010-06-28,60.7,1667.0,3.7068879296023667,0.0,0,background_pseudo_absence
25.678107046592554,91.77515573499436,2010-06-28,76.5,935.0,19.310139893239235,123.69006752597979,0,background_pseudo_absence
24.988341404112006,92.18437832771556,2010-04-22,35.8,15.0,0.9279360212320218,0.0,0,background_pseudo_absence
25.254987289572252,92.35344521395031,2010-04-22,106.5,852.0,1.8553855108258313,90.0,0,background_pseudo_absence
25.266115166123846,92.28644816322407,2010-04-22,162.3,779.0,4.629981483311581,0.0,0,background_pseudo_absence
25.037868590817215,92.20507919274108,2010-04-22,35.8,14.0,1.3121849935516046,135.0,0,background_pseudo_absence
25.1935733456637,92.17365110408998,2010-04-22,120.1,494.0,4.629981483311581,306.869897645844,0,background_pseudo_absence
24.953653362757436,92.30840632385664,2010-04-22,60.3,14.0,0.9279360212320218,90.0,0,background_pseudo_absence
25.175963048402938,92.58921146136538,2010-04-22,92.1,661.0,29.81731402116416,132.70938995736148,0,background_pseudo_absence
25.76307381135316,92.06133438879323,2011-06-26,7.9,1033.0,13.887085419725583,328.3924977537511,0,background_pseudo_absence
25.713716892557212,92.15103541404028,2019-07-10,106.3,817.0,7.932039610301627,35.53767779197438,0,background_pseudo_absence
25.09879950916324,91.46779567935633,2019-07-07,2.8,10.0,0.0,180.0,0,background_pseudo_absence
25.106695081094177,91.23006098959267,2019-06-27,109.6,12.0,1.8553855108258313,0.0,0,background_pseudo_absence
25.159248139694512,91.60982999844431,2019-06-27,167.9,19.0,3.8206397490046036,345.96375653207355,0,background_pseudo_absence
25.01841878545866,91.41703805187323,2019-06-27,144.4,13.0,2.0742028577397202,206.565051177078,0,background_pseudo_absence
25.623373704919317,92.41003578121142,2020-05-26,149.2,899.0,7.032045647403496,203.19859051364818,0,background_pseudo_absence
25.297452023803768,92.22975901036337,2020-05-26,187.2,1000.0,23.84978237328342,81.57303097851933,0,background_pseudo_absence
25.380727539707408,92.31159959241961,2020-05-26,251.4,1291.0,3.8206397490046036,14.036243467926479,0,background_pseudo_absence
25.360504728341347,92.39690152658356,2020-05-26,191.3,1109.0,1.8553855108258313,0.0,0,background_pseudo_absence
25.219840747697017,92.20413557598548,2020-05-26,184.8,705.0,7.932039610301627,234.46232220802563,0,background_pseudo_absence
25.594891059542,92.21793935462428,2020-05-26,123.0,1167.0,2.6229949491577687,225.0,0,background_pseudo_absence
25.193266712912436,92.17798354141794,2020-05-26,184.8,489.0,0.9279360212320218,270.0,0,background_pseudo_absence
25.267636413955625,90.91731505967941,2022-06-17,131.5,728.0,6.725013241134402,285.94539590092285,0,background_pseudo_absence
25.160829716276883,91.92079142757815,2023-04-13,0.0,16.0,1.3121849935516046,315.0,0,background_pseudo_absence
25.292994586249275,92.26297220255911,2023-08-10,0.4,1039.0,6.533604276522507,81.86989764584403,0,background_pseudo_absence
25.56891513461821,91.41895949669697,2024-06-28,7.6,1659.0,15.794492433669825,23.629377730656817,0,background_pseudo_absence
25.184077436853638,91.73355023987946,2024-05-28,89.5,251.0,15.190206068732346,342.64597536373867,0,background_pseudo_absence
25.379378829904827,91.19322426778001,2024-06-15,157.3,1023.0,10.102186599671455,180.0,0,background_pseudo_absence
25.355202931928854,91.2352061576369,2024-05-28,25.2,1000.0,16.766544495336266,53.74616226255522,0,background_pseudo_absence
25.45966375072112,91.14227714173633,2024-07-02,1.3,1004.0,25.789908497682188,346.4295656148385,0,background_pseudo_absence
25.309441374349955,91.16578638905193,2024-07-02,2.8,441.0,17.970147878806134,92.86240522611175,0,background_pseudo_absence
25.734743572302527,92.08424073438148,2024-07-02,9.5,1017.0,10.102186599671455,270.0,0,background_pseudo_absence
25.795329827450534,92.10816370060718,2024-07-02,6.3,843.0,19.271883297492856,193.3924977537511,0,background_pseudo_absence
25.850037447496707,92.08129022073187,2024-07-02,4.1,766.0,11.147013511080369,9.462322208025618,0,background_pseudo_absence
25.64502905691173,91.43735784007954,2025-05-30,70.7,1176.0,10.463140171287812,74.74488129694222,0,background_pseudo_absence
25.83292413518423,91.42039834203321,2025-05-30,86.2,414.0,7.439815764419437,277.1250163489018,0,background_pseudo_absence
25.612801990886172,91.38343825730317,2025-05-30,70.7,1541.0,13.269675986241525,15.945395900922858,0,background_pseudo_absence
25.587941515663683,91.42020919645527,2025-05-30,70.7,1639.0,13.771943767699913,172.40535663140858,0,background_pseudo_absence
25.724065899881627,92.10548303802605,2024-07-01,183.4,1027.0,15.008452298581508,25.016893478100023,0,background_pseudo_absence
25.61784817029991,91.76243810236382,2024-07-01,188.1,1351.0,27.409248698093343,128.6598082540901,0,background_pseudo_absence
25.763609938625976,92.00896277973203,2025-05-30,101.8,971.0,15.086665856187206,122.7352262721076,0,background_pseudo_absence
25.63696061491957,92.05849610533785,2025-05-30,82.9,1024.0,11.71824894100145,141.34019174590992,0,background_pseudo_absence
25.668299219630057,92.08654470822029,2024-06-30,109.5,924.0,23.77852044608502,216.0273733851036,0,background_pseudo_absence
25.177284327075174,91.90212612769801,2025-05-31,98.6,18.0,3.8206397490046036,284.03624346792645,0,background_pseudo_absence
25.211254209594063,91.79211041039855,2025-05-30,36.0,407.0,34.14307026704531,130.15599962491933,0,background_pseudo_absence
25.890111542654203,92.04728480706812,2024-06-30,114.6,768.0,18.1368887228541,98.53076560994813,0,background_pseudo_absence
25.880776988605884,91.80390307911466,2025-05-30,115.1,630.0,12.776185407118922,270.0,0,background_pseudo_absence
25.611029408961123,91.74726491448583,2025-07-02,24.5,1616.0,32.51624850771436,152.78388844269253,0,background_pseudo_absence
25.46613814349893,91.16541239864308,2025-05-30,66.2,1132.0,7.82546186469383,45.0,0,background_pseudo_absence
25.093060984506057,91.37379706345774,2025-05-30,31.6,9.0,2.0742028577397202,63.43494882292201,0,background_pseudo_absence
25.743891411468447,92.0822913305811,2024-06-30,109.5,887.0,2.932085702984153,18.434948822922014,0,background_pseudo_absence
25.74359977949444,92.007005040503,2024-06-30,153.4,846.0,3.342217432740406,236.3099324740202,0,background_pseudo_absence
25.703771600413244,92.0866922211907,2025-05-30,87.0,1084.0,23.032809237825163,310.3645365730973,0,background_pseudo_absence
25.855195457456094,92.10981223431527,2025-05-30,88.5,1051.0,7.209749706875432,309.8055710922652,0,background_pseudo_absence
25.9924256635189,91.71050992384531,2024-06-14,17.8,328.0,3.931063454702078,135.0,0,background_pseudo_absence
25.75589544703908,91.7724548377085,2024-07-14,6.0,676.0,8.493137013964587,310.6012946450045,0,background_pseudo_absence
25.63514763435417,91.32054451206241,2024-07-02,3.6,1501.0,15.008452298581508,244.98310652189997,0,background_pseudo_absence
25.829307276870395,91.10240257055857,2024-07-02,6.7,111.0,10.264313835624149,169.69515353123398,0,background_pseudo_absence
25.637066011012326,90.97686795495822,2024-07-02,3.6,783.0,13.056391486086502,65.22485943116808,0,background_pseudo_absence
25.890255866002956,91.73235420007117,2025-05-29,65.1,499.0,13.449413880326743,331.6992442339936,0,background_pseudo_absence
25.62286139392586,91.37407126853925,2025-05-30,70.7,1505.0,21.259230523293123,87.61405596961119,0,background_pseudo_absence
25.912279040140337,91.77685818028323,2025-06-25,31.7,459.0,20.16375853629382,41.423665625002656,0,background_pseudo_absence
25.652017484658053,91.46151990957881,2024-10-08,0.6,1025.0,43.802394884422284,85.15599962491933,0,background_pseudo_absence
25.643475358269132,91.75977509292944,2024-08-06,5.0,1020.0,13.91569835366549,168.6900675259798,0,background_pseudo_absence
25.657487678401637,91.38720470552543,2024-08-06,7.2,1590.0,8.493137013964589,192.52880770915152,0,background_pseudo_absence
25.92978991350203,91.76480192381388,2025-05-30,115.1,283.0,19.23352658896059,68.19859051364818,0,background_pseudo_absence
25.947855439552754,91.70256382941798,2025-05-30,103.4,287.0,19.780145646776432,144.16234704572173,0,background_pseudo_absence
25.706463676659407,91.46769377931216,2025-05-28,21.1,755.0,20.782093658732848,129.8055710922652,0,background_pseudo_absence
25.912872405227468,91.61480469059137,2025-05-28,21.9,503.0,5.395220320479603,239.03624346792648,0,background_pseudo_absence
25.894466314524223,91.50223985043658,2025-06-25,10.2,116.0,27.271611915534738,43.72696997994329,0,background_pseudo_absence
25.623270827645957,91.49871883031471,2024-05-28,68.7,1349.0,24.62697238851986,147.9946167919165,0,background_pseudo_absence
25.662343199268623,91.46280985722184,2024-05-28,51.6,803.0,37.17384218703798,70.01689347810003,0,background_pseudo_absence
25.660039854590465,91.7671889469243,2025-06-11,20.2,966.0,15.571183877747195,125.53767779197437,0,background_pseudo_absence
25.8599998823122,91.50196713872488,2025-06-11,8.6,243.0,23.548317867078076,131.98721249581666,0,background_pseudo_absence
25.758575890960866,91.77498987591521,2025-06-11,18.9,649.0,16.58234174762092,112.38013505195958,0,background_pseudo_absence
25.7048247808144,91.44872297658142,2024-05-29,25.4,891.0,27.12119296363576,214.69515353123398,0,background_pseudo_absence
25.855625289770593,91.54809375776304,2024-05-29,26.5,472.0,22.684655637863134,125.53767779197437,0,background_pseudo_absence
25.848738325740936,91.51360019630106,2024-05-29,21.5,384.0,23.152127453506672,204.6235647861636,0,background_pseudo_absence
25.71145176338674,91.46558800952124,2024-08-28,13.6,811.0,21.574737330164155,55.007979801441344,0,background_pseudo_absence
25.638694853144585,91.4881191787868,2025-05-31,107.9,1205.0,19.575184147076893,210.06858282186244,0,background_pseudo_absence
25.83528601788084,91.53644251727434,2025-05-31,32.7,328.0,7.932039610301627,305.5376777919744,0,background_pseudo_absence
25.777725567266383,91.76915924923298,2025-08-19,3.7,698.0,2.0742028577397202,63.43494882292201,0,background_pseudo_absence
23.62848519799799,92.48170381357217,2007-09-08,160.5,529.0,37.39877041667205,323.6156481841641,0,background_pseudo_absence
23.743270179771848,92.52393775804711,2024-05-28,60.7,87.0,25.789908497682188,129.5596679689945,0,background_pseudo_absence
23.841986391088508,92.54117541792971,2024-05-28,66.5,387.0,22.972810499742813,96.58194465517802,0,background_pseudo_absence
23.70227416753165,92.54517424808729,2024-05-28,60.7,690.0,9.109363717844644,225.0,0,background_pseudo_absence
23.676779172756873,92.55916361368159,2024-05-28,65.6,551.0,21.80315195374203,21.370622269343183,0,background_pseudo_absence
23.87787110258597,92.5393617102164,2024-05-28,62.6,419.0,20.127645664862474,45.0,0,background_pseudo_absence
23.753826387776343,92.5576831253009,2024-05-28,70.9,626.0,32.47427983159386,75.25643716352927,0,background_pseudo_absence
23.861541008572562,92.55358812282385,2024-05-28,74.8,378.0,16.46592430515794,279.4623222080256,0,background_pseudo_absence
23.767758692960452,92.49001642452971,2024-05-28,66.5,267.0,32.94649088576837,358.56790381583534,0,background_pseudo_absence
23.827211671202097,92.53362808653519,2024-05-28,66.5,236.0,14.36451703319288,341.565051177078,0,background_pseudo_absence
23.80598462877375,92.54524379269617,2024-05-28,66.5,418.0,17.30466568558618,27.897271030947632,0,background_pseudo_absence
23.632039054827285,92.53148408212466,2024-05-28,54.7,525.0,25.277539722463967,84.0938588862295,0,background_pseudo_absence
23.768295646579887,92.56868963514147,2024-05-28,70.9,860.0,26.67343352716065,88.15238973400541,0,background_pseudo_absence
23.7106929357337,92.57000070648982,2024-05-28,65.6,1047.0,15.571183877747195,305.5376777919744,0,background_pseudo_absence
23.631684191132905,92.53878958606192,2024-05-28,54.7,775.0,25.277539722463967,120.96375653207352,0,background_pseudo_absence
23.750049206081187,92.47322343679842,2024-05-28,66.5,623.0,19.556409699933386,46.8476102659946,0,background_pseudo_absence
23.82140631505606,92.55382274495594,2024-05-28,70.9,502.0,22.83697312304369,90.0,0,background_pseudo_absence
23.698293705403717,92.566494312633,2024-05-28,65.6,961.0,29.81731402116416,222.70938995736145,0,background_pseudo_absence
23.619687905863973,92.58183831624932,2024-05-28,60.9,812.0,16.348487945250483,6.34019174590991,0,background_pseudo_absence
23.57496922966187,92.55471551432693,2024-05-28,60.9,713.0,12.423944140327988,162.89727103094762,0,background_pseudo_absence
23.79739741884109,92.49055401589496,2024-05-28,66.5,777.0,37.003038397877994,298.2173558547293,0,background_pseudo_absence
23.763344661440744,92.99657489093437,2024-05-28,77.8,912.0,41.60131979214876,141.66665989090137,0,background_pseudo_absence
23.8375382626925,92.52113106832066,2024-05-28,66.5,140.0,26.225371458157145,170.53767779197437,0,background_pseudo_absence
23.846518499348587,92.53279288986633,2024-05-28,66.5,308.0,20.782093658732848,39.80557109226519,0,background_pseudo_absence
23.752013585488235,92.52927181274931,2024-05-28,66.5,123.0,22.107853151924704,94.57392125990086,0,background_pseudo_absence
23.838008482327904,92.54334136756944,2024-05-28,66.5,463.0,33.141328266782416,133.99491399474581,0,background_pseudo_absence
23.9049087564471,92.53164886842104,2024-05-28,62.6,113.0,21.12442035770617,146.97613244420336,0,background_pseudo_absence
23.72012990688349,92.4936240079681,2024-05-28,60.7,916.0,46.698455174471526,102.33908727832619,0,background_pseudo_absence
23.844741650234702,92.60185711734698,2024-05-28,70.9,379.0,4.984909337853947,291.8014094863518,0,background_pseudo_absence
23.722252843156742,92.54458832751864,2024-05-28,60.7,545.0,19.481072140033923,164.05460409907715,0,background_pseudo_absence
23.802336814716625,92.55243440963139,2024-05-28,70.9,517.0,14.2260349438547,116.56505117707799,0,background_pseudo_absence
23.73327413750203,92.55104221816897,2024-05-28,65.6,521.0,27.2370218822711,24.145541960421653,0,background_pseudo_absence
23.626864602956452,92.51841800444782,2024-05-28,54.7,131.0,10.73476703513389,19.983106521899984,0,background_pseudo_absence
23.68571529646611,92.466052512439,2024-05-28,60.7,379.0,9.597985496774518,16.69924423399362,0,background_pseudo_absence
23.565883646989203,92.54667410409674,2024-05-28,54.7,394.0,18.15759410950945,159.77514056883192,0,background_pseudo_absence
23.78365543017532,92.51326003532552,2024-05-28,66.5,244.0,25.92802561114133,358.0908475670036,0,background_pseudo_absence
23.864963586138792,92.52863017380591,2024-05-28,62.6,170.0,29.316229592796134,326.76828893202065,0,background_pseudo_absence
23.78295781377663,92.4776331685588,2024-05-28,66.5,660.0,37.43595138576726,276.0724564072077,0,background_pseudo_absence
23.665161313041985,92.49978055558314,2024-05-28,60.7,293.0,26.027744261551277,264.28940686250036,0,background_pseudo_absence
23.627005821817722,92.46235437662287,2024-05-28,54.7,694.0,20.71269408937921,170.13419305691565,0,background_pseudo_absence
23.765089218781146,92.5210167843625,2023-09-19,33.1,99.0,21.242444005519644,270.0,0,background_pseudo_absence
23.589272104534693,92.56038245869593,2024-05-28,60.9,755.0,17.694919669448474,66.03751102542182,0,background_pseudo_absence
23.589021153198,92.45228527124702,2024-05-28,54.7,784.0,17.949166406534854,233.13010235415598,0,background_pseudo_absence
23.708009958219414,92.53438393724119,2024-05-28,60.7,442.0,35.420134909678005,149.93141717813756,0,background_pseudo_absence
23.648672312504367,92.53784012701274,2024-05-28,54.7,627.0,23.678215865825027,94.23639479905884,0,background_pseudo_absence
23.554892942594847,92.50333594139684,2024-05-28,54.7,541.0,40.884115101163566,197.41797079220285,0,background_pseudo_absence
23.709945562000527,93.00872589123671,2024-05-28,74.8,636.0,30.110835671941867,35.90972307917768,0,background_pseudo_absence
23.761665936952667,92.49491795193822,2024-05-28,66.5,437.0,25.159993081563847,226.39718102729637,0,background_pseudo_absence
23.773430823103876,92.9690279000868,2024-05-28,77.8,762.0,16.766544495336266,53.74616226255522,0,background_pseudo_absence
23.463879680610873,92.55650030689073,2024-05-28,74.4,264.0,16.628628343803175,12.528807709151511,0,background_pseudo_absence
23.58176189463728,92.47780053131211,2023-10-02,2.7,339.0,20.073312434918684,282.80426606528675,0,background_pseudo_absence
23.51487151832032,92.53956007720996,2024-05-28,54.3,658.0,15.819069972618745,210.96375653207352,0,background_pseudo_absence
23.6534672154384,92.48074169363755,2024-05-28,60.7,668.0,26.945903038199187,210.65066795705286,0,background_pseudo_absence
23.63258155537437,92.46147824827105,2024-05-28,54.7,698.0,19.310139893239235,33.690067525979785,0,background_pseudo_absence
23.67149743746886,92.43332183475361,2024-05-28,55.6,709.0,34.81964588244764,332.24145939894,0,background_pseudo_absence
23.476232079261177,92.54806134751425,2024-05-28,54.3,474.0,22.484408950457873,300.579226872489,0,background_pseudo_absence
23.6805551011972,92.44259233900067,2024-05-28,55.6,561.0,6.201003022931327,206.565051177078,0,background_pseudo_absence
23.621332489609728,92.99114791960896,2024-05-28,75.4,759.0,27.81538198732142,252.12130340415865,0,background_pseudo_absence
23.722489416142096,92.5126558731426,2024-05-28,60.7,204.0,16.014049341663906,253.6104596659652,0,background_pseudo_absence
23.51838536229916,92.50281829773095,2024-05-28,54.3,421.0,36.30097835002506,345.96375653207355,0,background_pseudo_absence
23.593174951736128,92.48459424247825,2024-05-28,54.7,467.0,36.05321706872178,20.85445803957835,0,background_pseudo_absence
23.6978114121737,92.9995140105633,2024-05-28,74.8,937.0,32.21165894240489,342.030860259843,0,background_pseudo_absence
23.788000816837112,92.95564851468298,2024-05-28,77.8,1304.0,50.33729360133113,345.21727395738435,0,background_pseudo_absence
23.468408210030375,92.55119839143613,2024-05-28,74.4,322.0,10.142982071736865,354.8055710922652,0,background_pseudo_absence
23.823673049614687,92.54136879175282,2024-05-28,66.5,279.0,36.56460009815666,31.6075022462489,0,background_pseudo_absence
23.713069584378133,92.50291316013032,2024-05-28,60.7,529.0,32.21165894240489,287.969139740157,0,background_pseudo_absence
23.799604049800173,92.52371069588848,2024-05-28,66.5,94.0,9.597985496774518,286.6992442339936,0,background_pseudo_absence
23.610949683394715,92.56185340900461,2024-05-28,60.9,418.0,22.484408950457873,59.42077312751099,0,background_pseudo_absence
23.625262243859776,92.54281530812355,2024-05-28,54.7,756.0,18.962173026877313,351.86989764584405,0,background_pseudo_absence
23.719091763187116,92.5854815326058,2024-05-28,65.6,494.0,16.834979945322214,285.52411099675425,0,background_pseudo_absence
23.77558167155941,92.51751427076945,2024-05-28,66.5,182.0,31.620497847327673,324.63753811293094,0,background_pseudo_absence
23.657175787802704,92.48153645214298,2024-05-28,60.7,682.0,27.086284398499632,79.04593735660167,0,background_pseudo_absence
23.698781923435945,92.56151596818655,2024-05-28,65.6,799.0,26.898841100011303,73.30075576600639,0,background_pseudo_absence
23.63886555296117,92.49325837362244,2024-05-28,54.7,396.0,30.673328056017372,235.0079798014413,0,background_pseudo_absence
23.740986626676126,92.52355667789968,2024-05-28,60.7,133.0,30.17858099548764,102.87500155961249,0,background_pseudo_absence
23.701738684497553,92.988575986629,2024-05-28,74.8,1033.0,27.904289431954332,156.5713071912546,0,background_pseudo_absence
23.67506700158502,92.44588015909356,2024-05-28,55.6,512.0,26.887054488102763,333.434948822922,0,background_pseudo_absence
23.652969510110218,92.54563567784147,2024-05-28,60.7,686.0,32.91379211227729,121.70142966950573,0,background_pseudo_absence
23.78460446155044,92.96880346222765,2024-05-28,77.8,910.0,16.58234174762092,292.38013505195954,0,background_pseudo_absence
23.696734039937688,92.5301539323848,2024-05-28,60.7,533.0,26.697307159375704,14.931417178137554,0,background_pseudo_absence
23.839956381559524,92.53819322029183,2024-05-28,66.5,240.0,12.29302516926036,48.01278750418334,0,background_pseudo_absence
23.788177538501387,92.53886681609546,2024-05-28,66.5,223.0,25.62515395752319,101.68936917543918,0,background_pseudo_absence
23.595916608651816,92.44097524407435,2024-05-28,56.6,679.0,23.07765918209022,278.74616226255523,0,background_pseudo_absence
23.665791479064648,93.0128380810981,2024-05-28,74.8,786.0,33.141328266782416,187.1250163489018,0,background_pseudo_absence
23.563589183603753,92.47993305085326,2024-05-28,54.7,507.0,34.0517195569459,44.028978068920836,0,background_pseudo_absence
23.498018338889185,92.51548143866056,2024-05-28,54.3,482.0,19.72452770068585,288.434948822922,0,background_pseudo_absence
23.52123297540783,92.45441345690399,2024-05-28,54.3,442.0,14.2260349438547,243.43494882292202,0,background_pseudo_absence
23.603963887907103,92.49902157585741,2024-05-28,54.7,316.0,21.00547856578673,242.35402463626133,0,background_pseudo_absence
23.396442092800438,92.47162684911801,2024-05-28,60.4,302.0,42.71840892031782,344.74488129694225,0,background_pseudo_absence
23.528942213493945,92.43038306615587,2024-05-28,37.9,595.0,27.72599208586669,213.69006752597977,0,background_pseudo_absence
23.652652068134767,92.50020868350877,2024-05-28,60.7,233.0,11.036260392791437,311.6335393365702,0,background_pseudo_absence
23.581448125914516,92.42345181342412,2024-05-28,56.6,533.0,27.871005337246196,49.9697407281103,0,background_pseudo_absence
23.38087736815368,92.46613183777497,2024-05-28,60.4,237.0,16.766544495336266,36.25383773744479,0,background_pseudo_absence
23.697024074478772,92.55564456110426,2024-05-28,65.6,563.0,12.29302516926036,311.98721249581666,0,background_pseudo_absence
23.39952888720892,92.48548789580187,2024-05-28,60.4,431.0,39.30195087378101,27.072080237992765,0,background_pseudo_absence
23.501812006964162,92.49118835081572,2024-05-28,54.3,859.0,23.84978237328342,298.44292862436333,0,background_pseudo_absence
23.634158642264413,92.55261485741798,2024-05-28,60.9,680.0,21.309480093681582,311.6335393365702,0,background_pseudo_absence
23.436603741651084,92.56881387918465,2024-05-28,76.9,293.0,16.766544495336266,216.25383773744477,0,background_pseudo_absence
23.63335526492617,92.55906819725912,2024-05-28,60.9,463.0,24.312311376863388,284.5344550805401,0,background_pseudo_absence
23.688932662054995,92.55698134932848,2024-05-28,65.6,607.0,12.423944140327988,107.10272896905238,0,background_pseudo_absence
23.693448171718845,92.57833927831027,2024-05-28,65.6,822.0,16.46592430515794,279.4623222080256,0,background_pseudo_absence
23.508788186986838,92.43893558158335,2024-05-28,37.9,379.0,17.282659845200183,218.65980825409008,0,background_pseudo_absence
23.463628283340217,92.4792955065513,2024-05-28,54.3,334.0,11.890528830593079,112.61986494804043,0,background_pseudo_absence
24.036429278832973,92.69275848817875,2024-05-28,86.3,195.0,18.68565764433915,286.6992442339936,0,background_pseudo_absence
23.940181898082336,92.94546241229506,2024-05-28,81.6,1191.0,38.804808646639195,214.33021719550334,0,background_pseudo_absence
23.876018082862146,92.56945127753117,2024-05-28,74.8,607.0,33.04419851346258,198.8860873697093,0,background_pseudo_absence
23.582708128715005,92.5617302945262,2024-05-28,60.9,836.0,22.437832659372194,64.4400348281762,0,background_pseudo_absence
23.620313297558983,92.50719783299547,2024-05-28,54.7,159.0,23.77852044608502,216.0273733851036,0,background_pseudo_absence
23.83773737402932,92.59442331508669,2024-05-28,70.9,483.0,13.771943767699913,352.40535663140855,0,background_pseudo_absence
23.5232559589448,92.51220434661394,2024-05-28,54.3,454.0,25.212341344031994,296.565051177078,0,background_pseudo_absence
23.573656944806583,92.45373165314729,2024-05-28,54.7,608.0,16.277527661788852,356.8201698801358,0,background_pseudo_absence
23.729346714536955,92.5295940023405,2024-05-28,60.7,326.0,29.183421610724324,119.5387822595581,0,background_pseudo_absence
23.75706412429664,92.53233338278757,2024-05-28,66.5,348.0,27.804234744503912,132.51044707800085,0,background_pseudo_absence
23.70620208380148,92.49028271634585,2024-05-28,60.7,873.0,32.823533556686016,61.504361381755025,0,background_pseudo_absence
23.515097779797518,92.44995628524747,2024-05-28,37.9,301.0,2.7818634659843506,270.0,0,background_pseudo_absence
23.501204549651376,92.4881851038862,2024-05-28,54.3,847.0,22.437832659372194,48.179830119864235,0,background_pseudo_absence
23.750361846886303,92.49117874082457,2024-05-28,66.5,379.0,22.437832659372194,115.55996517182382,0,background_pseudo_absence
23.49566583729654,92.51313412387447,2024-05-28,54.3,626.0,22.09196433171732,208.6104596659652,0,background_pseudo_absence
23.501021662675754,92.50254341920807,2024-05-28,54.3,801.0,42.28151412590286,4.0856167799748775,0,background_pseudo_absence
23.700156533435802,92.57855415624093,2024-05-28,65.6,734.0,17.652093804116898,194.74356283647072,0,background_pseudo_absence
23.750475483897695,92.50766622372545,2024-05-28,66.5,487.0,25.159993081563847,226.39718102729637,0,background_pseudo_absence
23.558797742586695,92.52044335506912,2024-05-28,54.7,265.0,11.328952775354063,104.03624346792648,0,background_pseudo_absence
23.500485027903373,92.52995107779724,2024-05-28,54.3,336.0,36.05321706872178,57.724355685422374,0,background_pseudo_absence
23.793310253252592,92.50124253945509,2024-05-28,66.5,792.0,22.80662735466274,195.64224645720873,0,background_pseudo_absence
23.624585249370394,92.52916906458248,2024-05-28,54.7,418.0,26.898841100011303,16.69924423399362,0,background_pseudo_absence
23.744679928448726,92.44702667083493,2024-05-28,55.6,253.0,2.0742028577397202,26.56505117707799,0,background_pseudo_absence
23.593303154157308,92.51438161512986,2024-05-28,54.7,260.0,0.0,180.0,0,background_pseudo_absence
23.612326995000515,92.58917660112604,2024-05-28,60.9,732.0,31.235441368322913,55.885527054658745,0,background_pseudo_absence
23.798147398746835,92.99141501923974,2024-05-28,77.8,599.0,18.804811394848315,205.34617594194668,0,background_pseudo_absence
23.770961231177125,93.03500752763546,2024-05-28,77.8,714.0,33.8674715700275,171.67434966957316,0,background_pseudo_absence
23.61469228217682,92.55446290323098,2024-05-28,60.9,419.0,17.457734943636545,101.88865803962798,0,background_pseudo_absence
23.76466880541386,92.53775203866448,2024-05-28,66.5,502.0,11.472211019708872,298.6104596659652,0,background_pseudo_absence
23.827097937035425,92.99672563383614,2024-05-28,77.8,780.0,13.538255793378935,227.72631099390625,0,background_pseudo_absence
23.73789001654382,93.01981601743111,2024-05-28,74.8,503.0,17.886034144658236,252.47443162627712,0,background_pseudo_absence
23.83353419226865,92.98470080608068,2024-05-28,77.8,1196.0,22.04420029646475,323.13010235415595,0,background_pseudo_absence
23.632817903666268,92.9837612197093,2024-05-28,75.4,771.0,38.05505467518173,24.44395478041654,0,background_pseudo_absence
23.79396936199113,92.95690360381317,2024-05-28,77.8,1538.0,36.69480385517392,317.64254529406475,0,background_pseudo_absence
23.741727005286254,92.9739381006703,2024-05-28,74.8,956.0,11.71824894100145,128.6598082540901,0,background_pseudo_absence
23.872357981777874,92.97869556990442,2024-05-28,87.6,682.0,4.629981483311581,90.0,0,background_pseudo_absence
23.72403574042549,93.11853770631119,2024-05-28,74.8,1384.0,10.999069742130567,270.0,0,background_pseudo_absence
23.861218475285384,93.00487665058525,2024-05-28,87.6,580.0,19.310139893239235,123.69006752597979,0,background_pseudo_absence
23.843500208886926,93.10335640277145,2024-05-28,83.2,1076.0,21.056567100656416,284.6208739886317,0,background_pseudo_absence
23.937204278099095,92.99944499934979,2024-05-28,87.6,387.0,13.538255793378935,137.72631099390625,0,background_pseudo_absence
23.666468988596662,93.01794578856496,2024-05-28,74.8,623.0,32.423775774539365,199.3589941756947,0,background_pseudo_absence
23.63324415518421,93.01641374900854,2024-05-28,75.4,539.0,21.574737330164155,214.99202019855866,0,background_pseudo_absence
23.642858872546604,92.99883000591164,2024-05-28,75.4,1061.0,40.86425428794378,321.84277341263095,0,background_pseudo_absence
23.628386929118843,93.01151143860959,2024-05-28,75.4,864.0,22.89748983690034,147.52880770915152,0,background_pseudo_absence
23.44556308935423,92.56258094875996,2024-05-28,76.9,206.0,15.420145229307995,273.3664606634298,0,background_pseudo_absence
23.430365710674046,92.96868634882621,2024-05-28,76.5,766.0,15.394799155421083,270.0,0,background_pseudo_absence
23.422557627267825,92.5823898535026,2024-05-28,76.9,641.0,35.73289659519928,31.184974658738387,0,background_pseudo_absence
23.432417588293255,92.97269041594029,2024-05-28,76.5,801.0,13.858403928440394,66.80140948635182,0,background_pseudo_absence
23.43936816788908,92.96175800913892,2024-05-28,76.5,789.0,28.04774875483373,19.536654938128386,0,background_pseudo_absence
23.34164712156162,93.21984756701839,2024-05-28,61.1,590.0,21.916107296055188,220.10090754621223,0,background_pseudo_absence
22.816888967612194,93.00826907763825,2022-11-14,0.0,831.0,19.175802443248685,62.24145939893998,0,background_pseudo_absence
23.588669402669403,92.52320178205366,2022-04-05,0.0,175.0,14.770857145745182,137.48955292199918,0,background_pseudo_absence
23.60633828720162,92.56812118599774,2018-06-22,4.4,373.0,12.712962738328779,248.96248897457818,0,background_pseudo_absence
23.468377350797404,92.49000105213236,2023-08-13,1.6,750.0,5.395220320479603,59.03624346792648,0,background_pseudo_absence
24.147304777098928,92.80062198279664,2023-07-24,5.5,613.0,20.28947282670434,331.18920625702697,0,background_pseudo_absence
24.220802547914698,92.7958735812374,2013-08-15,34.8,449.0,36.74659047166214,24.341089936692512,0,background_pseudo_absence
23.40709695073813,92.55053478255351,2023-06-09,102.7,545.0,28.883255236979014,93.3664606634298,0,background_pseudo_absence
23.44138635082539,92.51506074398458,2023-08-08,64.8,798.0,10.264313835624149,259.695153531234,0,background_pseudo_absence
23.617807291191305,92.5573215048743,2023-07-25,21.1,512.0,28.222617478311435,174.8055710922652,0,background_pseudo_absence
23.551774613895883,92.52887742109411,2023-07-06,2.5,256.0,9.895474196375124,201.80140948635182,0,background_pseudo_absence
23.609218942191376,92.47955723634487,2023-08-06,114.5,676.0,34.86328247672923,54.46232220802562,0,background_pseudo_absence
23.651615189884833,92.51626926497335,2023-08-06,97.8,117.0,7.932039610301627,324.4623222080256,0,background_pseudo_absence
23.6699807058364,92.53881916067259,2023-08-06,97.8,399.0,29.183421610724324,73.14160123226172,0,background_pseudo_absence
23.472449003321373,92.4606334461262,2023-07-28,2.0,295.0,11.18366280155205,304.99202019855863,0,background_pseudo_absence
23.5735546760085,92.44853769425907,2023-08-02,21.7,649.0,15.190206068732346,287.35402463626133,0,background_pseudo_absence
23.50147974035326,92.41803863915962,2023-08-03,8.1,891.0,22.972810499742813,276.581944655178,0,background_pseudo_absence
23.52937918849425,92.5028256549349,2023-06-02,6.0,513.0,33.58714879015505,180.0,0,background_pseudo_absence
23.4210797462855,92.53090390279542,2023-08-09,6.1,447.0,23.749926322957805,353.6598082540901,0,background_pseudo_absence
23.616492262107123,92.55760585049063,2023-10-25,0.4,564.0,20.44957527203876,124.38034472384487,0,background_pseudo_absence
23.854969043420745,92.40232435197552,2023-09-17,38.6,149.0,7.8789400986195055,69.44395478041653,0,background_pseudo_absence
23.00321939060711,92.42482349023325,2023-08-12,22.6,497.0,10.26431383562415,206.565051177078,0,background_pseudo_absence
23.061801443933792,92.38189447250407,2023-09-12,48.8,59.0,2.932085702984153,251.56505117707798,0,background_pseudo_absence
22.977371877700985,92.44866641968335,2023-09-12,49.9,108.0,24.855659070831365,36.46923439005187,0,background_pseudo_absence
22.97276583433713,92.50658927079706,2023-09-17,27.8,136.0,5.5506727052509675,90.0,0,background_pseudo_absence
23.05703752892582,92.45556963108028,2023-07-23,23.6,240.0,11.036260392791437,265.23635830927384,0,background_pseudo_absence
24.05635834696685,92.89428485588164,2023-09-27,6.9,792.0,35.951676843325366,66.29735404903376,0,background_pseudo_absence
23.789177922782915,92.96345397433603,2023-09-27,0.0,1094.0,33.73569503565634,345.96375653207355,0,background_pseudo_absence
23.78473221589934,92.97343963192078,2024-05-28,77.8,1017.0,36.74659047166214,356.26860300083956,0,background_pseudo_absence
23.56720433340482,92.54152697064042,2024-07-22,9.8,419.0,18.46461733977188,165.96375653207352,0,background_pseudo_absence
23.646646443059655,93.01197410624953,2024-05-28,75.4,900.0,26.697307159375704,255.06858282186244,0,background_pseudo_absence
23.894928486648073,92.54978407318131,2024-05-28,62.6,408.0,12.901576560483173,45.0,0,background_pseudo_absence
23.642429237216522,92.56571571770803,2024-05-28,60.9,764.0,27.804234744503912,222.51044707800082,0,background_pseudo_absence
23.619281977452218,92.47912849355222,2024-06-30,95.3,681.0,18.444353069704622,299.05460409907715,0,background_pseudo_absence
24.001126583077355,92.89353837785045,2024-05-28,91.2,664.0,21.39286550861863,209.74488129694222,0,background_pseudo_absence
23.80560324849829,92.55127552428002,2024-09-26,2.9,397.0,17.457734943636545,191.88865803962796,0,background_pseudo_absence
23.759068204138785,92.9789014312441,2024-08-21,14.4,812.0,32.279833980725925,90.0,0,background_pseudo_absence
23.684576895141156,92.51429882054656,2024-05-28,60.7,109.0,4.142983183641761,243.43494882292202,0,background_pseudo_absence
23.728377542606843,92.58753971167343,2024-08-21,46.5,347.0,16.348487945250483,276.3401917459099,0,background_pseudo_absence
23.822413038233396,92.43781516111326,2024-07-20,18.3,167.0,22.60793981651591,166.5042667192042,0,background_pseudo_absence
23.74629644324959,92.43797074664491,2024-07-02,31.9,275.0,7.8789400986195055,290.55604521958344,0,background_pseudo_absence
23.78989718545088,92.44715488123967,2024-05-28,69.1,170.0,0.9279360212320218,180.0,0,background_pseudo_absence
23.758410739512808,92.54533575992612,2024-09-20,0.6,437.0,23.329434789784006,124.28687697720898,0,background_pseudo_absence
23.753894853548314,92.53294309137569,2024-06-20,2.2,375.0,20.642975392486502,64.5366549381284,0,background_pseudo_absence
23.59976440909972,92.58147602228394,2024-05-28,60.9,452.0,27.81538198732142,197.87869659584135,0,background_pseudo_absence
23.604063037880383,92.59010090525649,2024-05-28,60.9,809.0,14.66379508848332,338.1985905136482,0,background_pseudo_absence
23.699285771691486,92.56318649068166,2024-07-02,28.0,933.0,45.63633981123736,40.50284838533223,0,background_pseudo_absence
23.65885525942531,92.55495310568357,2024-07-02,28.0,650.0,29.39743047349445,288.434948822922,0,background_pseudo_absence
23.532065642817386,92.51073582871311,2024-07-02,32.8,293.0,49.90625262738547,174.52263127117112,0,background_pseudo_absence
23.8544322692605,92.50568335918283,2024-06-28,2.3,407.0,29.42777828852253,230.82634202955578,0,background_pseudo_absence
23.687440986469884,92.54709765431866,2024-05-28,60.7,543.0,32.47427983159386,165.25643716352928,0,background_pseudo_absence
23.63840907352109,92.48075371917203,2024-05-28,54.7,754.0,25.212341344031994,296.565051177078,0,background_pseudo_absence
23.604701288419655,92.57312019746166,2024-05-28,60.9,346.0,14.55580343083612,3.576334374997351,0,background_pseudo_absence
23.759039836972715,92.52597168763695,2024-05-28,66.5,92.0,20.71269408937921,133.26429541107163,0,background_pseudo_absence
23.7579888234749,92.53145429631209,2024-05-28,66.5,283.0,23.211450712433987,79.11447294534128,0,background_pseudo_absence
23.476551693371977,92.50682183884453,2024-05-28,54.3,496.0,28.82046524388704,317.3859440303888,0,background_pseudo_absence
23.560213733705996,92.46654857309457,2024-05-28,54.7,782.0,22.23438363604536,56.309932474020215,0,background_pseudo_absence
23.475196576782082,92.50789837767559,2024-05-28,54.3,400.0,12.901576560483171,188.13010235415598,0,background_pseudo_absence
23.616701313189587,93.00980597742863,2024-05-28,75.4,943.0,30.942947387681112,321.581944655178,0,background_pseudo_absence
23.43947920215123,92.54326613566644,2024-05-28,60.4,397.0,23.490243272630188,26.56505117707799,0,background_pseudo_absence
23.571213333578505,92.45511770281269,2024-05-28,54.7,595.0,4.721262686570613,348.69006752597977,0,background_pseudo_absence
23.50052621051313,92.48167647212104,2024-05-28,54.3,514.0,25.159993081563847,43.60281897270362,0,background_pseudo_absence
23.67650029490309,92.46619962800072,2024-05-28,60.7,444.0,23.635034180193077,2.121096396661454,0,background_pseudo_absence
23.479431116696286,92.51777959483451,2024-05-28,54.3,352.0,30.710779389504204,11.003540851749502,0,background_pseudo_absence
23.501687672293908,92.50297967052796,2024-05-28,54.3,844.0,24.44987767409189,4.0856167799748775,0,background_pseudo_absence
23.644994434116835,92.57219616366646,2024-05-28,60.9,646.0,25.277539722463967,174.0938588862295,0,background_pseudo_absence
23.607745296097562,92.56428387700167,2024-08-25,8.9,323.0,19.72452770068585,288.434948822922,0,background_pseudo_absence
23.626606411115276,92.53512994905881,2024-05-28,54.7,667.0,19.68733282914024,95.1944289077348,0,background_pseudo_absence
23.628283948230774,92.56162936732386,2024-05-28,60.9,387.0,18.46461733977188,67.16634582208245,0,background_pseudo_absence
23.621028784809344,92.55343706576842,2024-05-28,60.9,333.0,14.198148890428074,50.1944289077348,0,background_pseudo_absence
23.724998461835504,93.05951857673023,2024-05-28,74.8,1063.0,38.07884684953316,7.125016348901798,0,background_pseudo_absence
23.594389216666418,92.56681141362407,2024-05-28,60.9,563.0,23.519307083401056,225.0,0,background_pseudo_absence
23.728876566204868,92.97814512672059,2024-05-28,74.8,1139.0,17.949166406534854,0.0,0,background_pseudo_absence
23.78695542728572,93.0144713185629,2024-05-28,77.8,651.0,20.782093658732848,320.1944289077348,0,background_pseudo_absence
23.60555123080126,92.5327392573329,2024-07-02,34.0,418.0,27.329100681968104,327.80426606528675,0,background_pseudo_absence
23.670833107411234,92.5503243935305,2024-05-28,65.6,381.0,26.661483651231418,0.0,0,background_pseudo_absence
23.495989067413326,92.5428743328188,2024-05-28,54.3,457.0,8.344059777303649,186.3401917459099,0,background_pseudo_absence
23.80672301347599,92.9674765566817,2024-05-28,77.8,1125.0,24.01952501448043,199.0934920004856,0,background_pseudo_absence
23.677002861386026,93.01936327078238,2023-09-23,0.2,681.0,34.8269267877785,167.90524292298792,0,background_pseudo_absence
23.82150234667979,92.97170825358515,2024-05-28,77.8,1283.0,19.780145646776432,215.83765295427827,0,background_pseudo_absence
23.76462217690805,92.54361938338525,2024-05-28,66.5,519.0,27.409248698093343,308.6598082540901,0,background_pseudo_absence
23.712617103499564,92.51189530350608,2024-08-28,15.7,215.0,30.5226686245336,254.05460409907715,0,background_pseudo_absence
23.786185275359653,92.99751583156765,2024-05-28,77.8,807.0,17.194283995818935,222.87890360333856,0,background_pseudo_absence
23.60829441193313,92.52105073173733,2024-05-26,82.9,129.0,21.52534855806377,109.17900802581072,0,background_pseudo_absence
23.757676984956127,92.57558679081465,2024-05-28,70.9,570.0,19.72452770068585,198.434948822922,0,background_pseudo_absence
23.72052382190646,92.56190708673132,2024-05-28,65.6,788.0,20.16375853629382,131.42366562500266,0,background_pseudo_absence
23.609116918439664,92.5175590393925,2024-05-28,54.7,157.0,28.935398567553452,5.042451069170913,0,background_pseudo_absence
23.686169825658894,92.47074807036296,2024-05-28,60.7,455.0,19.098480621106376,79.2157021324374,0,background_pseudo_absence
23.4898677749918,92.4931203086759,2024-05-28,54.3,591.0,22.83697312304369,270.0,0,background_pseudo_absence
23.66848657347477,92.51636319406873,2024-05-28,60.7,152.0,22.23438363604536,33.690067525979785,0,background_pseudo_absence
23.561391765413184,92.49828151284707,2024-05-28,54.7,666.0,34.68068568299641,302.5740571345725,0,background_pseudo_absence
23.737030205424354,92.53992298846907,2024-05-28,60.7,315.0,24.312311376863388,75.46554491945989,0,background_pseudo_absence
23.57936659143574,92.4927998949816,2024-08-25,7.8,572.0,27.2370218822711,192.72435568542235,0,background_pseudo_absence
23.576135457961197,92.45719488477495,2024-07-19,4.9,603.0,11.578367053059411,18.434948822922014,0,background_pseudo_absence
23.556013870345943,92.47504849607229,2024-05-28,54.7,425.0,28.56689093559397,300.3791260113683,0,background_pseudo_absence
23.508001237657982,92.54013395420921,2024-05-28,54.3,501.0,21.376224601154032,294.44395478041656,0,background_pseudo_absence
23.459837284665902,92.55028219738115,2024-05-28,74.4,398.0,24.408731306426937,182.0454084888872,0,background_pseudo_absence
23.446192442029922,92.56385908743691,2024-05-29,3.5,196.0,9.467405787657809,119.05460409907714,0,background_pseudo_absence
23.40784364004045,92.95697216774947,2024-05-28,76.5,756.0,19.780145646776432,215.83765295427827,0,background_pseudo_absence
23.583094886626608,92.55828202101331,2024-05-28,60.9,717.0,15.420145229307995,40.23635830927382,0,background_pseudo_absence
23.404838414135877,92.58753735733211,2024-05-28,76.9,445.0,35.951676843325366,156.29735404903377,0,background_pseudo_absence
23.415938007680293,92.55989161535719,2024-05-28,76.9,389.0,16.014049341663906,253.6104596659652,0,background_pseudo_absence
23.468512980890182,92.5409155797347,2024-05-28,54.3,256.0,20.919948819847768,323.6156481841641,0,background_pseudo_absence
23.56095942775727,92.45329693273813,2024-05-28,54.7,616.0,15.571183877747195,54.46232220802562,0,background_pseudo_absence
23.42220066179431,92.5019058088315,2024-05-28,60.4,699.0,41.02242176482363,204.17910714668918,0,background_pseudo_absence
23.63748419799731,92.54464742503704,2024-05-28,54.7,900.0,27.317619002877883,131.18592516570965,0,background_pseudo_absence
23.414509745568548,92.95989614845035,2024-05-28,76.5,717.0,10.264313835624149,259.695153531234,0,background_pseudo_absence
23.640937924518976,92.55569097450153,2024-05-28,60.9,595.0,26.274406756422838,311.00908690157024,0,background_pseudo_absence
23.592024791488928,92.50600903503995,2024-05-28,54.7,329.0,23.562803440429995,254.93151184050777,0,background_pseudo_absence
23.575596483380913,92.4429776616636,2024-09-25,70.2,683.0,24.721530547055153,129.28940686250036,0,background_pseudo_absence
23.379055594088555,92.49065075668948,2024-05-28,60.4,363.0,35.539001486003016,32.96940390346213,0,background_pseudo_absence
23.534619157040645,92.4823256961721,2024-05-28,54.3,487.0,16.925694978512283,25.201123645475075,0,background_pseudo_absence
23.579846270377235,92.55720078390084,2024-05-28,60.9,536.0,21.80315195374203,121.7594800848128,0,background_pseudo_absence
23.58039289248571,92.53599373461759,2024-05-28,54.7,232.0,23.211450712433987,79.11447294534128,0,background_pseudo_absence
23.40351419486988,92.55081209193747,2024-05-28,76.9,473.0,23.373453444369652,77.0053832080835,0,background_pseudo_absence
23.422775308262477,92.48927193791057,2024-05-28,60.4,593.0,30.28448045047508,86.82016988013577,0,background_pseudo_absence
23.742868296055626,92.54340147785757,2024-05-28,60.7,265.0,8.243090303924172,116.56505117707799,0,background_pseudo_absence
23.49780980373896,92.41952097143827,2024-05-28,37.9,816.0,18.03290603130827,264.28940686250036,0,background_pseudo_absence
23.62545187739054,92.52171366530585,2024-05-28,54.7,228.0,29.628686089863574,70.01689347810003,0,background_pseudo_absence
23.780196706636303,92.55760201839038,2024-05-28,70.9,677.0,22.107853151924704,94.57392125990086,0,background_pseudo_absence
23.772088249281445,92.57014164518566,2024-05-28,70.9,806.0,25.277539722463967,239.03624346792648,0,background_pseudo_absence
23.510053416893456,92.49903838728572,2024-05-28,54.3,551.0,21.376224601154032,114.44395478041655,0,background_pseudo_absence
23.333669171219874,92.48686774467258,2023-08-12,7.8,449.0,18.804811394848315,87.27368900609373,0,background_pseudo_absence
23.41279503005468,92.44072228023364,2024-05-28,42.0,482.0,31.16280184262426,352.3039482779834,0,background_pseudo_absence
23.444355144687915,92.39876544553351,2024-05-28,42.0,195.0,11.036260392791437,311.6335393365702,0,background_pseudo_absence
23.693617987555218,92.44937871154343,2024-05-28,55.6,367.0,15.4706881349139,200.55604521958347,0,background_pseudo_absence
23.67116144932474,92.56152124517088,2024-05-28,65.6,542.0,18.03290603130827,354.28940686250036,0,background_pseudo_absence
23.625694622874736,92.56562540014829,2024-09-20,1.4,407.0,14.2260349438547,63.43494882292201,0,background_pseudo_absence
23.35278169036555,92.43416920485058,2024-06-02,0.0,609.0,30.033071142420983,168.6900675259798,0,background_pseudo_absence
23.47692945071145,92.41306638352648,2024-05-28,37.9,642.0,28.5562403739111,53.47114463301483,0,background_pseudo_absence
23.557339646278887,92.44285166865046,2024-05-28,56.6,644.0,12.29302516926036,311.98721249581666,0,background_pseudo_absence
23.532488475756136,92.53459794876652,2024-05-28,54.3,324.0,21.376224601154032,24.44395478041654,0,background_pseudo_absence
23.584032123257643,92.54562116702705,2024-05-28,54.7,366.0,30.794735986199903,312.7974018382342,0,background_pseudo_absence
23.524141640658566,92.48663636152168,2024-05-28,54.3,619.0,23.749926322957805,96.3401917459099,0,background_pseudo_absence
23.39185563714846,92.49232240779806,2024-05-28,60.4,330.0,13.538255793378935,227.72631099390625,0,background_pseudo_absence
23.43162553495518,92.53714768628515,2024-05-28,60.4,379.0,21.39286550861863,330.2551187030578,0,background_pseudo_absence
23.376750189100477,92.51001810137775,2024-05-28,60.4,645.0,34.0517195569459,225.97102193107915,0,background_pseudo_absence
23.42958805797457,92.5223901590764,2024-05-28,60.4,850.0,33.141328266782416,156.61477894278624,0,background_pseudo_absence
23.308598003314042,92.53926405925709,2024-05-28,70.6,776.0,32.279833980725925,0.0,0,background_pseudo_absence
23.375520669078764,92.53063740810767,2024-05-28,60.4,735.0,33.68112415116932,334.0577045101283,0,background_pseudo_absence
23.43920298907233,92.56322176471097,2024-05-28,76.9,245.0,18.1368887228541,98.53076560994813,0,background_pseudo_absence
23.61110285112132,92.47094061075055,2024-05-28,54.7,460.0,22.484408950457873,239.42077312751098,0,background_pseudo_absence
23.50539054164415,92.48748345809098,2024-05-28,54.3,782.0,32.415343349030124,185.85601358542894,0,background_pseudo_absence
23.521721519621064,92.41132934190446,2024-05-28,37.9,700.0,20.764773499490534,19.983106521899984,0,background_pseudo_absence
23.76598774278232,93.09816574787212,2024-11-12,0.0,1154.0,45.25390857293886,137.6025622024998,0,background_pseudo_absence
23.819710793190318,93.07391949950383,2024-05-28,83.2,1243.0,17.886034144658236,342.4744316262771,0,background_pseudo_absence
23.729359249968624,93.06169014507516,2024-05-28,74.8,908.0,21.508850397836444,170.53767779197437,0,background_pseudo_absence
23.840628229480874,93.08452562540045,2024-07-02,19.2,1301.0,51.36133623583029,85.54439716667369,0,background_pseudo_absence
23.714376212546913,93.04543222498175,2024-05-28,74.8,873.0,19.68733282914024,84.8055710922652,0,background_pseudo_absence
23.81478241874436,93.05283112382642,2024-05-28,83.2,875.0,13.68485075850491,93.81407483429037,0,background_pseudo_absence
23.818946506716426,93.01270716400671,2024-05-28,77.8,475.0,41.77544071371367,157.61986494804043,0,background_pseudo_absence
23.72313357749509,93.0649692580355,2024-05-28,74.8,1074.0,29.13205616852699,54.46232220802562,0,background_pseudo_absence
23.866139595434614,92.98266990110298,2024-05-28,87.6,831.0,10.384106823209223,135.0,0,background_pseudo_absence
23.82075637905387,93.05298022729792,2024-05-28,83.2,900.0,25.04158696046686,123.6900675259798,0,background_pseudo_absence
23.714461050187612,93.0632597472587,2024-05-28,74.8,1015.0,29.00812390471961,173.29016319224309,0,background_pseudo_absence
23.93233740557917,92.98058377887479,2024-05-28,87.6,702.0,21.52534855806377,70.82099197418928,0,background_pseudo_absence
23.798987911669368,93.07237848440803,2024-07-02,19.2,842.0,22.437832659372194,41.82016988013577,0,background_pseudo_absence
23.819043954570038,93.04994655217703,2024-05-28,77.8,742.0,28.211742334718924,118.88658176691071,0,background_pseudo_absence
23.78885802163206,92.96202242964269,2024-05-28,77.8,1067.0,19.556409699933386,24.22774531795417,0,background_pseudo_absence
23.827429864006625,92.57665877513827,2024-05-28,70.9,657.0,22.437832659372194,11.309932474020215,0,background_pseudo_absence
23.68235712923059,92.54930172420721,2024-07-02,31.6,675.0,11.18366280155205,304.99202019855863,0,background_pseudo_absence
23.885085241506836,92.53155044140598,2024-08-28,34.6,189.0,12.19379700572645,192.9946167919165,0,background_pseudo_absence
23.818629450093468,92.5536350265019,2024-07-02,40.4,442.0,28.82046524388704,47.38594403038881,0,background_pseudo_absence
23.60445597993221,92.56577882547971,2024-07-02,23.8,424.0,31.262599057321037,260.78897345918335,0,background_pseudo_absence
23.625916530453807,92.55569448936268,2024-07-02,23.8,364.0,39.617603725735044,149.42077312751098,0,background_pseudo_absence
23.79725414055757,92.56095674586238,2024-07-02,40.4,854.0,19.23352658896059,201.80140948635182,0,background_pseudo_absence
23.853285578050833,92.58661820523349,2024-05-28,74.8,764.0,30.28448045047508,176.82016988013575,0,background_pseudo_absence
23.68045194209275,93.01565667828046,2024-07-02,24.3,765.0,22.484408950457873,120.57922687248902,0,background_pseudo_absence
23.75676536706943,92.97540465402206,2024-07-02,18.2,748.0,22.89748983690034,184.3987053549955,0,background_pseudo_absence
23.88134950684852,92.993633285704,2024-07-02,19.9,422.0,26.839823149122562,309.8055710922652,0,background_pseudo_absence
23.748176980931586,93.031376877931,2024-07-02,24.3,432.0,5.626749308445709,170.53767779197437,0,background_pseudo_absence
23.95731266922073,92.93336460267096,2024-06-28,3.0,1049.0,28.341773293875576,221.34777721969365,0,background_pseudo_absence
23.849523145703692,93.02762260809693,2024-07-18,0.9,831.0,7.032045647403496,66.80140948635182,0,background_pseudo_absence
23.72720147053032,92.9906824101027,2024-06-07,3.6,1072.0,24.187485785271104,154.3589941756947,0,background_pseudo_absence
23.81406345238604,92.97592181079166,2024-08-28,3.0,993.0,27.81538198732142,17.87869659584134,0,background_pseudo_absence
23.85136255180463,92.60171133870654,2024-07-02,32.2,382.0,20.50256684545169,265.0302592718897,0,background_pseudo_absence
23.876869153928247,93.08778756819487,2024-07-02,22.1,849.0,28.809977005017668,283.6269948598915,0,background_pseudo_absence
23.833301251856057,92.97704307904637,2024-05-28,77.8,1173.0,18.03290603130827,174.28940686250036,0,background_pseudo_absence
23.865822640980458,93.04243474893791,2024-09-25,53.0,757.0,30.39923898721953,263.6598082540901,0,background_pseudo_absence
23.967688032310168,92.99847942540363,2024-09-25,57.2,336.0,9.467405787657809,150.94539590092285,0,background_pseudo_absence
23.709045606218986,93.0403110790952,2024-07-02,24.3,772.0,29.797559454134504,28.739795291688043,0,background_pseudo_absence
23.698121096926773,93.04629082042894,2024-07-02,24.3,885.0,13.887085419725583,328.3924977537511,0,background_pseudo_absence
23.725305300376966,92.98014646135358,2024-07-02,24.3,994.0,22.53084716070403,308.6598082540901,0,background_pseudo_absence
23.889940257546847,93.06037141875694,2024-07-02,22.1,213.0,9.937188946144895,303.69006752597977,0,background_pseudo_absence
23.788483709897218,93.06268820643987,2024-05-28,83.2,587.0,18.46461733977188,230.9061411137705,0,background_pseudo_absence
23.979960752493785,93.0352396651454,2024-06-28,3.1,1160.0,9.769174897063328,228.81407483429035,0,background_pseudo_absence
23.86862212187576,92.57385443897951,2024-05-28,74.8,628.0,17.694919669448474,66.03751102542182,0,background_pseudo_absence
23.74534729184007,93.010166752081,2024-05-28,74.8,733.0,33.26193777721444,327.0947570770121,0,background_pseudo_absence
23.77439858107919,93.04878940529257,2023-07-23,41.4,1006.0,12.026371928820815,8.746162262555211,0,background_pseudo_absence
23.981935809422364,92.97824270309962,2024-05-28,86.4,481.0,24.51822184981786,286.504361381755,0,background_pseudo_absence
23.81253443345332,93.00809061720692,2024-05-28,77.8,432.0,24.131694321174006,77.47119229084849,0,background_pseudo_absence
24.008565240298985,92.79992054639456,2024-07-02,20.9,542.0,11.924651814200722,265.6012946450045,0,background_pseudo_absence
23.985855349940724,93.03733665302389,2024-07-02,22.5,893.0,17.886034144658236,197.52556837372288,0,background_pseudo_absence
24.028875841037138,93.01838671153509,2024-05-28,86.4,948.0,23.86399666489307,66.25050550713325,0,background_pseudo_absence
24.06281217614196,92.74852340662567,2024-09-25,64.0,326.0,12.260049400304831,26.56505117707799,0,background_pseudo_absence
24.01173656882169,92.78560714117636,2024-07-02,20.9,621.0,20.59047488312973,97.4314079711725,0,background_pseudo_absence
24.034549054070148,92.83114971421202,2024-09-25,42.8,244.0,33.89832413789678,254.62374875117382,0,background_pseudo_absence
24.073060512468388,92.91517402424392,2024-09-28,0.1,832.0,15.794492433669825,256.7594800848128,0,background_pseudo_absence
24.085391638208232,92.674442087347,2024-09-28,0.0,632.0,20.073312434918684,167.19573393471325,0,background_pseudo_absence
24.01946499293748,92.98434126584297,2024-07-02,22.5,582.0,30.28448045047508,86.82016988013577,0,background_pseudo_absence
24.048614215939654,92.72407757825496,2024-09-28,0.0,162.0,7.607600899610117,194.03624346792648,0,background_pseudo_absence
24.064708844263063,92.79964751852816,2024-08-17,52.7,474.0,24.408731306426937,267.95459151111277,0,background_pseudo_absence
23.863138025664,92.58465527428764,2024-09-25,63.3,777.0,11.147013511080369,350.5376777919744,0,background_pseudo_absence
23.707953593145035,92.5138983049355,2024-07-02,31.6,117.0,17.457734943636545,304.5085229876684,0,background_pseudo_absence
24.1712538843837,93.68827471518898,2024-09-28,1.3,1139.0,28.502884264172565,197.3540246362613,0,background_pseudo_absence
24.125634811603593,93.69358747871442,2024-10-07,10.8,1146.0,21.52534855806377,109.17900802581072,0,background_pseudo_absence
23.86679709721796,93.3897111509524,2024-10-07,33.4,737.0,19.909116675568132,63.43494882292201,0,background_pseudo_absence
24.200581900708954,93.79820340802598,2024-10-07,0.7,860.0,28.84142176739362,180.0,0,background_pseudo_absence
23.873807852168078,93.63601761148934,2024-09-28,0.0,1545.0,32.16890584978993,325.4914770123316,0,background_pseudo_absence
23.942450141944178,93.37963062277898,2024-09-28,0.0,713.0,21.80315195374203,248.6293777306568,0,background_pseudo_absence
23.981866352477844,93.62774650524771,2024-10-07,14.4,1569.0,24.131694321174006,347.4711922908485,0,background_pseudo_absence
24.0711570325923,93.78888329821739,2024-07-02,22.1,941.0,19.575184147076893,300.06858282186244,0,background_pseudo_absence
24.1788676060576,93.66154744576212,2024-07-02,20.3,990.0,15.394799155421083,151.92751306414704,0,background_pseudo_absence
24.148549239932656,93.64847805201187,2024-07-02,28.2,909.0,17.457734943636545,168.11134196037204,0,background_pseudo_absence
24.153006385171313,93.74880208638083,2024-07-02,20.3,931.0,32.03134587176103,158.74949449286677,0,background_pseudo_absence
24.17924426766377,93.70720450516491,2024-07-02,20.3,1318.0,9.200273103792915,270.0,0,background_pseudo_absence
24.214454930593153,93.74709163803114,2024-08-13,0.0,1890.0,18.28119733544922,11.309932474020213,0,background_pseudo_absence
24.373849575448375,93.43756510408095,2024-08-13,0.0,1415.0,44.573506838872255,152.5924245621816,0,background_pseudo_absence
24.277691788810973,93.8532752819652,2024-08-13,0.2,1106.0,24.61341866959142,278.13010235415595,0,background_pseudo_absence
24.22920810093006,93.83304020419813,2024-08-13,0.0,1092.0,24.88235154311221,282.0947570770121,0,background_pseudo_absence
24.48035145748297,93.75255399553767,2024-08-13,2.0,779.0,1.3121849935516046,135.0,0,background_pseudo_absence
24.39231722196315,93.87209320762152,2024-08-13,0.8,804.0,19.481072140033923,285.94539590092285,0,background_pseudo_absence
24.147985992207353,93.86100151470913,2024-09-28,0.0,879.0,6.725013241134402,254.05460409907715,0,background_pseudo_absence
24.16500262126526,93.75511787408878,2024-08-13,0.0,882.0,15.495885462630094,6.7098368077569335,0,background_pseudo_absence
24.085014861084794,93.66271039420714,2024-07-02,18.3,1129.0,27.443478621831883,183.57633437499734,0,background_pseudo_absence
24.33408248803736,93.90973178207213,2024-08-13,0.2,985.0,23.152127453506676,52.69605172201657,0,background_pseudo_absence
24.396768271237985,93.76222131519145,2024-08-13,0.6,1050.0,42.51938136737401,215.65532809790028,0,background_pseudo_absence
24.309100380452044,93.47352018734024,2024-08-13,0.0,784.0,29.876436547743577,248.49856567595208,0,background_pseudo_absence
24.66748248102568,93.64283094786865,2024-09-28,2.2,896.0,25.277539722463967,329.03624346792645,0,background_pseudo_absence
24.311888845921295,93.45612962505827,2024-08-13,0.0,1032.0,37.86944124749796,268.80651057601796,0,background_pseudo_absence
24.59482562266182,93.66696037683536,2024-09-28,3.9,494.0,7.8789400986195055,20.556045219583464,0,background_pseudo_absence
24.448350690900757,93.79407222810941,2024-09-28,14.8,772.0,2.0742028577397202,206.565051177078,0,background_pseudo_absence
24.321039514743642,93.2416602165703,2024-08-08,6.6,257.0,17.282659845200183,51.34019174590991,0,background_pseudo_absence
24.44393490989743,93.4899978731223,2024-09-28,1.7,1408.0,14.114104628064394,345.06858282186244,0,background_pseudo_absence
24.709186414445277,93.52477540879626,2024-08-18,59.5,491.0,21.39286550861863,119.74488129694222,0,background_pseudo_absence
24.742743713206895,93.42754502057684,2024-10-21,0.0,555.0,26.11450074572037,7.594643368591447,0,background_pseudo_absence
24.379070102270024,93.44457488851909,2024-10-21,0.8,1157.0,42.731583273839014,182.00955381302114,0,background_pseudo_absence
24.74181520557529,93.57427857481458,2024-07-02,32.1,585.0,16.277527661788852,266.8201698801358,0,background_pseudo_absence
24.82078537034038,93.1316560105356,2024-07-02,35.0,52.0,15.989834468358282,132.70938995736148,0,background_pseudo_absence
24.807975717469702,93.11711613660641,2024-08-13,0.0,40.0,4.721262686570613,191.3099324740202,0,background_pseudo_absence
24.757450060124256,93.09473662614081,2024-08-18,59.0,71.0,11.924651814200722,327.5288077091515,0,background_pseudo_absence
24.75763075325903,93.13944511149512,2024-07-02,35.0,62.0,0.9279360212320218,180.0,0,background_pseudo_absence
24.725196885377464,93.48489520610553,2024-08-18,59.5,250.0,29.498374004168262,346.7594800848128,0,background_pseudo_absence
24.9625192353584,93.28965985200837,2024-09-28,0.9,478.0,26.768720053260513,275.5275401516562,0,background_pseudo_absence
24.690787032845037,93.70743130627955,2024-08-19,27.9,1277.0,14.66379508848332,68.19859051364818,0,background_pseudo_absence
24.737074997277663,93.45891274500066,2024-08-18,59.5,392.0,29.548615631231534,180.0,0,background_pseudo_absence
23.172661607807626,93.41903488610359,2024-07-02,4.8,1371.0,18.785020512595423,90.0,0,background_pseudo_absence
23.171769604781773,93.47237720957256,2024-06-28,0.6,1613.0,22.107853151924704,336.5014343240479,0,background_pseudo_absence
23.294192246918854,93.29266921264875,2024-05-28,63.0,1314.0,21.12442035770617,123.02386755579664,0,background_pseudo_absence
22.89594730644236,93.19136057748251,2024-07-02,11.2,1037.0,16.559138713288235,60.64224645720873,0,background_pseudo_absence
22.926437247307515,93.24493876512409,2024-09-28,0.5,1065.0,27.409248698093343,255.5297058999341,0,background_pseudo_absence
23.07699052001174,93.40446511205904,2024-07-02,3.7,1443.0,8.493137013964589,192.52880770915152,0,background_pseudo_absence
22.900688321379132,93.37032475967473,2024-05-28,65.6,1097.0,17.970147878806134,272.8624052261117,0,background_pseudo_absence
22.910333196460524,93.23992586675196,2024-07-02,11.2,1087.0,17.949166406534854,90.0,0,background_pseudo_absence
22.920128887310927,93.28619780925244,2024-07-02,8.3,941.0,18.46461733977188,39.0938588862295,0,background_pseudo_absence
23.003468420043646,93.41921250416755,2024-07-02,8.2,1203.0,18.03290603130827,5.710593137499642,0,background_pseudo_absence
22.857170313950373,93.15485862955096,2024-07-02,11.2,1150.0,34.533118377356956,206.565051177078,0,background_pseudo_absence
23.320429511823694,93.37460583453657,2024-05-28,68.6,794.0,30.25566596245347,88.40885972880542,0,background_pseudo_absence
23.301375965135314,93.29125168475426,2024-10-28,0.0,1342.0,27.12119296363576,34.69515353123397,0,background_pseudo_absence
23.312509926452908,93.3802868106393,2024-11-28,0.1,1026.0,42.51938136737401,144.34467190209972,0,background_pseudo_absence
23.40702846380826,93.38009305137332,2024-11-28,0.0,987.0,22.53084716070403,38.65980825409009,0,background_pseudo_absence
23.335204693457612,93.43752850934058,2024-09-28,0.0,1031.0,26.225371458157145,242.59242456218158,0,background_pseudo_absence
23.372216314140797,93.22868431844745,2024-07-02,20.5,955.0,30.091428789837806,153.434948822922,0,background_pseudo_absence
23.34564022300848,93.32252182750166,2024-07-02,3.0,1042.0,14.636885137320926,7.125016348901798,0,background_pseudo_absence
23.296096736464378,93.29694975978336,2024-07-02,3.0,1600.0,34.46627432477292,70.70995378081128,0,background_pseudo_absence
23.359493606069808,93.24068533132625,2024-09-28,0.0,1200.0,23.032809237825163,49.635463426902646,0,background_pseudo_absence
23.271165498626825,93.33941675514403,2024-07-02,3.0,1279.0,13.771943767699913,262.40535663140855,0,background_pseudo_absence
23.65309030946835,93.24149914970275,2024-08-13,1.2,1227.0,20.307346369411786,293.1985905136482,0,background_pseudo_absence
23.314236034737004,93.25275447658511,2024-07-02,3.0,916.0,18.86402226310986,148.5704343851615,0,background_pseudo_absence
23.42237439524514,93.34903469963317,2024-09-12,5.9,1048.0,27.804234744503912,349.38034472384487,0,background_pseudo_absence
23.661671654559715,93.32400256886802,2024-09-12,23.5,1429.0,9.769174897063328,221.18592516570965,0,background_pseudo_absence
23.3612350734425,93.28440988304365,2024-09-12,5.9,1343.0,11.328952775354063,14.036243467926479,0,background_pseudo_absence
23.729020918116845,93.09335140486459,2024-10-22,3.5,1018.0,32.91379211227729,148.2985703304943,0,background_pseudo_absence
23.606578118559863,93.33059306637499,2024-09-12,12.2,1685.0,30.28448045047508,123.6900675259798,0,background_pseudo_absence
23.682403807667246,93.34127221403543,2024-09-12,23.5,1243.0,36.380520365769215,33.340707346477004,0,background_pseudo_absence
23.633289144983536,93.31279561562637,2024-09-12,12.2,1631.0,20.59047488312973,187.43140797117252,0,background_pseudo_absence
23.750483552845772,93.31842836584302,2024-09-12,17.6,1217.0,28.29854340732082,316.2188752351313,0,background_pseudo_absence
23.72214467525741,93.18347486036303,2024-09-12,18.4,1080.0,36.03296015701559,258.4398692057822,0,background_pseudo_absence
23.758332352648672,93.08619896753275,2024-09-12,8.3,1116.0,24.22920232981964,149.74356283647072,0,background_pseudo_absence
23.755635889353474,93.0838184853445,2024-09-12,8.3,1045.0,24.6405147134715,312.1375947738882,0,background_pseudo_absence
23.432316978238084,93.35413224184042,2024-09-13,24.6,1084.0,24.312311376863388,14.534455080540122,0,background_pseudo_absence
23.365625149999378,93.28024465508636,2024-09-13,15.2,1222.0,16.277527661788852,70.5599651718238,0,background_pseudo_absence
23.263109700460955,93.29716479644411,2024-09-28,0.0,1400.0,18.804811394848315,2.726310993906266,0,background_pseudo_absence
23.24097517965908,93.27540819650474,2024-09-28,0.0,1225.0,23.635034180193077,308.99099404250546,0,background_pseudo_absence
23.28242617858632,93.27398164098767,2024-07-09,12.3,1020.0,30.28448045047508,199.44003482817618,0,background_pseudo_absence
23.376681805791357,93.28576539971077,2024-07-09,16.6,1238.0,27.409248698093343,268.2100893917539,0,background_pseudo_absence
22.90412030985064,93.17439739983142,2024-09-17,2.4,611.0,35.917687430958864,190.30484646876602,0,background_pseudo_absence
23.514925226894956,93.45930609774436,2024-09-24,6.9,1022.0,18.68565764433915,73.30075576600639,0,background_pseudo_absence
24.751866314118715,93.13766732998975,2024-07-09,5.3,36.0,5.921040829137082,308.6598082540901,0,background_pseudo_absence
24.712587771165982,93.47784228028513,2024-08-24,32.7,440.0,59.570551013848416,111.19405648154229,0,background_pseudo_absence
24.707632262612908,93.45918849620902,2024-09-24,5.6,398.0,17.652093804116898,165.25643716352928,0,background_pseudo_absence
24.45333440701622,93.47253554146916,2024-09-24,3.5,851.0,20.71269408937921,99.86580694308438,0,background_pseudo_absence
23.977882100247967,93.0191663021837,2024-09-24,11.0,966.0,26.37203811934741,218.36748538486154,0,background_pseudo_absence
22.835444927357706,93.29729289743462,2024-09-24,14.7,1300.0,19.098480621106376,169.21570213243743,0,background_pseudo_absence
23.957129612375162,93.06812984366377,2024-07-02,29.1,574.0,27.904289431954332,336.5713071912546,0,background_pseudo_absence
24.225800105196665,93.19034942090236,2024-07-02,24.8,867.0,25.928025611141326,240.01836063115064,0,background_pseudo_absence
23.94892076888829,93.09403024484813,2024-07-02,22.1,455.0,10.264313835624149,169.69515353123398,0,background_pseudo_absence
23.9263524760731,93.10201342941973,2024-07-02,22.1,1207.0,24.07570789634213,43.53119928561418,0,background_pseudo_absence
24.281645405288504,93.23376042661327,2024-09-24,12.6,439.0,21.916107296055188,229.89909245378774,0,background_pseudo_absence
23.98324660547263,93.12084379897493,2024-07-02,29.1,1067.0,22.83697312304369,112.61986494804043,0,background_pseudo_absence
24.392741846403258,93.47201403425045,2024-09-24,5.3,876.0,13.91569835366549,101.30993247402021,0,background_pseudo_absence
24.266121890108824,93.43494788836469,2024-09-24,10.4,1156.0,22.107853151924704,265.4260787400991,0,background_pseudo_absence
23.700819749569128,93.34231819625606,2024-08-15,8.0,1130.0,27.409248698093343,51.34019174590991,0,background_pseudo_absence
23.740682050955854,93.09942703450598,2024-08-15,35.1,1203.0,24.895681254017045,119.24882633654698,0,background_pseudo_absence
23.792039062130222,93.14881389873767,2024-07-09,19.5,636.0,41.4299578942419,312.76882539196873,0,background_pseudo_absence
23.93365974962988,93.27502966952025,2024-07-02,17.4,1474.0,26.851643743155478,172.64762064010765,0,background_pseudo_absence
24.586824104136547,92.849090007824,2024-07-09,13.0,30.0,3.342217432740406,213.69006752597977,0,background_pseudo_absence
24.32027217846936,93.19139510675448,2024-07-09,16.5,847.0,24.88235154311221,257.9052429229879,0,background_pseudo_absence
24.541227408834885,92.90442740132573,2024-07-09,7.2,74.0,2.0742028577397202,243.43494882292202,0,background_pseudo_absence
24.462343475481763,92.95549073067853,2024-07-02,37.6,91.0,23.211450712433987,169.11447294534128,0,background_pseudo_absence
24.721109121723376,93.06401606994933,2024-07-02,48.5,76.0,14.55580343083612,266.4236656250026,0,background_pseudo_absence
24.817533192140335,93.10735836007034,2024-07-07,14.5,42.0,3.342217432740406,33.69006752597979,0,background_pseudo_absence
24.315512576091056,93.11758728869309,2024-07-07,13.8,447.0,21.12442035770617,326.97613244420336,0,background_pseudo_absence
24.0221603389078,92.98404809837254,2024-09-28,1.8,555.0,18.46461733977188,157.16634582208246,0,background_pseudo_absence
23.992834247258642,93.16706444536945,2024-09-28,0.5,502.0,21.056567100656412,337.7509763427876,0,background_pseudo_absence
24.049229879950165,93.01167407921403,2024-07-07,33.8,778.0,27.329100681968104,57.804266065286754,0,background_pseudo_absence
23.978858245757714,92.89596157293772,2024-09-24,10.2,661.0,21.916107296055188,220.10090754621223,0,background_pseudo_absence
23.976048008592578,93.12592816660617,2024-09-24,8.1,1293.0,13.771943767699913,82.40535663140857,0,background_pseudo_absence
23.993200689082585,93.06891198229287,2024-09-24,8.1,366.0,23.56280344043,238.67130713219584,0,background_pseudo_absence
24.29353072581268,93.2255013632793,2024-09-24,12.6,607.0,13.771943767699913,277.59464336859145,0,background_pseudo_absence
24.133307430709447,92.80735727481566,2024-09-24,11.0,679.0,23.519307083401056,135.0,0,background_pseudo_absence
23.339728055162677,93.27155691586117,2024-07-17,13.4,1276.0,10.142982071736865,5.194428907734807,0,background_pseudo_absence
23.33471830150845,93.23709555275664,2024-09-24,3.9,833.0,11.924651814200722,85.60129464500447,0,background_pseudo_absence
23.41172886630037,93.33294497286052,2024-07-19,1.3,1237.0,33.65768082551752,4.1849161251184155,0,background_pseudo_absence
23.24417365688389,93.3437152663168,2024-07-02,4.5,1447.0,25.928025611141326,330.01836063115064,0,background_pseudo_absence
23.317025676759815,93.26982054005767,2024-07-02,3.0,1034.0,24.07570789634213,46.46880071438583,0,background_pseudo_absence
23.627605516436372,92.9949835004811,2024-07-17,13.9,636.0,18.86402226310986,354.5596679689945,0,background_pseudo_absence
23.331332416320222,93.29192717038532,2024-07-17,13.4,1057.0,12.681217315058879,300.25643716352926,0,background_pseudo_absence
24.274423626333135,93.1944250572468,2024-06-07,9.1,866.0,23.329434789784006,304.286876977209,0,background_pseudo_absence
24.22467612349604,92.80660585255477,2024-09-28,0.0,518.0,24.44987767409189,355.9143832200251,0,background_pseudo_absence
24.057947416350952,92.88633272709994,2024-09-28,0.1,601.0,24.518221849817856,96.11550356628541,0,background_pseudo_absence
24.410670257552372,92.78283874287061,2024-09-28,0.4,136.0,12.260049400304831,296.565051177078,0,background_pseudo_absence
24.266826872524906,93.1895487235867,2024-07-09,16.5,998.0,7.439815764419437,60.25511870305777,0,background_pseudo_absence
24.49192259078742,92.93467845008827,2024-05-28,115.9,57.0,6.468497581602584,180.0,0,background_pseudo_absence
24.310331054239146,93.16864785961032,2024-07-07,8.2,679.0,34.680685682996405,196.31385242626055,0,background_pseudo_absence
24.508908956580814,92.93099807759363,2024-07-07,16.4,75.0,3.342217432740406,213.69006752597977,0,background_pseudo_absence
24.739432536242376,93.14410321325838,2024-07-17,6.6,58.0,15.420145229307995,310.23635830927384,0,background_pseudo_absence
24.743012701473962,93.43815091069698,2024-07-17,3.7,286.0,11.924651814200722,302.4711922908485,0,background_pseudo_absence
24.838587936260616,93.02976430461958,2024-07-17,5.9,29.0,0.9279360212320218,90.0,0,background_pseudo_absence
24.359592393899156,93.21450995316283,2024-06-12,14.3,307.0,30.17858099548764,167.12499844038751,0,background_pseudo_absence
24.74261382410648,93.14885667783076,2024-09-24,5.8,65.0,21.12442035770617,56.976132444203365,0,background_pseudo_absence
24.31883783394197,93.15613203531052,2024-10-22,2.9,772.0,22.107853151924704,184.57392125990086,0,background_pseudo_absence
24.43941771242859,93.25693050821576,2024-07-07,4.1,251.0,25.91551778168412,53.13010235415598,0,background_pseudo_absence
24.483209998289162,92.8928634792796,2024-06-12,14.2,215.0,10.999069742130567,180.0,0,background_pseudo_absence
24.309977221935906,93.11976118972898,2024-05-28,91.8,608.0,25.714075185067003,132.27368900609375,0,background_pseudo_absence
24.502863135884215,92.89522489045928,2024-07-07,16.4,113.0,18.46461733977188,320.9061411137705,0,background_pseudo_absence
24.6570984020269,92.82515522022774,2024-06-12,8.9,23.0,2.6229949491577687,315.0,0,background_pseudo_absence
24.62352085111144,92.80204711080933,2024-05-28,104.4,39.0,2.932085702984153,71.56505117707799,0,background_pseudo_absence
24.241234771779165,93.25317354497686,2024-09-24,8.4,1104.0,28.1354148964726,178.26429541107163,0,background_pseudo_absence
23.49677707667935,92.45383879958169,2024-05-28,54.3,208.0,6.725013241134402,285.94539590092285,0,background_pseudo_absence
23.680282769201344,92.44768988289287,2025-05-29,40.0,435.0,9.200273103792915,216.86989764584402,0,background_pseudo_absence
23.636063112930902,92.48977215408694,2025-05-13,3.2,384.0,22.85212410742765,2.2025981617658057,0,background_pseudo_absence
23.916628096852847,92.52766526531457,2025-05-31,111.3,81.0,10.463140171287812,74.74488129694222,0,background_pseudo_absence
23.750615841414515,93.01501872622276,2025-06-01,116.8,549.0,22.80662735466274,254.35775354279127,0,background_pseudo_absence
23.77519999909211,92.52327863380229,2025-05-24,16.6,101.0,16.766544495336266,36.25383773744479,0,background_pseudo_absence
23.584953347331062,92.49636915777315,2025-06-01,101.3,228.0,18.785020512595423,0.0,0,background_pseudo_absence
23.637040264016765,92.5760706254925,2025-06-01,115.8,584.0,20.28947282670434,61.189206257026946,0,background_pseudo_absence
23.430413500556735,92.5579498607393,2024-05-28,76.9,251.0,17.194283995818935,276.00900595749454,0,background_pseudo_absence
23.41430632221704,92.48159399888696,2025-06-01,132.1,367.0,23.635034180193077,357.87890360333853,0,background_pseudo_absence
23.35777478010166,92.52358209077605,2025-05-31,57.9,553.0,22.437832659372194,154.4400348281762,0,background_pseudo_absence
23.37035593719471,92.5194381297887,2025-05-30,128.2,607.0,25.277539722463967,300.9637565320735,0,background_pseudo_absence
23.451147820860427,92.53303514850532,2025-05-30,144.9,580.0,29.498374004168262,193.24051991518718,0,background_pseudo_absence
23.43526934743148,92.52515975785292,2025-05-30,128.2,708.0,20.782093658732848,320.1944289077348,0,background_pseudo_absence
23.3849706227095,92.55339810386425,2025-05-30,158.6,482.0,24.40873130642694,214.8244891569568,0,background_pseudo_absence
23.41733822192319,92.5493949592323,2025-06-01,132.1,390.0,35.392038959833194,155.77225468204585,0,background_pseudo_absence
23.40349126825742,92.53651698646128,2025-05-31,57.9,522.0,32.74104804558254,139.08561677997488,0,background_pseudo_absence
23.35440584175836,92.51908321198472,2025-05-31,57.9,453.0,4.142983183641761,153.434948822922,0,background_pseudo_absence
23.09420747149272,92.5294904676966,2025-05-30,223.9,594.0,16.925694978512283,25.201123645475075,0,background_pseudo_absence
23.398993736804332,92.52698552803288,2025-05-31,57.9,577.0,27.317619002877883,221.18592516570965,0,background_pseudo_absence
23.33190006670092,92.46916920713097,2025-06-01,135.8,138.0,9.245369559420672,95.71059313749964,0,background_pseudo_absence
23.340857180510003,92.51061686067985,2025-05-31,88.1,327.0,21.2759986799005,73.07248693585296,0,background_pseudo_absence
23.314659216282276,92.49714242548019,2025-05-31,88.1,363.0,7.439815764419437,97.1250163489018,0,background_pseudo_absence
23.341928236886847,92.53087238383979,2025-05-31,88.1,849.0,20.00055951748282,212.27564431457762,0,background_pseudo_absence
23.07970251315154,92.52618804124664,2025-05-31,55.7,789.0,10.384106823209223,315.0,0,background_pseudo_absence
23.069407352185447,92.56614890557819,2025-06-01,175.5,88.0,0.9279360212320218,90.0,0,background_pseudo_absence
23.049266402146365,92.53003033592866,2025-06-01,95.2,604.0,25.928025611141326,29.981639368849336,0,background_pseudo_absence
23.421842311794936,92.58091802417252,2025-05-30,158.6,520.0,25.316533246751884,51.95295746817391,0,background_pseudo_absence
23.367990631651427,92.52753840839797,2025-05-30,128.2,805.0,22.60793981651591,346.50426671920417,0,background_pseudo_absence
23.321076543590326,92.48423027841689,2025-05-30,124.3,399.0,14.198148890428074,140.1944289077348,0,background_pseudo_absence
23.32477621598519,92.54137275038306,2025-05-30,124.3,789.0,44.089375395574066,159.44395478041653,0,background_pseudo_absence
22.9724798572051,92.5802511475303,2025-05-31,44.9,164.0,8.493137013964589,347.4711922908485,0,background_pseudo_absence
23.338566135378656,92.51222294215944,2025-05-31,88.1,343.0,23.032809237825163,139.63546342690265,0,background_pseudo_absence
23.043600990267368,92.50494835991677,2025-05-31,51.1,203.0,18.15759410950945,32.905242922987895,0,background_pseudo_absence
23.037029075953026,92.56217163531065,2025-05-31,44.9,134.0,11.648541470643815,315.0,0,background_pseudo_absence
22.981093310866903,92.55373837379662,2025-05-31,44.9,390.0,8.243090303924172,333.434948822922,0,background_pseudo_absence
23.051217577496942,92.55823387090423,2025-05-31,49.4,232.0,13.68485075850491,266.18592516570965,0,background_pseudo_absence
23.064450494605882,92.56784583974301,2025-05-31,49.4,101.0,7.8789400986195055,159.44395478041653,0,background_pseudo_absence
23.015089392881,92.5087391232951,2025-06-01,95.2,132.0,12.712962738328779,21.03751102542182,0,background_pseudo_absence
22.93272024895599,92.5672245845722,2025-05-31,40.6,165.0,17.970147878806134,177.13759477388825,0,background_pseudo_absence
23.08245033406906,92.55818973013602,2025-05-31,49.4,169.0,21.835508996361813,255.96375653207352,0,background_pseudo_absence
22.920233727543266,92.60510820910429,2025-05-30,211.1,83.0,6.725013241134402,74.05460409907715,0,background_pseudo_absence
22.8712380089263,92.98816544674081,2025-05-31,17.2,1330.0,16.15841356153915,26.56505117707799,0,background_pseudo_absence
22.984681668636014,92.53525874362353,2025-05-30,188.5,224.0,4.629981483311581,36.86989764584402,0,background_pseudo_absence
22.615714274036975,92.62143475269443,2025-05-31,21.9,130.0,8.493137013964589,347.4711922908485,0,background_pseudo_absence
22.60356589491487,93.12924023214725,2025-05-31,8.3,554.0,21.85166221171883,226.63657704161673,0,background_pseudo_absence
22.413378104775994,92.68044770609355,2025-05-31,14.2,269.0,13.269675986241525,15.945395900922858,0,background_pseudo_absence
22.5967770434888,93.01790417758875,2025-05-30,193.4,1032.0,18.03290603130827,174.28940686250036,0,background_pseudo_absence
22.642538728135122,93.11311023868514,2025-05-31,8.3,438.0,18.86402226310986,121.42956561483851,0,background_pseudo_absence
22.70866499688535,93.08687261119874,2025-05-31,7.2,318.0,24.572688940542708,22.93210043758978,0,background_pseudo_absence
22.291225670088135,92.94802115877177,2025-06-01,87.8,765.0,15.008452298581508,244.98310652189997,0,background_pseudo_absence
22.39026073358665,92.7950731208583,2025-05-31,13.5,151.0,11.036260392791437,85.23635830927383,0,background_pseudo_absence
22.6074436491767,93.08115704041668,2025-05-31,8.3,1117.0,25.054786060505464,345.96375653207355,0,background_pseudo_absence
22.683844729684704,93.01393976325987,2025-05-31,9.3,1448.0,34.089844464867035,248.96248897457818,0,background_pseudo_absence
22.7072691411278,92.73658739748029,2025-05-31,22.2,305.0,31.00737429930148,255.96375653207352,0,background_pseudo_absence
22.772103152530303,93.0818662858155,2025-05-31,7.6,764.0,30.39923898721953,276.3401917459099,0,background_pseudo_absence
22.56790816012502,92.68326249455133,2025-05-31,19.5,385.0,16.925694978512283,244.7988763545249,0,background_pseudo_absence
22.767598835706632,93.0602013928725,2025-05-31,7.6,982.0,23.778520446085018,162.89727103094762,0,background_pseudo_absence
22.729893455757598,92.70871052492681,2025-05-31,22.2,347.0,27.948563904500556,121.26373169437744,0,background_pseudo_absence
22.629032800618155,92.61889793069145,2025-05-31,21.9,167.0,10.102186599671455,90.0,0,background_pseudo_absence
22.68038715753961,92.70699350151823,2025-05-31,22.2,280.0,26.67343352716065,88.15238973400541,0,background_pseudo_absence
22.608147398653205,92.77263030319774,2025-06-01,140.0,208.0,36.45308942381296,217.87498365109818,0,background_pseudo_absence
22.91746944289632,92.59616396407154,2025-06-01,100.2,96.0,16.834979945322214,285.52411099675425,0,background_pseudo_absence
22.924632653749082,92.5258960642077,2025-06-01,89.8,78.0,21.39286550861863,187.1250163489018,0,background_pseudo_absence
22.691490793825857,92.59303234298274,2025-06-01,128.0,182.0,26.95764745864339,80.8376529542783,0,background_pseudo_absence
22.691676129644865,92.69772295210704,2025-06-01,138.6,306.0,16.014049341663906,253.6104596659652,0,background_pseudo_absence
22.793589949231926,92.50571102408063,2025-06-02,11.7,97.0,5.395220320479603,30.963756532073518,0,background_pseudo_absence
22.66939449671162,92.74327806658492,2025-06-01,138.6,367.0,20.642975392486502,25.463345061871618,0,background_pseudo_absence
22.71238976077172,93.03714559919914,2025-05-31,9.3,901.0,25.714075185067003,42.27368900609374,0,background_pseudo_absence
22.786916650019116,92.93259716378722,2025-05-31,15.1,367.0,17.30466568558618,332.10272896905235,0,background_pseudo_absence
22.979039088790774,93.03416404935561,2025-05-31,25.4,675.0,15.4706881349139,249.44395478041653,0,background_pseudo_absence
23.043884856919476,93.00619113701221,2025-05-31,25.4,895.0,38.45472175435729,348.23171106797935,0,background_pseudo_absence
22.934268067135992,93.06642202276313,2025-05-31,11.3,953.0,24.895681254017045,60.751173663453024,0,background_pseudo_absence
22.893971228861812,93.07537005782845,2025-05-31,11.3,466.0,24.394992410252396,90.0,0,background_pseudo_absence
23.04722937225292,92.99898293032798,2025-05-31,25.4,723.0,22.04420029646475,126.86989764584402,0,background_pseudo_absence
22.832031023056953,92.96261969319801,2025-05-31,9.5,1208.0,17.949166406534854,270.0,0,background_pseudo_absence
23.05167042240741,93.00026576567018,2025-06-01,123.8,880.0,32.47427983159386,104.74356283647074,0,background_pseudo_absence
22.97447501032367,93.03069019735247,2025-06-01,112.8,893.0,23.56280344043,238.67130713219584,0,background_pseudo_absence
23.422141377897184,92.95131491266578,2025-06-01,128.0,936.0,33.237886687324526,320.0131137550358,0,background_pseudo_absence
23.04405677722943,92.99880405731258,2025-06-01,112.8,775.0,31.80533384803928,139.23639479905884,0,background_pseudo_absence
23.430288342091668,92.95883606392935,2025-05-31,46.2,736.0,12.42394414032799,306.0273733851036,0,background_pseudo_absence
23.041726862338145,93.00204660824365,2025-05-29,37.9,675.0,16.348487945250483,83.6598082540901,0,background_pseudo_absence
23.002061348010006,93.0250269238614,2025-05-31,25.4,749.0,27.329100681968104,327.80426606528675,0,background_pseudo_absence
23.048461522462485,92.99664877528946,2025-05-31,25.4,619.0,18.68565764433915,16.69924423399362,0,background_pseudo_absence
23.420237125159588,92.95787361008644,2025-05-31,46.2,686.0,15.794492433669825,166.75948008481282,0,background_pseudo_absence
23.42088601739772,92.96380150278607,2025-05-31,46.2,703.0,20.642975392486502,295.4633450618716,0,background_pseudo_absence
23.423174973284915,92.95129863131271,2025-05-31,46.2,971.0,22.187054999435357,276.84277341263095,0,background_pseudo_absence
23.426102060905343,92.94645000212745,2025-05-31,46.4,1042.0,30.673328056017372,124.99202019855868,0,background_pseudo_absence
22.90395997773705,93.05029726121732,2025-05-31,11.3,922.0,36.19430626059956,27.699472808054995,0,background_pseudo_absence
23.41346183870296,92.59104082714619,2025-05-31,56.7,417.0,21.30948009368158,355.23635830927384,0,background_pseudo_absence
23.428223907876824,92.97156395930377,2025-05-31,46.2,841.0,30.720128982444113,107.44718842328221,0,background_pseudo_absence
23.430696516015995,92.94642628385533,2025-05-31,46.4,1011.0,33.109015484387825,14.381394591090604,0,background_pseudo_absence
23.402897858092924,92.5903186009077,2025-05-31,56.7,513.0,29.13205616852699,35.53767779197438,0,background_pseudo_absence
23.422500474648732,92.9588547023847,2025-06-01,128.0,770.0,21.80315195374203,31.759480084812793,0,background_pseudo_absence
23.428444641113224,92.956941137029,2025-05-31,46.2,763.0,7.607600899610117,255.96375653207352,0,background_pseudo_absence
23.42181788045532,92.9646154577118,2025-05-29,47.6,694.0,11.890528830593079,90.0,0,background_pseudo_absence
23.437096963841427,92.97211786141125,2025-06-01,128.0,913.0,12.42394414032799,306.0273733851036,0,background_pseudo_absence
23.417946684928836,92.58637134667498,2025-06-01,129.9,608.0,12.260049400304831,116.56505117707799,0,background_pseudo_absence
23.41000125235635,92.95082946898437,2025-05-31,46.2,839.0,20.71269408937921,99.86580694308438,0,background_pseudo_absence
23.828038727471448,92.99948001271586,2025-06-01,116.8,755.0,26.31108689507076,121.60750224624891,0,background_pseudo_absence
23.041436079545583,93.01277680540709,2025-05-31,25.4,1199.0,32.49108014496669,82.69424046668918,0,background_pseudo_absence
23.402540822109867,92.58540116991287,2025-06-01,129.9,360.0,26.31108689507076,31.607502246248906,0,background_pseudo_absence
23.39136587194851,92.5755910409669,2025-05-31,56.7,266.0,13.148283597230236,123.6900675259798,0,background_pseudo_absence
23.314996682116362,92.52750868449067,2025-06-01,135.8,818.0,35.05820961524598,18.85315876441911,0,background_pseudo_absence
23.30204507745717,92.46281593737292,2025-06-01,135.8,257.0,19.310139893239235,123.69006752597979,0,background_pseudo_absence
23.313835234579233,92.46066427399356,2025-06-01,135.8,120.0,12.901576560483171,261.86989764584405,0,background_pseudo_absence
23.411528869800726,92.54546435809405,2025-05-31,57.9,310.0,17.970147878806134,92.86240522611175,0,background_pseudo_absence
23.399316305277914,92.45831953641539,2025-05-31,57.9,244.0,53.177527770992306,230.9061411137705,0,background_pseudo_absence
23.330468252490018,92.44693973985389,2025-05-31,79.4,533.0,26.661483651231418,270.0,0,background_pseudo_absence
23.3854149235258,92.44474433506423,2025-06-01,119.9,292.0,20.868399469699217,192.2647737278924,0,background_pseudo_absence
23.408557037932905,92.56257031538192,2025-06-01,129.9,451.0,17.970147878806134,357.1375947738882,0,background_pseudo_absence
23.453333847659735,92.5191172403285,2025-06-01,101.5,937.0,33.237886687324526,219.98688624496418,0,background_pseudo_absence
23.377881958021987,92.5256260887175,2025-06-01,132.1,835.0,31.016557675608848,175.36453657309735,0,background_pseudo_absence
23.335316378788942,92.49664195458305,2025-06-01,135.8,342.0,19.271883297492856,256.6075022462489,0,background_pseudo_absence
23.420820293233632,92.4855624809902,2025-06-01,132.1,440.0,19.72452770068585,341.565051177078,0,background_pseudo_absence
23.394979220705864,92.47050229495251,2025-06-01,132.1,233.0,41.81282576102362,312.06432655357884,0,background_pseudo_absence
23.066906910843997,92.56691447560642,2025-06-01,175.5,81.0,2.0742028577397202,63.43494882292201,0,background_pseudo_absence
23.430722238001437,92.44620297427326,2025-06-01,119.9,301.0,16.62862834380317,319.3987053549955,0,background_pseudo_absence
23.3945333518513,92.56989757461912,2025-06-01,129.9,276.0,27.871005337246196,27.349875780069876,0,background_pseudo_absence
23.40037538520366,92.49619923625787,2025-06-01,132.1,553.0,32.51624850771436,332.7838884426925,0,background_pseudo_absence
23.437225832391544,92.47934462615065,2025-06-01,132.1,425.0,27.54574307148414,64.23067237566129,0,background_pseudo_absence
23.337579066477407,92.51342413502918,2025-06-01,135.8,381.0,33.61069323751214,43.025065989118026,0,background_pseudo_absence
23.314782171383822,92.46361780600009,2025-06-01,135.8,241.0,9.597985496774518,163.3007557660064,0,background_pseudo_absence
23.358810178384793,92.46230208917007,2025-06-01,132.1,156.0,4.142983183641761,333.434948822922,0,background_pseudo_absence
23.292364251223884,92.40702139787545,2025-06-01,128.3,118.0,16.277527661788852,273.1798301198642,0,background_pseudo_absence
23.28579852869567,92.36663181671722,2025-06-01,128.3,90.0,6.5336042765225075,315.0,0,background_pseudo_absence
23.01753963299375,92.38251713061395,2025-06-01,101.6,50.0,2.932085702984153,71.56505117707799,0,background_pseudo_absence
23.350919147459738,92.45654267113535,2025-06-01,132.1,258.0,9.937188946144895,303.69006752597977,0,background_pseudo_absence
23.099039147592745,92.39010363838383,2025-06-01,116.1,63.0,9.063543582687329,66.03751102542182,0,background_pseudo_absence
23.332393143201777,92.42524374193692,2025-06-01,128.3,632.0,24.40873130642694,55.175510843043206,0,background_pseudo_absence
22.954821870180304,92.58438582635023,2025-06-01,135.6,166.0,25.316533246751884,141.95295746817393,0,background_pseudo_absence
23.180860399181785,92.3104152689876,2025-06-01,114.8,120.0,3.342217432740406,56.309932474020215,0,background_pseudo_absence
23.271830431875436,92.38501213784569,2025-06-01,128.3,114.0,15.086665856187206,32.7352262721076,0,background_pseudo_absence
22.97606512369704,92.50523370341534,2025-06-01,95.2,99.0,9.063543582687329,113.96248897457819,0,background_pseudo_absence
23.394130048847828,92.4913349235971,2025-06-01,132.1,460.0,38.73085186399581,313.3634229583833,0,background_pseudo_absence
22.933192215379208,92.59697887664318,2025-06-01,100.2,72.0,4.721262686570613,191.3099324740202,0,background_pseudo_absence
22.99764748794558,92.44698991932525,2025-06-01,101.6,96.0,9.895474196375124,111.80140948635182,0,background_pseudo_absence
23.36422598289434,92.53197107852601,2025-06-01,132.1,637.0,30.408766350630923,207.97947438848016,0,background_pseudo_absence
23.222518730988416,92.36363960441129,2025-06-01,121.3,260.0,38.15592483164306,255.67728002179643,0,background_pseudo_absence
23.04816464490941,92.3721808500973,2025-06-01,101.6,54.0,4.629981483311581,323.13010235415595,0,background_pseudo_absence
23.29099700020746,92.34690751081209,2025-06-01,108.2,199.0,17.949166406534854,233.13010235415598,0,background_pseudo_absence
23.427907705147152,92.56062329777504,2025-06-01,129.9,383.0,6.661843268442887,123.6900675259798,0,background_pseudo_absence
23.26764592272092,92.41391245687534,2025-06-01,128.3,89.0,10.463140171287813,232.1250163489018,0,background_pseudo_absence
23.217384147212652,92.26498375871346,2025-06-01,114.8,70.0,19.575184147076893,59.93141717813756,0,background_pseudo_absence
23.17686278166723,92.32020890721577,2025-06-01,114.8,121.0,4.629981483311581,270.0,0,background_pseudo_absence
23.06696669798183,92.5579957865884,2025-06-01,175.5,201.0,17.370473920145663,248.74949449286675,0,background_pseudo_absence
23.271539346251522,92.37683279158479,2025-06-01,128.3,72.0,9.245369559420672,264.28940686250036,0,background_pseudo_absence
22.94853437787894,92.54892850729402,2025-06-01,89.8,257.0,20.44957527203876,87.51044707800085,0,background_pseudo_absence
23.39430723621325,92.51591819324914,2025-06-01,132.1,634.0,26.225371458157145,117.40757543781842,0,background_pseudo_absence
23.082745363952814,92.56006638822598,2025-06-01,175.5,143.0,10.463140171287813,217.87498365109818,0,background_pseudo_absence
23.425073306947457,92.48783019435189,2025-06-01,132.1,680.0,28.935398567553452,5.042451069170913,0,background_pseudo_absence
23.11480070907822,92.4153023293777,2025-06-01,116.1,218.0,19.72452770068585,18.43494882292201,0,background_pseudo_absence
23.07828417710974,92.51776398403074,2025-06-01,114.7,437.0,15.794492433669825,66.37062226934319,0,background_pseudo_absence
23.33277979746515,92.35778529405758,2025-06-01,128.3,77.0,2.932085702984153,288.434948822922,0,background_pseudo_absence
23.41232796225855,92.5779459494148,2025-06-01,129.9,221.0,16.348487945250483,6.34019174590991,0,background_pseudo_absence
23.326144105220113,92.46030713540544,2025-06-01,135.8,325.0,11.472211019708872,208.6104596659652,0,background_pseudo_absence
23.250395132047455,92.27071604860481,2025-06-01,108.2,126.0,2.0742028577397202,296.565051177078,0,background_pseudo_absence
23.35688619416245,92.51760333944013,2025-06-01,132.1,552.0,18.86402226310986,275.4403320310055,0,background_pseudo_absence
23.2932010735228,92.31538992796328,2025-06-01,108.2,88.0,7.209749706875432,50.1944289077348,0,background_pseudo_absence
22.95203990497167,92.53116834931579,2025-06-01,95.2,72.0,22.83697312304369,247.38013505195957,0,background_pseudo_absence
23.171460685721744,92.27721042014002,2025-06-01,114.8,168.0,10.73476703513389,250.01689347810003,0,background_pseudo_absence
23.316607304832196,92.49520697903007,2025-06-01,135.8,409.0,29.638667693663425,265.1009075462122,0,background_pseudo_absence
23.11320165003642,92.37498330822284,2025-06-01,116.1,73.0,1.8553855108258313,0.0,0,background_pseudo_absence
22.981869155502686,92.53353308450161,2025-06-01,95.2,195.0,11.036260392791437,85.23635830927383,0,background_pseudo_absence
23.36783968204162,92.4244476211029,2025-06-01,119.9,712.0,39.96388708360825,131.08175113593262,0,background_pseudo_absence
23.420795158313002,92.95304588421571,2025-06-01,128.0,850.0,5.626749308445709,99.46232220802563,0,background_pseudo_absence
22.97015984055334,93.03948672413044,2025-06-01,112.8,539.0,15.420145229307995,266.6335393365702,0,background_pseudo_absence
23.035548880229083,93.02738902942646,2025-06-01,112.8,981.0,14.36451703319288,288.434948822922,0,background_pseudo_absence
23.353925677876255,93.25129500281251,2025-06-01,69.7,1223.0,26.839823149122562,219.8055710922652,0,background_pseudo_absence
23.048018413299772,92.99931058143949,2025-06-01,112.8,722.0,15.420145229307995,86.63353933657021,0,background_pseudo_absence
23.421594125946385,92.95453465789991,2025-05-31,46.2,833.0,33.68112415116932,295.94229548987164,0,background_pseudo_absence
23.396020910121585,93.20776491581239,2025-05-31,31.0,1157.0,10.463140171287813,52.12501634890181,0,background_pseudo_absence
23.35772062016284,93.36964819859085,2025-05-31,17.9,762.0,38.39075296648487,130.85537625889572,0,background_pseudo_absence
23.25040975309848,93.34068181367267,2025-06-01,61.8,1637.0,12.681217315058879,239.74356283647074,0,background_pseudo_absence
23.379706409371916,93.34953329968654,2025-05-31,21.4,939.0,17.10533741317946,0.0,0,background_pseudo_absence
23.303595741410863,93.42340157938091,2025-06-01,44.5,1520.0,5.848894052728543,71.56505117707799,0,background_pseudo_absence
23.402975901377918,93.27231156009569,2025-06-01,69.7,867.0,17.886034144658236,162.47443162627712,0,background_pseudo_absence
23.196417332930817,93.50653990173676,2025-06-01,41.9,2326.0,30.673328056017372,34.99202019855867,0,background_pseudo_absence
23.430789683779167,93.38983714635879,2025-06-12,0.0,761.0,2.0742028577397202,26.56505117707799,0,background_pseudo_absence
23.475493366508086,93.37319950768602,2025-06-14,0.4,1426.0,11.472211019708872,208.6104596659652,0,background_pseudo_absence
23.746521103560525,93.23254453295434,2025-06-14,25.9,667.0,23.749926322957805,83.6598082540901,0,background_pseudo_absence
23.373244465243264,93.31213977905547,2025-06-14,2.6,1121.0,22.80662735466274,344.3577535427913,0,background_pseudo_absence
23.72960613232334,93.05419787042287,2025-06-15,16.9,1052.0,30.1399033659542,157.01128319791937,0,background_pseudo_absence
23.667720948579717,93.01432980683288,2025-05-31,34.3,744.0,21.309480093681582,311.6335393365702,0,background_pseudo_absence
23.92739921882126,93.02821822310648,2025-06-15,37.3,1083.0,24.895681254017045,60.751173663453024,0,background_pseudo_absence
23.864807952483364,93.03476251371828,2025-05-31,55.5,911.0,15.420145229307995,176.63353933657018,0,background_pseudo_absence
23.83843985291361,93.12742892512634,2025-06-01,108.7,853.0,53.211839673450186,196.89864869403823,0,background_pseudo_absence
24.27388115217337,92.66709379413845,2025-06-14,47.5,166.0,5.848894052728543,161.565051177078,0,background_pseudo_absence
24.31974978786496,92.79623057849045,2025-06-14,29.6,247.0,24.882351543112208,204.77514056883192,0,background_pseudo_absence
24.277925282339968,92.68013107711418,2025-05-29,39.7,111.0,9.467405787657809,29.054604099077146,0,background_pseudo_absence
24.28569798508343,92.69208974065081,2025-06-01,46.2,369.0,38.6450815492411,96.98105740682979,0,background_pseudo_absence
23.959524626866333,92.97180223877201,2025-06-15,54.5,414.0,21.40948841806286,218.29016319224306,0,background_pseudo_absence
22.93264427100591,92.49243253994288,2017-06-12,142.1,89.0,14.528657803292958,0.0,0,background_pseudo_absence
24.76916227504521,93.01942337919087,2018-04-28,2.4,28.0,4.629981483311581,143.13010235415598,0,background_pseudo_absence
24.83011967755292,92.85383392201626,2020-02-02,0.0,24.0,2.932085702984153,161.565051177078,0,background_pseudo_absence
23.75481515915576,92.43982425492808,2023-06-04,0.0,275.0,5.626749308445709,99.46232220802563,0,background_pseudo_absence
23.72864746803575,92.49353156592105,2011-05-22,1.0,776.0,32.16890584978993,124.50852298766841,0,background_pseudo_absence
23.742752383610462,93.00555432198865,2016-09-17,13.5,742.0,24.01952501448043,289.09349200048564,0,background_pseudo_absence
23.694392741906015,93.00245200273112,2016-09-17,13.5,927.0,33.78232569201892,186.95295746817393,0,background_pseudo_absence
23.61610249122044,92.53902190249762,2025-01-02,0.0,583.0,15.369402999947548,225.0,0,background_pseudo_absence
23.667039095464034,92.5453459870985,2025-09-13,15.7,311.0,25.277539722463967,95.9061411137705,0,background_pseudo_absence
23.47261809024542,92.44978944060318,2024-07-02,37.0,226.0,6.533604276522507,8.13010235415598,0,background_pseudo_absence
23.62066523581589,92.52229097183117,2024-08-25,7.8,257.0,19.310139893239235,56.30993247402022,0,background_pseudo_absence
23.080483954070065,92.56442939748055,2025-06-02,2.0,104.0,5.235041214894499,45.0,0,background_pseudo_absence
23.31596379180873,92.51969880435826,2025-06-05,0.0,764.0,25.159993081563847,226.39718102729637,0,background_pseudo_absence
23.066146709848656,92.55195525598589,2025-06-02,2.0,195.0,13.538255793378935,132.27368900609375,0,background_pseudo_absence
23.4067897510057,92.52292699048762,2025-05-24,1.8,419.0,30.588751099214704,189.46232220802563,0,background_pseudo_absence
23.32607702272493,92.52114444038764,2025-06-02,13.5,666.0,30.93372300732159,0.0,0,background_pseudo_absence
23.302746249262647,92.50133618327719,2025-06-06,0.0,353.0,15.420145229307995,319.76364169072616,0,background_pseudo_absence
23.35359624416711,92.50828847671738,2025-06-03,42.8,479.0,29.78767331550252,244.88516511385544,0,background_pseudo_absence
23.406367492120108,92.56354470336923,2025-06-02,6.3,392.0,5.626749308445709,279.4623222080256,0,background_pseudo_absence
23.058933824831744,92.51590315230571,2025-06-02,7.6,259.0,25.212341344031998,86.05481377096244,0,background_pseudo_absence
23.04766391029256,92.57219475350279,2025-06-02,1.6,93.0,4.629981483311581,306.869897645844,0,background_pseudo_absence
23.048212555038017,92.53448691194166,2025-06-02,8.6,736.0,29.498374004168262,13.240519915187207,0,background_pseudo_absence
23.074804706985315,92.51704224755898,2025-06-15,18.3,492.0,22.406704629744063,315.0,0,background_pseudo_absence
23.0729866060737,92.56464680590284,2025-06-02,2.0,91.0,3.931063454702078,315.0,0,background_pseudo_absence
23.310693778474807,92.52702366554476,2025-06-06,0.0,690.0,24.88235154311221,102.0947570770121,0,background_pseudo_absence
23.310810587978676,92.53635104720288,2025-06-02,13.5,921.0,17.08301051739769,288.434948822922,0,background_pseudo_absence
23.07964162336947,92.56972544472315,2025-06-02,2.0,80.0,2.0742028577397202,116.56505117707799,0,background_pseudo_absence
23.03416876288953,92.57222313476404,2025-06-02,1.6,124.0,19.909116675568132,243.43494882292202,0,background_pseudo_absence
23.072378337924242,92.52574134806271,2025-09-13,15.3,667.0,42.64353304250089,113.86017519134235,0,background_pseudo_absence
23.078128748037347,92.55718788371776,2025-09-13,14.4,142.0,3.342217432740406,236.3099324740202,0,background_pseudo_absence
23.352591847211848,92.54980344806104,2025-09-13,13.7,588.0,19.556409699933386,294.22774531795415,0,background_pseudo_absence
23.03199443130128,92.56775264978934,2025-06-01,135.6,274.0,14.66379508848332,248.19859051364818,0,background_pseudo_absence
22.94071244676182,92.59921399789292,2025-09-13,6.1,91.0,16.766544495336266,233.7461622625552,0,background_pseudo_absence
23.00623663632832,92.56610694917357,2025-06-02,1.6,432.0,16.58234174762092,337.6198649480404,0,background_pseudo_absence
23.048226878075692,92.48358481933175,2025-05-30,188.5,88.0,18.785020512595423,90.0,0,background_pseudo_absence
23.065307154181546,92.55511059215686,2025-09-13,14.4,269.0,11.036260392791437,94.76364169072617,0,background_pseudo_absence
23.004748336119167,92.54427625069407,2025-06-06,0.0,476.0,19.575184147076893,30.068582821862446,0,background_pseudo_absence
23.02819053707318,92.54881815863786,2025-05-29,60.6,351.0,31.07155102405674,323.74616226255523,0,background_pseudo_absence
23.01134537377873,92.5271805050729,2025-05-30,188.5,378.0,25.62515395752319,101.68936917543918,0,background_pseudo_absence
23.049671265691135,92.54633808475853,2025-05-30,188.5,379.0,26.42063602158856,250.9743939624313,0,background_pseudo_absence
23.041123707950437,92.5489461154342,2025-09-13,16.9,444.0,29.498374004168262,293.6293777306568,0,background_pseudo_absence
23.01265490161801,93.01259259667108,2025-06-01,112.8,816.0,28.222617478311435,275.1944289077348,0,background_pseudo_absence
23.003090271404645,92.5502791857655,2025-06-02,1.6,516.0,18.15759410950945,327.0947570770121,0,background_pseudo_absence
22.97715770639153,92.56861469677848,2025-05-30,204.9,459.0,28.987377874484682,217.87498365109818,0,background_pseudo_absence
23.08480174710801,92.48160296094153,2025-05-30,223.9,130.0,15.086665856187206,122.7352262721076,0,background_pseudo_absence
23.094263024723958,92.55468216830387,2025-06-01,175.5,174.0,17.08301051739769,71.56505117707799,0,background_pseudo_absence
22.902932836528507,92.5741091965424,2025-05-30,211.1,473.0,33.58714879015505,77.31961650818018,0,background_pseudo_absence
23.044076542992627,92.57007457469489,2025-06-06,0.0,73.0,4.142983183641761,153.434948822922,0,background_pseudo_absence
23.05648382120236,92.54398550086296,2025-09-13,15.3,413.0,20.782093658732848,50.19442890773481,0,background_pseudo_absence
22.917176445258928,92.53821310243966,2025-09-13,7.8,96.0,18.444353069704622,150.94539590092285,0,background_pseudo_absence
23.07276014604981,92.47447525331884,2025-06-01,114.7,77.0,18.804811394848315,295.3461759419467,0,background_pseudo_absence
22.951633745693016,92.59877008805816,2025-05-31,44.9,83.0,5.5506727052509675,90.0,0,background_pseudo_absence
23.06171908020004,92.47402246479278,2025-05-30,223.9,83.0,6.725013241134402,254.05460409907715,0,background_pseudo_absence
23.052088733382902,92.48086294358113,2025-06-15,18.3,68.0,21.39286550861863,240.25511870305778,0,background_pseudo_absence
22.918099104482195,92.60203665786183,2025-05-30,211.1,98.0,24.855659070831365,233.53076560994813,0,background_pseudo_absence
25.614117299284505,94.25830353511938,2008-08-02,29.1,1343.0,35.11551919769701,165.32360686255,0,background_pseudo_absence
25.67401236381101,94.3407756848025,2007-08-12,11.6,2324.0,22.546296038214383,110.55604521958348,0,background_pseudo_absence
25.780972663362576,94.3674497828789,2008-08-16,7.7,1637.0,28.82046524388704,47.38594403038881,0,background_pseudo_absence
25.939420509333594,94.10792551628928,2013-07-03,25.3,620.0,9.467405787657809,60.94539590092286,0,background_pseudo_absence
25.940245761788166,93.90040384954432,2013-09-08,5.6,153.0,1.8553855108258313,270.0,0,background_pseudo_absence
26.02165276983272,93.83614306299006,2013-07-16,24.1,145.0,2.6229949491577687,225.0,0,background_pseudo_absence
25.856678510425407,93.65583683587074,2013-07-16,14.7,202.0,3.8206397490046036,284.03624346792645,0,background_pseudo_absence
25.879790184795684,94.65278431173861,2009-06-21,25.6,1866.0,26.225371458157145,332.5924245621816,0,background_pseudo_absence
25.925561342573765,94.67325667250341,2009-06-21,25.6,1656.0,36.22104069814366,215.0958167870261,0,background_pseudo_absence
26.097142200509673,94.10197057120116,2021-09-18,4.5,576.0,20.502566845451685,107.65012421993013,0,background_pseudo_absence
26.534931304048673,94.8589904247019,2009-06-20,54.7,773.0,20.44957527203876,182.48955292199915,0,background_pseudo_absence
26.491403525100036,94.81908718604411,2009-06-04,35.6,1257.0,27.39782287258114,180.0,0,background_pseudo_absence
26.318463077833123,94.73148063732452,2009-06-20,37.1,1421.0,33.73569503565634,104.03624346792648,0,background_pseudo_absence
26.559457926199062,94.95714176163693,2009-07-27,11.1,981.0,34.294194673716035,184.08561677997488,0,background_pseudo_absence
26.229648425784497,94.67226229503869,2009-08-20,23.6,1362.0,23.620614228199447,270.0,0,background_pseudo_absence
26.546991036112505,94.91405918068371,2013-08-16,64.3,568.0,31.370785499013756,163.00917670801385,0,background_pseudo_absence
26.25444583556252,94.94492282288871,2023-08-17,4.2,1718.0,15.794492433669825,293.6293777306568,0,background_pseudo_absence
26.217206492493453,94.83937627225617,2013-08-17,9.9,1894.0,19.72452770068585,251.56505117707798,0,background_pseudo_absence
26.555243433011746,94.8057588793519,2013-08-18,0.0,884.0,20.642975392486502,205.4633450618716,0,background_pseudo_absence
25.64650375873191,93.78749983835542,2024-09-03,9.6,550.0,10.73476703513389,109.98310652189998,0,background_pseudo_absence
25.654454997007928,93.9386818698151,2024-09-03,12.7,2226.0,20.782093658732848,50.19442890773481,0,background_pseudo_absence
25.772672418183948,94.27281796711121,2025-01-19,0.0,711.0,20.50256684545169,355.0302592718897,0,background_pseudo_absence
26.30673738346018,94.60328227128053,2025-07-07,12.6,672.0,32.83998111253371,162.47443162627712,0,background_pseudo_absence
25.441897722022684,94.32568333559946,2025-07-07,22.3,1583.0,38.20906690122591,216.6341138759674,0,background_pseudo_absence
26.53869704372524,94.23792736745942,2025-07-08,7.5,125.0,2.0742028577397202,243.43494882292202,0,background_pseudo_absence
26.43412075644184,94.2316164899519,2025-07-07,15.8,249.0,11.147013511080369,9.462322208025618,0,background_pseudo_absence
26.512104658869212,94.54222238821099,2025-07-05,32.7,315.0,21.508850397836444,279.4623222080256,0,background_pseudo_absence
26.587353277116563,94.21269615834115,2025-07-07,15.0,105.0,2.0742028577397202,243.43494882292202,0,background_pseudo_absence
25.47940110917489,93.98930834023375,2024-07-06,4.2,1811.0,39.558228991183476,118.07248693585296,0,background_pseudo_absence
25.813528019254015,93.65123719214075,2024-09-03,28.5,165.0,2.7818634659843506,0.0,0,background_pseudo_absence
26.090224084489826,94.43865031421474,2024-07-23,5.2,660.0,22.406704629744063,315.0,0,background_pseudo_absence
25.639057245981228,93.83011471438405,2017-10-29,50.0,769.0,11.036260392791437,228.36646066342982,0,background_pseudo_absence
25.93047371951233,94.00928008517741,2022-09-12,29.9,542.0,20.868399469699217,102.26477372789242,0,background_pseudo_absence
25.547597658368744,94.25670716768663,2022-09-25,1.8,1323.0,30.794735986199903,132.7974018382342,0,background_pseudo_absence
25.60837518478358,93.88033077350367,2022-09-28,18.3,2207.0,24.131694321174006,282.5288077091515,0,background_pseudo_absence
25.630077050281223,93.87497941352765,2022-10-15,1.3,1281.0,29.55864566561018,178.36342295838327,0,background_pseudo_absence
25.704332005117198,93.67906974655418,2022-09-30,0.4,356.0,20.868399469699217,102.26477372789242,0,background_pseudo_absence
25.549541667537547,93.81002934854284,2022-11-12,0.0,1174.0,19.098480621106376,10.784297867562602,0,background_pseudo_absence
25.762942218321946,93.66271381506677,2023-09-08,5.6,189.0,0.9279360212320218,270.0,0,background_pseudo_absence
25.702167424679022,94.20574194893778,2023-10-02,0.0,895.0,16.46592430515794,9.462322208025617,0,background_pseudo_absence
25.86237746958194,93.87611369394793,2018-08-23,5.3,161.0,3.342217432740406,146.30993247402023,0,background_pseudo_absence
25.95520202602558,94.32191201966221,2018-08-23,3.9,776.0,21.00547856578673,242.35402463626133,0,background_pseudo_absence
25.414482554480443,93.98013809057966,2024-06-01,23.2,906.0,27.500370667412927,174.64417495714483,0,background_pseudo_absence
25.30705686844893,94.06183917180131,2024-06-01,23.2,1231.0,31.16280184262426,187.69605172201656,0,background_pseudo_absence
25.507548341036518,94.2791664651645,2024-06-01,21.9,2293.0,26.887054488102763,63.43494882292201,0,background_pseudo_absence
25.47924190157676,94.41605184178553,2024-06-01,19.6,820.0,23.778520446085018,252.89727103094762,0,background_pseudo_absence
25.376176065020648,94.13872536994077,2024-06-01,19.5,1259.0,16.2537900442643,270.0,0,background_pseudo_absence
25.521463662991856,93.95023981438469,2024-06-01,18.7,1548.0,30.033071142420983,101.30993247402021,0,background_pseudo_absence
25.468389115775604,93.96071799461836,2024-06-01,18.7,1295.0,19.631364776866725,39.472459848343824,0,background_pseudo_absence
25.641829411414374,93.85195002064765,2024-06-01,11.4,814.0,33.100927341776625,206.565051177078,0,background_pseudo_absence
25.69878671039818,94.30144148200256,2024-06-01,16.3,1315.0,25.484430462823976,170.21759296819272,0,background_pseudo_absence
25.52117847951749,94.23983416356,2024-06-01,17.3,1827.0,17.457734943636545,101.88865803962798,0,background_pseudo_absence
26.54089562489155,94.54420393464306,2025-07-08,8.8,300.0,7.439815764419437,262.8749836510982,0,background_pseudo_absence
26.66271599429442,94.38909867636148,2025-07-07,25.9,121.0,2.6229949491577687,225.0,0,background_pseudo_absence
26.31735652818613,94.35810916049638,2025-07-07,17.6,527.0,14.636885137320926,150.25511870305778,0,background_pseudo_absence
26.25999567828466,94.40801616655632,2025-07-07,17.6,1578.0,16.993337545769563,32.005383208083494,0,background_pseudo_absence
26.338250695558663,94.23492851162091,2025-07-29,8.3,333.0,14.198148890428074,140.1944289077348,0,background_pseudo_absence
26.505679151906364,94.60698664133655,2024-07-01,102.0,367.0,15.989834468358282,132.70938995736148,0,background_pseudo_absence
26.188678486735988,94.33325182665467,2025-08-01,8.4,310.0,1.3121849935516046,225.0,0,background_pseudo_absence
26.165952692210986,94.6282626780721,2025-07-07,16.5,1589.0,32.69135739684458,349.8244891569568,0,background_pseudo_absence
25.895979574753483,94.05166419247603,2025-01-19,0.0,916.0,36.254396368681014,276.3401917459099,0,background_pseudo_absence
25.65716576080456,93.89446045873558,2015-07-15,17.6,1479.0,14.636885137320926,277.1250163489018,0,background_pseudo_absence
25.665699932878205,93.82155182465212,2018-07-08,3.7,450.0,2.0742028577397202,153.434948822922,0,background_pseudo_absence
25.50131551970266,93.84714362270955,2019-10-26,109.0,872.0,13.655677006485698,323.13010235415595,0,background_pseudo_absence
26.02551180816213,93.75762254780615,2019-05-09,0.0,141.0,0.9279360212320218,180.0,0,background_pseudo_absence
25.98085453378574,94.34812610514935,2021-09-18,11.5,571.0,27.54574307148414,334.2306723756613,0,background_pseudo_absence
27.329843643345363,88.78168710072626,2014-08-26,10.5,3627.0,28.51356928993191,10.304846468766033,0,background_pseudo_absence
27.40647907782574,88.38406662292599,2017-07-09,13.0,2482.0,14.364517033192879,214.69515353123398,0,background_pseudo_absence
27.442244040601,88.41557492458105,2013-08-28,1.0,3661.0,22.89748983690034,122.47119229084849,0,background_pseudo_absence
27.61942344880947,88.53402031906002,2014-06-24,8.2,3714.0,30.34195925670409,255.57922687248902,0,background_pseudo_absence
27.52642870188449,88.81110606465586,2014-07-08,0.6,4512.0,8.293737346460786,180.0,0,background_pseudo_absence
27.601454200345753,88.50888879891926,2014-07-01,7.6,3687.0,43.227974762132924,271.97493401088195,0,background_pseudo_absence
27.11472133015434,88.63271793031697,2015-07-08,2.6,1404.0,30.17858099548764,167.12499844038751,0,background_pseudo_absence
27.687667441341013,88.56792946381698,2015-06-01,1.5,2601.0,43.46796428312799,160.01689347810003,0,background_pseudo_absence
27.30544238438267,88.72348569579574,2015-07-11,0.0,1759.0,28.725830505290435,325.8403054543306,0,background_pseudo_absence
27.378745707687,88.01769543628525,2019-09-16,8.3,3390.0,37.5776782424969,40.732106699709185,0,background_pseudo_absence
27.237153739466688,88.2605031404547,2021-08-23,12.6,1448.0,18.46461733977188,129.0938588862295,0,background_pseudo_absence
27.230947898226233,88.81064051629806,2021-08-22,20.7,2651.0,19.117849492156317,37.40535663140855,0,background_pseudo_absence
27.04092253329405,88.56455605824425,2021-08-27,20.8,1002.0,28.395651880248145,171.38435181583588,0,background_pseudo_absence
27.734788331811412,88.7265744398755,2021-06-18,7.8,3705.0,25.277539722463967,275.9061411137705,0,background_pseudo_absence
27.479260369235813,88.38443878461239,2021-05-18,2.2,3194.0,26.57758948670846,240.94539590092285,0,background_pseudo_absence
27.074025667744227,88.71718411538401,2021-08-27,25.7,2236.0,7.209749706875432,140.1944289077348,0,background_pseudo_absence
27.48940373435832,88.18312838350873,2022-11-18,0.6,3539.0,35.392038959833194,46.8476102659946,0,background_pseudo_absence
27.260167476850082,88.24470753001596,2022-11-20,0.0,1055.0,19.575184147076893,210.06858282186244,0,background_pseudo_absence
27.360879188243,88.87402831301496,2022-05-29,1.4,4372.0,30.33239331752145,41.6335393365702,0,background_pseudo_absence
27.23872868220266,88.76413503845642,2022-10-10,9.5,2013.0,26.225371458157145,117.40757543781842,0,background_pseudo_absence
27.11372649245557,88.62396649867333,2022-08-25,0.1,1439.0,41.65329550366706,146.88865803962798,0,background_pseudo_absence
27.459788111920613,88.35230485360307,2022-06-15,22.8,3113.0,29.58869932044547,356.72951207681643,0,background_pseudo_absence
27.454423044619123,88.71207872796009,2023-10-04,16.0,2789.0,51.92694311172201,324.2933085993971,0,background_pseudo_absence
27.07080431235492,88.47235092601306,2024-08-21,1.6,1188.0,8.493137013964587,310.6012946450045,0,background_pseudo_absence
27.457149293746664,88.83253371970902,2024-07-21,2.5,4212.0,22.437832659372194,281.30993247402023,0,background_pseudo_absence
27.531657608937603,88.27774357794979,2025-09-11,7.9,4449.0,35.20821759717783,238.13402230639633,0,background_pseudo_absence
27.328747676919598,88.75401108604046,2025-07-19,36.4,3663.0,34.68068568299641,32.57405713457251,0,background_pseudo_absence
27.48383751373826,88.42486292762744,2012-07-13,9.8,2600.0,31.576182468736523,288.434948822922,0,background_pseudo_absence
27.421200585451054,88.82691171056277,2012-07-13,7.4,4127.0,24.855659070831365,306.46923439005184,0,background_pseudo_absence
27.4570116587943,88.75404685227518,2012-06-26,0.6,4233.0,20.307346369411786,293.1985905136482,0,background_pseudo_absence
27.49916728764593,88.78099536457522,2012-06-22,23.8,4918.0,41.468206286391975,63.90457584261166,0,background_pseudo_absence
27.507764261498693,88.77605444016045,2012-06-22,23.8,4611.0,24.408731306426937,177.9545915111128,0,background_pseudo_absence
27.592501099847706,88.41276080334612,2012-06-22,19.0,1895.0,38.855805826544106,30.173520029644333,0,background_pseudo_absence
27.316683922537436,88.71355187324983,2012-06-22,24.6,2727.0,19.310139893239235,236.30993247402023,0,background_pseudo_absence
27.462254509076033,88.35977494410876,2012-07-17,9.5,2742.0,43.56785254206539,317.0700306530411,0,background_pseudo_absence
23.65545951953528,91.52747946888331,2018-05-20,27.1,59.0,12.260049400304831,243.43494882292202,0,background_pseudo_absence
23.567255771026584,91.67813950613304,2018-05-20,67.1,69.0,3.8206397490046036,14.036243467926479,0,background_pseudo_absence
23.655334816692054,91.33447483543429,2009-07-10,0.0,45.0,10.696424526786249,329.0362434679265,0,background_pseudo_absence
23.76223999649545,91.30665710772679,2018-05-18,56.1,47.0,9.895474196375124,291.8014094863518,0,background_pseudo_absence
24.265367302924698,91.51011895868602,2018-05-18,6.4,20.0,2.0742028577397202,153.434948822922,0,background_pseudo_absence
24.434429028216325,94.22536661918072,2018-05-18,0.0,980.0,24.24308376604866,322.30575953331083,0,background_pseudo_absence
24.94071502267287,93.70553531048982,2018-05-18,0.5,1460.0,14.2260349438547,296.565051177078,0,background_pseudo_absence
23.966276549365453,92.02591287151266,2010-06-03,45.3,68.0,4.629981483311581,306.869897645844,0,background_pseudo_absence
24.014052636319988,91.76164483212841,2017-06-03,175.4,286.0,9.245369559420672,5.710593137499642,0,background_pseudo_absence
