latitude,longitude,event_date,rainfall_mm,elevation_m,slope_deg,aspect_deg,label,aspect_sin,aspect_cos
23.565,92.70777778,2024-05-28,65.0,851.0,35.92399477272191,292.29662504777514,1,-0.9252320682770819,0.3794016602911923
23.606578118559863,93.330593066375,2024-09-12,12.2,1685.0,30.28448045047508,123.6900675259798,0,0.8320502943378435,-0.5547001962252293
23.53972222,92.69944444,2024-05-28,60.9,783.0,35.207920938848005,238.1937618429995,1,-0.8498353149107731,-0.5270483256120895
23.164812,92.743396,2025-06-02,2.1,800.0,25.138230302455263,177.85203388046722,1,0.03748030023687576,-0.9992973667002999
23.41232796225855,92.5779459494148,2025-06-01,129.9,221.0,16.348487945250483,6.34019174590991,0,0.11043152607484655,0.9938837346736189
23.74172700528625,92.9739381006703,2024-05-28,74.8,956.0,11.71824894100145,128.6598082540901,0,0.7808688094430303,-0.6246950475544244
25.219840747697017,92.20413557598548,2020-05-26,184.8,705.0,7.932039610301627,234.46232220802565,0,-0.8137334712067354,-0.5812381937190958
23.80598462877375,92.54524379269616,2024-05-28,66.5,418.0,17.30466568558618,27.897271030947632,0,0.46788772041903276,0.8837879163470618
25.355042,91.767525,2025-05-31,92.1,1621.0,39.00407286278656,35.05903795722214,1,0.5744201914929579,0.8185605925068673
23.71446105018761,93.0632597472587,2024-05-28,74.8,1015.0,29.00812390471961,173.29016319224309,0,0.11684124756739675,-0.9931506043228763
23.73305556,92.69944444,2024-05-28,70.9,894.0,32.830785019337526,320.9760255463217,1,-0.6296455195826937,0.7768825649153415
25.890964957852898,91.82669693190844,2018-06-14,68.2,420.0,20.919948819847768,53.61564818416412,0,0.805055837353368,0.59319903804985
25.4013,91.45855,2007-08-18,5.8,1563.0,25.085620614130534,40.54450697852101,1,0.6500385306007603,0.7599012493307301
25.63514763435417,91.3205445120624,2024-07-02,3.6,1501.0,15.008452298581508,244.9831065219,0,-0.9061831399952656,-0.4228854653311235
23.243855,92.905242,2025-05-31,52.6,745.0,35.228267977050216,323.26646790927646,1,-0.5980942800999638,0.8014257495936264
23.60861111,92.85055556,2024-05-28,55.2,1123.0,25.579919581549564,312.4991084962189,1,-0.7372878486857991,0.6755787357371945
23.64638889,92.72638889,2023-10-02,11.7,797.0,27.711911971569062,109.79239307481126,1,0.9409257335033697,-0.3386130003870875
26.04684589840506,91.62219175748096,2017-07-03,16.2,304.0,13.68485075850491,176.18592516570965,0,0.066519010523774,-0.9977851578566089
23.748176980931586,93.031376877931,2024-07-02,24.3,432.0,5.626749308445709,170.53767779197435,0,0.16439898730535793,-0.9863939238321436
25.37129167,91.48003056,2024-06-15,133.2,1567.0,9.582913570760857,312.0993931759963,1,-0.7419829414738428,0.6704187605980488
23.74416667,92.85555556,2024-09-25,49.3,833.0,27.480474884500257,354.1521818831472,1,-0.10188657299702594,0.9947960224301873
22.706999,92.841597,2025-05-31,19.1,860.0,35.71001127362008,268.7110750915952,1,-0.9997469760349323,-0.02249408608964518
23.73638889,92.8,2024-05-28,71.2,375.0,25.54867335378352,93.87917042714102,1,0.9977089394992963,-0.06765258341844396
23.700819749569128,93.34231819625606,2024-08-15,8.0,1130.0,27.409248698093343,51.34019174590991,0,0.7808688094430304,0.6246950475544242
25.50335,91.28335,2007-07-25,176.3,1414.0,22.2689331700486,293.25757509333846,1,-0.9187390129074814,0.3948653266137542
23.52277778,92.70277778,2024-05-28,65.0,787.0,17.858189375307006,314.63769185317534,1,-0.7115639827185147,0.7026213051835002
23.27183043187544,92.38501213784568,2025-06-01,128.3,114.0,15.086665856187206,32.7352262721076,0,0.5407575913134988,0.8411784753765535
25.12383333,92.38519444,2010-04-22,116.1,93.0,46.58587809662253,78.52858771811431,1,0.9800240572324764,0.19887897637909283
22.920233727543263,92.60510820910427,2025-05-30,211.1,83.0,6.725013241134402,74.05460409907715,0,0.9615239476408232,0.27472112789737796
23.71595,92.70879444,2024-05-28,71.2,895.0,31.58038261275416,346.71249387445,1,-0.22983752106965452,0.9732290141115585
23.31465921628228,92.4971424254802,2025-05-31,88.1,363.0,7.439815764419437,97.1250163489018,0,0.9922778767136676,-0.12403473458920843
23.53083333,92.73333333,2024-05-28,65.0,1065.0,34.12944293542962,192.0143762281589,1,-0.20815711374535018,-0.9780954022983674
23.88508524150684,92.53155044140598,2024-08-28,34.6,189.0,12.19379700572645,192.9946167919165,0,-0.2248595066987587,-0.9743911956946198
23.73583333,92.79888889,2024-05-28,71.2,355.0,30.298590630218897,329.0758169943408,1,-0.5139033723953871,0.8578480773660614
23.68571529646611,92.466052512439,2024-05-28,60.7,379.0,9.597985496774518,16.69924423399362,0,0.28734788556634544,0.9578262852211514
23.486306,93.220639,2025-06-12,0.0,819.0,25.064055962432363,131.06555846727747,1,0.7539584163190169,-0.6569221464235468
23.33972805516268,93.27155691586115,2024-07-17,13.4,1276.0,10.142982071736864,5.194428907734807,0,0.09053574604251854,0.9958932064677039
24.04861421593965,92.72407757825496,2024-09-28,0.0,162.0,7.607600899610117,194.03624346792648,0,-0.2425356250363329,-0.9701425001453319
23.315355,92.790619,2025-05-31,49.8,617.0,32.02565990771031,158.53418401372147,1,0.3659460524568707,-0.9306360656514625
24.79083333,93.72333333,2011-07-06,5.1,1053.0,42.70668123414856,151.15600211556043,1,0.48242645485865404,-0.8759364792338032
26.1755,91.76175,2016-07-14,10.8,62.0,6.457665776341533,0.0,1,0.0,1.0
23.593174951736128,92.48459424247824,2024-05-28,54.7,467.0,36.05321706872178,20.85445803957835,0,0.3559953275919879,0.9344877349289681
23.422557627267825,92.5823898535026,2024-05-28,76.9,641.0,35.73289659519928,31.184974658738387,0,0.5178026794057725,0.8555000790182329
25.17986111,93.07077778,2016-05-17,116.3,512.0,4.801742482699243,39.65026340918259,1,0.6380996863605727,0.7699537585248472
23.284565,92.857096,2025-05-31,50.1,830.0,31.110939058995,128.04214924012496,1,0.7875576333580342,-0.6162410032929423
25.47704743,92.16831285,2020-05-25,52.6,1405.0,9.555722438408242,253.2524490177888,1,-0.9575836784253111,-0.2881553379922892
23.53944444,92.66527778,2024-05-28,60.9,599.0,20.941465266075056,21.63539899309264,1,0.3686989252484018,0.9295488704316054
24.907419858054872,92.39472818830092,2020-06-02,18.1,16.0,0.9279360212320218,180.0,0,1.2246467991473532e-16,-1.0
25.62286139392586,91.37407126853924,2025-05-30,70.7,1505.0,21.259230523293123,87.61405596961119,0,0.9991330730923519,0.04163054471218134
22.491822,92.970252,2025-05-31,12.3,967.0,22.32098681937969,281.35704216616205,1,-0.9804190937919437,0.19692232105117957
23.67138889,92.72361111,2024-05-28,66.7,927.0,37.70362952796796,79.14847892291078,1,0.9821183580139308,0.18826452361510013
23.301587,92.868485,2025-05-31,45.3,864.0,24.253209964878582,30.530875169685963,1,0.5080025982553639,0.8613555364457811
26.07256,93.928,2019-05-09,0.0,130.0,1.3861319010752768,48.06860741221516,1,0.7439455263885388,0.6682402664958764
23.73111111,92.84638889,2024-05-28,71.0,698.0,25.89669877689265,306.83320352797125,1,-0.8003840958156749,0.5994875304502375
23.89638889,92.73638889,2023-09-27,3.0,1081.0,55.33648324907083,248.34742832892127,1,-0.9294383223237689,-0.3689775128594939
23.556013870345943,92.47504849607228,2024-05-28,54.7,425.0,28.56689093559397,300.3791260113683,0,-0.8626979700976583,0.5057194997124196
23.24454722,93.17027222,2024-07-19,0.4,861.0,32.65644186884725,81.29347082842253,1,0.9884766433818244,0.15137346362094492
23.174341,92.740855,2025-09-13,17.6,786.0,24.24184182892916,77.55789382865373,1,0.9765142074858079,0.2154530171020231
24.60002222,93.37166389,2024-10-21,0.0,863.0,15.404522151660688,45.23317042601642,1,0.7099785537041559,0.704223297882252
23.774,92.848,2024-06-28,1.4,670.0,32.794003074861294,221.1593245518512,1,-0.6581551394135479,-0.7528823364002727
24.64528611,93.28593611,2024-09-24,6.3,570.0,26.251412929600708,190.3909163563449,1,-0.18036320806333636,-0.9836000778655427
23.226843,92.740266,2025-06-02,2.4,757.0,17.01620167366209,102.2008777487474,1,0.9774126567588558,-0.2113397700566441
23.339144,92.786128,2025-05-30,172.3,682.0,22.90982331767783,343.040786719784,1,-0.2916908731573854,0.9565126421102244
27.5341911472369,91.72739811312594,2016-04-22,25.5,1958.0,11.924651814200722,327.5288077091515,0,-0.5368754921931596,0.8436614877321074
25.69814,93.129423,2025-06-05,0.0,306.0,15.697847028890534,106.71836016529764,1,0.9577303623315507,-0.28766743484147905
23.772088249281445,92.57014164518566,2024-05-28,70.9,806.0,25.277539722463967,239.03624346792648,0,-0.8574929257125442,-0.5144957554275266
27.378745707687,88.01769543628525,2019-09-16,8.3,3390.0,37.5776782424969,40.73210669970919,0,0.6525231353598774,0.7577688023534059
23.19917,93.000199,2025-06-01,117.6,768.0,36.87379236933969,337.9605732388938,1,-0.37524452472793096,0.9269258582333914
23.60555123080126,92.5327392573329,2024-07-02,34.0,418.0,27.329100681968104,327.80426606528675,0,-0.5328132696861394,0.8462328400897505
23.099615,92.752199,2025-06-06,0.0,780.0,9.49164623626332,47.391401831798,1,0.7359955025290666,0.6769864254599103
23.88361111,92.85305556,2024-08-17,30.5,658.0,31.754840549300685,270.0,1,-1.0,-1.8369701987210297e-16
23.281264,92.869279,2024-05-28,101.0,982.0,39.60465126462479,290.59526421079414,1,-0.9360886140530951,0.35176427709498237
23.24097517965908,93.27540819650474,2024-09-28,0.0,1225.0,23.63503418019308,308.99099404250546,0,-0.7772448707074857,0.6291982286679643
25.706463676659407,91.46769377931216,2025-05-28,21.1,755.0,20.782093658732848,129.8055710922652,0,0.7682212795973757,-0.6401843996644799
23.199924,92.73481,2025-06-02,2.1,752.0,20.90497010668423,104.71421318550568,1,0.9672047740723859,-0.2539978838722576
23.465558,92.855991,2024-05-28,96.5,1072.0,16.77310210778334,83.84061428940639,1,0.9942272698742933,0.10729462166534304
23.206413,92.632701,2025-06-01,136.9,549.0,18.78280729906028,211.1513593201848,1,-0.5173006698432554,-0.8558037257337218
24.84833,93.45917,2008-06-19,1.8,988.0,32.90405719147133,1.5781302705321991,1,0.027540086731708845,0.9996206998771133
25.024780274492397,92.93319305897748,2022-05-14,62.4,257.0,24.62697238851986,32.005383208083494,0,0.5299989400031799,0.847998304005088
23.64242923721652,92.56571571770804,2024-05-28,60.9,764.0,27.804234744503912,222.5104470780008,0,-0.6757246285173456,-0.737154140200742
26.02811322997512,91.70535087266154,2018-08-24,28.1,334.0,6.533604276522508,225.0,0,-0.7071067811865475,-0.7071067811865477
23.223594,92.914767,2025-05-31,52.6,760.0,24.618041920524192,112.84063007086098,1,0.9215881214748561,-0.3881692084084541
23.74467992844873,92.44702667083492,2024-05-28,55.6,253.0,2.07420285773972,26.56505117707799,0,0.4472135954999579,0.8944271909999159
27.28408,88.54611,2013-08-28,0.7,1530.0,27.269800175809984,61.931374025508674,1,0.8823846504615867,0.47052877555977757
25.69463611,91.64577778,2025-05-30,87.5,1204.0,23.97321793855429,139.78511637310515,1,0.6456560759354036,-0.7636283334238563
23.68143611,92.72144167,2024-05-28,66.7,1036.0,31.19118898756639,115.29856717879376,1,0.9040932365074758,-0.42733525445654197
23.67701,92.87895,2025-06-01,126.6,407.0,18.91722699445784,55.516078915170176,1,0.824285106756499,0.5661749400842702
24.99083,93.50583,2007-08-28,5.8,1206.0,15.786750859896308,124.8846657260184,1,0.8203049719414542,-0.5719263527834069
23.03199443130128,92.56775264978934,2025-06-01,135.6,274.0,14.66379508848332,248.19859051364816,0,-0.9284766908852592,-0.3713906763541039
25.856678510425407,93.65583683587074,2013-07-16,14.7,202.0,3.820639749004604,284.03624346792645,0,-0.9701425001453319,0.24253562503633286
24.517804866533453,92.31905373279189,2010-06-03,37.3,35.0,6.533604276522507,188.130102354156,0,-0.14142135623730992,-0.9899494936611665
24.781694,93.776056,2018-05-18,3.7,991.0,19.179943242342617,134.2089730504159,1,0.7168014163388774,-0.6972773691541834
23.57496922966187,92.55471551432692,2024-05-28,60.9,713.0,12.423944140327988,162.89727103094762,0,0.2940858488375232,-0.9557790087219501
23.74194444,92.71305556,2024-08-21,38.9,902.0,24.69059806902374,247.2398211875769,1,-0.922132256449831,-0.38687478803192005
25.614117299284505,94.25830353511938,2008-08-02,29.1,1343.0,35.11551919769701,165.32360686255,0,0.25335939183768275,-0.9673722233802454
23.753894853548317,92.53294309137569,2024-06-20,2.2,375.0,20.642975392486505,64.5366549381284,0,0.9028605188239304,0.4299335803923476
23.876018082862146,92.56945127753116,2024-05-28,74.8,607.0,33.04419851346258,198.8860873697093,0,-0.32368767906299023,-0.9461639849533561
24.74181520557529,93.57427857481458,2024-07-02,32.1,585.0,16.277527661788852,266.8201698801358,0,-0.9984603532054125,-0.05547001962252268
22.892426,92.822937,2025-05-31,27.2,777.0,33.2902169358846,81.50343239594122,1,0.9890247163480275,0.14775016227640453
23.65777778,92.67444444,2024-05-28,65.6,954.0,11.156761715676003,10.312642176511162,1,0.17901930263902013,0.9838455617029732
25.10928927875822,93.19965637318262,2010-06-16,17.9,755.0,37.05383779143046,67.28558764683277,0,0.9224409883013099,0.38613808812612965
25.15556,93.021583,2022-05-14,66.9,610.0,10.63509550805223,301.10837793024643,1,-0.8561915466688788,0.5166585288299742
23.402540822109867,92.58540116991288,2025-06-01,129.9,360.0,26.31108689507076,31.607502246248902,0,0.5240974256643347,0.851658316704544
26.34082752917283,91.9585404634609,2016-04-18,11.9,55.0,2.6229949491577687,315.0,0,-0.7071067811865477,0.7071067811865474
26.09150556,91.87898611,2020-07-12,12.3,77.0,4.221370426600287,257.3456215682095,1,-0.9757092864660081,-0.21906936870314225
23.73888889,92.71472222,2024-08-21,38.9,1107.0,25.186500550542263,249.88950114216263,1,-0.9390312642515142,-0.34383176810498906
23.80750556,92.83417222,2024-05-28,81.7,558.0,34.786729788567904,132.45560668881114,1,0.7378005691275865,-0.6750187554394392
24.57470833,93.13897222,2024-07-09,26.2,349.0,29.95736891481161,330.4235021791922,1,-0.49358516655970325,0.8696974665665239
23.365625149999374,93.28024465508636,2024-09-13,15.2,1222.0,16.277527661788852,70.5599651718238,0,0.9429903335828895,0.33282011773513753
25.40023,91.5159,2007-06-16,104.1,1592.0,19.84441103962715,57.476491900797065,1,0.8431709241689165,0.5376456013361731
23.84952314570369,93.02762260809692,2024-07-18,0.9,831.0,7.032045647403496,66.80140948635182,0,0.9191450300180579,0.3939192985791677
25.950514059068595,91.7165867026664,2017-06-13,92.2,230.0,28.427894805215317,321.0724564072077,0,-0.6283371070876214,0.7779411802037215
25.88165,94.19023,2025-01-19,0.0,1399.0,27.484747971032043,5.948847366570277,1,0.10364053060601248,0.9946148201267183
24.225800105196665,93.19034942090236,2024-07-02,24.8,867.0,25.92802561114133,240.01836063115064,0,-0.8661855860486003,-0.49972245348957745
25.6387,94.10979,2024-06-01,11.0,1475.0,24.655530592620007,35.88195782732432,1,0.5861172493484603,0.8102262461906519
23.318568,92.852294,2025-05-31,45.3,810.0,12.644054392234448,239.6986564568622,1,-0.8633837195743088,-0.5045478696556268
25.66083,94.10278,2008-08-02,17.0,1483.0,3.700645055238003,0.0,1,0.0,1.0
23.53888889,92.6625,2024-05-28,60.9,626.0,19.65369478270047,57.09126354502761,1,0.8395370315859989,0.5433024687922645
24.923007400456708,92.88205854957852,2022-05-14,43.3,31.0,2.6229949491577687,315.0,0,-0.7071067811865477,0.7071067811865474
25.20546845687584,91.92009327751336,2007-07-19,54.5,515.0,7.032045647403496,336.8014094863518,0,-0.39391929857916785,0.9191450300180578
25.660039854590465,91.7671889469243,2025-06-11,20.2,966.0,15.571183877747195,125.53767779197436,0,0.8137334712067353,-0.5812381937190959
24.9252,94.3371,2018-06-06,0.1,1490.0,34.8898922688364,355.60072454002784,1,-0.07670641978137997,0.9970537223060364
23.198136,93.166988,2025-06-01,103.1,663.0,27.90847037067723,332.2904694023412,1,-0.4649893159422033,0.8853162915363084
25.328006412379832,93.31313483767504,2017-06-03,49.3,694.0,19.90911667556813,116.565051177078,0,0.8944271909999156,-0.4472135954999583
23.73666667,92.85611111,2024-07-02,18.2,766.0,29.72441974495491,286.4514485945668,1,-0.9590600600533619,0.2832027563609541
23.27598056,93.14351667,2024-07-02,22.0,663.0,7.2597313196345565,104.70619226535554,1,0.9672403221308563,-0.25386248096990865
23.306338,92.666573,2025-06-01,129.9,686.0,27.91263109914913,152.2713258668404,1,0.46528508984743844,-0.8851608809508366
23.41430632221704,92.48159399888696,2025-06-01,132.1,367.0,23.63503418019308,357.87890360333853,0,-0.03701166050988054,0.9993148337667671
24.914153030785677,92.94075800871768,2022-05-13,39.1,43.0,10.142982071736864,354.8055710922652,0,-0.09053574604251814,0.9958932064677039
23.640937924518976,92.55569097450152,2024-05-28,60.9,595.0,26.27440675642284,311.00908690157024,0,-0.7546055221635044,0.656178714924787
23.421594125946385,92.95453465789991,2025-05-31,46.2,833.0,33.68112415116932,295.94229548987164,0,-0.8992350887457965,0.4374657188493054
23.74916667,92.7375,2024-06-30,84.9,1017.0,35.54109273600594,28.024229966306343,1,0.469844912877433,0.8827489778205339
23.42277530826248,92.48927193791056,2024-05-28,60.4,593.0,30.28448045047508,86.82016988013577,0,0.9984603532054124,0.05547001962252301
23.444355144687915,92.39876544553351,2024-05-28,42.0,195.0,11.036260392791435,311.6335393365702,0,-0.7474093186836599,0.6643638388299196
23.41421944,93.10569167,2024-08-13,9.6,1023.0,26.11325033814077,188.2670935882723,1,-0.14378786759824191,-0.9896085332754313
23.200655,92.5813,2025-06-01,135.8,737.0,24.61487802757079,112.84414944119531,1,0.9215642765979716,-0.3882258158578037
24.18566111,93.53935278,2024-07-02,26.1,673.0,24.98272675655645,316.7830246225586,1,-0.684763051956243,0.7287657803955752
25.40580609422341,91.67193774470586,2010-06-28,60.7,1667.0,3.706887929602367,0.0,0,0.0,1.0
23.72052382190646,92.56190708673132,2024-05-28,65.6,788.0,20.16375853629382,131.42366562500266,0,0.7498378553650924,-0.6616216370868465
22.92463265374908,92.5258960642077,2025-06-01,89.8,78.0,21.39286550861863,187.1250163489018,0,-0.12403473458920815,-0.9922778767136677
23.5761354579612,92.45719488477496,2024-07-19,4.9,603.0,11.578367053059411,18.434948822922014,0,0.316227766016838,0.9486832980505138
23.463628283340217,92.4792955065513,2024-05-28,54.3,334.0,11.89052883059308,112.61986494804044,0,0.923076923076923,-0.3846153846153848
23.86972222,92.87611111,2024-05-28,81.7,971.0,25.922171071455047,201.3329900871393,1,-0.36378762465994413,-0.9314819183131123
25.04340071631189,93.04323930180487,2016-05-22,0.5,569.0,14.636885137320926,262.8749836510982,0,-0.9922778767136676,-0.12403473458920888
25.66916893591786,92.02785977503902,2007-09-15,8.9,895.0,7.439815764419437,299.74488129694225,0,-0.868243142124459,0.4961389383568341
22.969582,92.925917,2025-05-31,33.3,758.0,26.549091274110893,221.89928228109216,1,-0.6678232317568624,-0.7443199118160282
26.15427778,91.79263889,2017-06-13,83.4,78.0,8.251324887683426,276.4018858656277,1,-0.9937642496709349,0.11150164158416563
27.40647907782574,88.38406662292599,2017-07-09,13.0,2482.0,14.36451703319288,214.695153531234,0,-0.569209978830309,-0.8221921916437781
27.507764261498693,88.77605444016045,2012-06-22,23.8,4611.0,24.408731306426937,177.9545915111128,0,0.03569153051241199,-0.9993628543475496
23.341022,92.776761,2025-05-30,172.3,744.0,30.106338653043,307.84388795857365,1,-0.7896853003204765,0.6135121241326522
27.61936111,88.66131389,2021-06-18,17.6,1848.0,47.13147207303176,42.65477085251704,1,0.6775793188566651,0.7354497036900196
23.709945562000527,93.00872589123672,2024-05-28,74.8,636.0,30.110835671941867,35.90972307917768,0,0.5865098121518428,0.8099421215430211
23.472449003321373,92.4606334461262,2023-07-28,2.0,295.0,11.18366280155205,304.99202019855863,0,-0.8192319205190409,0.5734623443633277
25.62327082764596,91.49871883031471,2024-05-28,68.7,1349.0,24.62697238851986,147.9946167919165,0,0.5299989400031797,-0.8479983040050881
24.02205833,93.29369167,2024-09-24,10.5,1201.0,26.75099311187316,186.04796538633127,1,-0.10536099444395315,-0.9944340404721579
23.68457689514116,92.51429882054656,2024-05-28,60.7,109.0,4.142983183641761,243.434948822922,0,-0.8944271909999157,-0.44721359549995815
27.33208,88.50902,2015-07-11,1.3,1534.0,24.684186344139658,261.9103012944548,1,-0.9900489745597814,-0.14072323181737062
24.04014167,93.2915,2024-07-02,20.5,666.0,21.000786761915705,323.15961258373284,1,-0.5995878798997534,0.8003089242769438
23.051217577496946,92.55823387090425,2025-05-31,49.4,232.0,13.68485075850491,266.18592516570965,0,-0.9977851578566089,-0.06651901052377363
23.66416667,92.72055556,2024-05-28,66.7,1046.0,52.076129317447375,71.64142926065824,1,0.9491040021295983,0.31496284406510466
23.802336814716625,92.5524344096314,2024-05-28,70.9,517.0,14.2260349438547,116.565051177078,0,0.8944271909999156,-0.4472135954999583
26.221585080029968,92.1121558634313,2014-09-25,0.9,56.0,2.07420285773972,116.565051177078,0,0.8944271909999156,-0.4472135954999583
27.24144,88.60681,2017-07-09,51.6,1379.0,21.75282693042685,39.65071718903282,1,0.6381057843377282,0.769948704781515
23.52944444,92.72944444,2024-05-28,65.0,989.0,18.36313279414231,253.00588639488967,1,-0.9563347882997508,-0.2922734553250959
25.95520202602558,94.3219120196622,2018-08-23,3.9,776.0,21.00547856578673,242.35402463626133,0,-0.8858315352801555,-0.4640069946705575
23.292364251223884,92.40702139787544,2025-06-01,128.3,118.0,16.277527661788852,273.1798301198642,0,-0.9984603532054125,0.055470019622522314
24.8577001085589,94.13079469977686,2010-03-28,24.8,887.0,5.626749308445709,279.4623222080256,0,-0.9863939238321437,0.16439898730535718
25.340415,91.774142,2025-05-31,92.1,1441.0,33.219497574490006,111.73849768166342,1,0.9288839247933018,-0.37037096843650086
23.854969043420745,92.40232435197552,2023-09-17,38.6,149.0,7.8789400986195055,69.44395478041653,0,0.9363291775690445,0.3511234415883917
23.62611111,92.72638889,2024-05-28,66.7,785.0,22.145382120211167,142.6186585625954,1,0.6071171037384795,-0.7946123723855553
23.72403574042549,93.1185377063112,2024-05-28,74.8,1384.0,10.999069742130567,270.0,0,-1.0,-1.8369701987210297e-16
23.206239,92.491221,2025-06-01,128.3,645.0,20.28221299365866,45.568052034992014,1,0.7140824382783129,0.700061619675368
23.181806,92.736868,2025-05-30,176.7,812.0,25.67119421545034,12.68411879917292,1,0.21957579798409171,0.9755954432753616
23.31499668211636,92.52750868449068,2025-06-01,135.8,818.0,35.05820961524598,18.85315876441911,0,0.32314385329151046,0.9463498560679949
25.41955556,92.16194444,2023-08-10,0.4,1393.0,3.8393857078539897,15.471931038053556,1,0.266766265513585,0.9637612565277437
23.43920298907233,92.56322176471096,2024-05-28,76.9,245.0,18.1368887228541,98.53076560994812,0,0.9889363528682975,-0.14834045293024445
25.56667,91.90194,2007-09-08,130.7,1545.0,2.9603910332050005,200.2800200251569,1,-0.3466085732839191,-0.9380098597168828
24.1712538843837,93.68827471518898,2024-09-28,1.3,1139.0,28.502884264172565,197.3540246362613,0,-0.29827499313594646,-0.9544799780350298
27.15331106142689,93.93547069203936,2016-07-16,48.0,93.0,2.07420285773972,116.565051177078,0,0.8944271909999156,-0.4472135954999583
23.239637,92.748175,2025-05-30,148.8,756.0,11.490061740275678,37.30056369619459,1,0.6059962263865439,0.7954675188876467
23.72916667,92.76583333,2024-07-02,33.9,754.0,31.082363777954374,24.2177862153718,1,0.41020616172719293,0.9119928206302087
23.21738414721265,92.26498375871346,2025-06-01,114.8,70.0,19.575184147076893,59.93141717813756,0,0.8654262854811262,0.5010362705417046
23.798147398746835,92.99141501923974,2024-05-28,77.8,599.0,18.804811394848315,205.34617594194668,0,-0.42808634473904433,-0.9037378388935389
23.86862212187576,92.57385443897952,2024-05-28,74.8,628.0,17.694919669448474,66.03751102542182,0,0.9138115486202572,0.40613846605344756
23.4210797462855,92.53090390279542,2023-08-09,6.1,447.0,23.749926322957805,353.6598082540901,0,-0.110431526074847,0.9938837346736189
24.834240791566497,92.29208357104422,2020-06-02,26.4,25.0,4.629981483311581,53.13010235415599,0,0.8000000000000002,0.5999999999999999
23.560213733706,92.46654857309456,2024-05-28,54.7,782.0,22.23438363604536,56.309932474020215,0,0.8320502943378436,0.5547001962252291
25.458668179461355,91.09639612074942,2007-07-17,82.8,847.0,21.259230523293123,357.6140559696112,0,-0.041630544712181305,0.9991330730923519
23.698781923435945,92.56151596818655,2024-05-28,65.6,799.0,26.898841100011303,73.30075576600639,0,0.9578262852211514,0.28734788556634516
23.077813,92.89844,2025-05-31,41.1,712.0,20.88870429747533,75.27296210730876,1,0.9671478966424139,0.2542143702078125
23.152289,92.746243,2025-05-30,176.7,891.0,9.697916666164398,235.4099586030867,1,-0.8232350532561576,-0.5677006668045506
23.5232559589448,92.51220434661394,2024-05-28,54.3,454.0,25.212341344031994,296.565051177078,0,-0.894427190999916,0.4472135954999578
24.133307430709447,92.80735727481566,2024-09-24,11.0,679.0,23.519307083401056,135.0,0,0.7071067811865476,-0.7071067811865475
22.64253872813512,93.11311023868514,2025-05-31,8.3,438.0,18.86402226310986,121.42956561483852,0,0.8532818336519589,-0.5214500094539751
23.524141640658566,92.48663636152168,2024-05-28,54.3,619.0,23.749926322957805,96.3401917459099,0,0.9938837346736189,-0.11043152607484648
23.62361111,92.78888889,2024-08-28,4.4,235.0,28.45037301565881,289.1635281792188,1,-0.9445855200605446,0.328265434202187
23.147798,92.749742,2025-09-13,17.6,905.0,19.18081781185856,59.24876668525416,1,0.8593954055126102,0.5113115850279712
23.89138889,92.84888889,2024-07-02,15.7,568.0,23.66578082008113,16.40768589890756,1,0.28247014074803933,0.9592760914282097
25.92587335723218,91.68933370701664,2014-06-27,20.0,273.0,34.73201976864827,322.59464336859145,0,-0.6074501075707968,0.7943578329771964
22.967715,92.925677,2025-05-31,33.3,773.0,20.8568769275546,319.81071367488374,1,-0.6453148550600933,0.7639167087050596
25.09178,92.35469,2018-05-07,13.6,159.0,28.870431758220896,317.1531094024326,1,-0.6800415577436502,0.7331735672687537
23.87787110258597,92.5393617102164,2024-05-28,62.6,419.0,20.127645664862477,45.0,0,0.7071067811865476,0.7071067811865476
24.02782222,93.28944444,2024-07-02,20.5,816.0,27.74309916514272,162.36628856860725,1,0.3029306723903899,-0.9530125957851272
24.365715,92.930137,2025-06-01,38.6,610.0,35.085092265909644,308.42817648957373,1,-0.7833878991679429,0.6215331040557992
23.28242617858632,93.27398164098769,2024-07-09,12.3,1020.0,30.28448045047508,199.44003482817615,0,-0.33282011773513676,-0.9429903335828898
23.73472222,92.81333333,2024-05-28,71.0,428.0,32.42058609487577,283.24591068537325,1,-0.973395614472562,0.22913091830999902
23.73833333,92.81333333,2024-05-28,71.0,391.0,31.846245896768338,329.21059869910204,1,-0.5118839638230277,0.8590546010474684
26.19622,91.76336,2011-03-23,0.0,90.0,5.230395958110139,79.82613665283452,1,0.9842762864256319,0.17663576076255733
23.312509926452908,93.3802868106393,2024-11-28,0.1,1026.0,42.51938136737401,144.34467190209972,0,0.5829078754517303,-0.8125382506296858
23.53986111,92.70063889,2023-08-06,133.1,843.0,22.24533004868603,288.4371196959342,1,-0.9486713158531487,0.3162637103391021
25.320833,91.9275,2007-07-19,73.1,1099.0,22.37919499015788,87.7493666402179,1,0.999228602193285,0.03927086144781913
25.56183333,91.86855556,2010-06-28,60.7,1546.0,14.497537900141072,200.2792678225765,1,-0.3465962586744605,-0.9380144100560857
23.40351419486988,92.55081209193747,2024-05-28,76.9,473.0,23.37345344436965,77.0053832080835,0,0.9743911956946198,0.22485950669875845
25.781246,91.874475,2024-07-06,0.5,698.0,11.210068594933006,274.6798040422116,1,-0.9966662070769534,0.0815872028619652
25.422278,91.867694,2025-05-30,81.0,1713.0,32.82072419716138,113.64860412815976,1,0.9160227829765504,-0.4011262408119115
25.240951245836065,92.8653564739686,2010-06-20,2.4,648.0,10.142982071736864,275.1944289077348,0,-0.9958932064677039,0.09053574604251859
23.33190006670092,92.46916920713096,2025-06-01,135.8,138.0,9.245369559420672,95.71059313749964,0,0.9950371902099892,-0.0995037190209989
23.195661,92.73562,2025-06-01,124.1,750.0,23.128502728395773,81.29033211306589,1,0.9884683495214592,0.1514276130509966
22.97903908879077,93.0341640493556,2025-05-31,25.4,675.0,15.4706881349139,249.44395478041653,0,-0.9363291775690444,-0.3511234415883918
25.76618333,93.94043611,2023-09-08,6.8,812.0,28.70923627038206,340.8632085676334,1,-0.32782461306251215,0.9447386003918831
26.09961111,91.87811111,2014-09-25,5.2,86.0,9.240795097969604,353.6460174080705,1,-0.11067074638474242,0.9938571254937221
23.33520469345761,93.43752850934058,2024-09-28,0.0,1031.0,26.225371458157145,242.5924245621816,0,-0.8877545314489294,-0.46031716445500037
24.706523310808453,93.56398037346992,2007-06-16,27.4,1248.0,38.667999506349744,305.94211187138234,0,-0.8096104433943877,0.5869675714609309
25.201,91.234,2008-08-12,25.3,18.0,1.380563000731173,47.860586894939466,1,0.741514486735105,0.6709368569112698
23.73555556,92.78833333,2024-05-28,71.2,529.0,31.564468200322565,71.58856263451452,1,0.9488129829780244,0.3158384449878501
22.91452778,92.89333333,2022-11-14,0.0,583.0,21.85808988948976,241.0726767083572,1,-0.8752339590811715,-0.4836998210368679
23.60445597993221,92.56577882547973,2024-07-02,23.8,424.0,31.26259905732104,260.7889734591833,0,-0.987105477747585,-0.1600711585536633
24.50890895658081,92.93099807759364,2024-07-07,16.4,75.0,3.342217432740406,213.69006752597977,0,-0.5547001962252289,-0.8320502943378438
23.34564022300848,93.32252182750166,2024-07-02,3.0,1042.0,14.636885137320926,7.125016348901798,0,0.12403473458920845,0.9922778767136676
23.655,92.71444444,2024-05-28,66.7,859.0,27.230753676355544,292.1513038680851,1,-0.9261913802181962,0.37705374578369155
23.317543,92.858683,2025-05-31,45.3,1030.0,25.40727267142591,125.3600814290555,1,0.8155311891348642,-0.5787131237048926
25.611869124968944,91.7378391861788,2024-10-04,26.3,1451.0,30.091428789837806,153.434948822922,0,0.4472135954999581,-0.8944271909999159
23.21068583,93.1212325,2024-07-02,22.0,1126.0,18.875175567986783,124.57835544915858,1,0.8233508233752657,-0.5675327494050648
23.73111111,92.70388889,2024-05-28,71.2,873.0,20.421307114291416,2.719172066911554,1,0.04744069229296715,0.9988740564829802
23.40784364004045,92.95697216774948,2024-05-28,76.5,756.0,19.780145646776432,215.83765295427827,0,-0.5854905538443581,-0.8106792283998813
23.17686278166723,92.32020890721576,2025-06-01,114.8,121.0,4.629981483311581,270.0,0,-1.0,-1.8369701987210297e-16
26.0549662327039,91.64316071707871,2014-06-27,10.6,233.0,9.200273103792917,126.86989764584402,0,0.8000000000000002,-0.5999999999999999
22.98468166863601,92.53525874362352,2025-05-30,188.5,224.0,4.629981483311581,36.86989764584402,0,0.6,0.8
25.15933333,93.017,2016-05-22,0.7,685.0,7.138222640252902,154.6628155344973,1,0.42794451510431086,-0.9038050077268527
23.430789683779167,93.3898371463588,2025-06-12,0.0,761.0,2.07420285773972,26.56505117707799,0,0.4472135954999579,0.8944271909999159
23.7002691,92.7181685,2025-05-13,0.0,1038.0,36.09196482974863,347.4076858166336,1,-0.21801232722143765,0.9759460155046963
25.848738325740936,91.51360019630106,2024-05-29,21.5,384.0,23.152127453506672,204.6235647861636,0,-0.4166547104932132,-0.9090648228942845
24.713941452951374,93.45520731854108,2010-06-05,11.6,337.0,22.972810499742813,83.418055344822,0,0.9934089358711311,0.11462410798513048
25.410334837726754,91.66438063972686,2010-08-27,10.1,1642.0,3.931063454702078,315.0,0,-0.7071067811865477,0.7071067811865474
23.288812,92.864763,2024-05-28,101.0,898.0,31.75328961895597,14.832579808496632,1,0.25599547648864834,0.9666779794830075
26.19622222,91.76336111,2014-06-27,9.1,90.0,5.230396054167387,79.82613684272154,1,0.98427628701103,0.17663575750051452
23.406367492120108,92.56354470336925,2025-06-02,6.3,392.0,5.626749308445709,279.4623222080256,0,-0.9863939238321437,0.16439898730535718
27.14871944,88.28128889,2022-11-20,0.0,382.0,33.894242686284,15.692924519427976,1,0.2704815606930663,0.9627251556519353
22.78691665001912,92.93259716378722,2025-05-31,15.1,367.0,17.30466568558618,332.10272896905235,0,-0.4678877204190329,0.8837879163470617
26.00294,91.86692,2014-09-23,8.2,405.0,7.639314495003354,212.44772944081024,1,-0.5365299644462712,-0.8438812696412232
25.292994586249275,92.26297220255913,2023-08-10,0.4,1039.0,6.533604276522507,81.86989764584403,0,0.9899494936611666,0.14142135623730923
23.9263524760731,93.10201342941971,2024-07-02,22.1,1207.0,24.07570789634213,43.53119928561418,0,0.6887494619146931,0.7249994335944138
25.912279040140337,91.77685818028324,2025-06-25,31.7,459.0,20.16375853629382,41.423665625002656,0,0.6616216370868464,0.7498378553650924
23.251004,92.63667,2025-06-01,136.9,749.0,8.891777220124474,34.22536726684487,1,0.5624495063296162,0.8268316351165883
23.08480174710801,92.48160296094152,2025-05-30,223.9,130.0,15.086665856187206,122.7352262721076,0,0.8411784753765535,-0.5407575913134987
23.58138889,92.71416667,2024-05-28,65.0,911.0,28.126792548950128,296.98349388128565,1,-0.8911372755734452,0.4537337942930167
23.17252,92.611434,2025-06-01,120.7,806.0,19.125187833693094,168.2944240443383,1,0.2028825911704791,-0.9792030709714672
23.788177538501387,92.53886681609546,2024-05-28,66.5,223.0,25.62515395752319,101.68936917543918,0,0.9792604195071029,-0.20260560403595218
23.527592,92.984969,2025-05-31,38.2,1342.0,26.40415718119556,167.69460376674712,1,0.21312240547292344,-0.9770255064661489
25.11995312834142,93.6766907799574,2025-06-05,1.8,1036.0,20.16375853629382,311.4236656250026,0,-0.7498378553650927,0.6616216370868461
23.18077,92.735789,2025-05-31,50.3,817.0,29.828168542823217,322.1522156010502,1,-0.6135658258263565,0.7896435761646017
23.571213333578505,92.45511770281269,2024-05-28,54.7,595.0,4.721262686570613,348.69006752597977,0,-0.19611613513818482,0.98058067569092
23.204595,92.73861,2025-06-03,57.3,795.0,33.20241976918705,207.1934438185528,1,-0.4569961508612054,-0.889468671791223
23.76598774278232,93.09816574787212,2024-11-12,0.0,1154.0,45.25390857293886,137.6025622024998,0,0.6742693640213324,-0.7384854939281258
25.654454997007928,93.9386818698151,2024-09-03,12.7,2226.0,20.782093658732848,50.19442890773481,0,0.768221279597376,0.6401843996644798
23.532488475756136,92.53459794876652,2024-05-28,54.3,324.0,21.376224601154032,24.44395478041654,0,0.41380294430118403,0.9103664774626047
26.45278,94.37526,2025-07-08,7.9,258.0,13.481936011594126,101.67351990686583,1,0.9793164271913583,-0.20233471138969955
23.350919147459734,92.45654267113537,2025-06-01,132.1,258.0,9.937188946144897,303.69006752597977,0,-0.832050294337844,0.5547001962252285
23.225619,92.924909,2025-06-01,118.4,451.0,32.39634978978827,186.368369010589,1,-0.11092029084995261,-0.9938293058054597
24.90896048384261,93.34031907322664,2008-07-01,2.0,837.0,35.11551919769701,172.0565281894096,0,0.1381960319114638,-0.9904048953654893
23.6805551011972,92.44259233900068,2024-05-28,55.6,561.0,6.201003022931327,206.565051177078,0,-0.44721359549995826,-0.8944271909999157
23.100785,92.751508,2025-05-30,176.7,780.0,13.43330070756056,312.6083495111008,1,-0.735998440565453,0.6769832313176016
22.903454,92.760096,2025-06-01,128.0,1160.0,28.763066193299704,47.34990846093248,1,0.7355050387516018,0.6775192528415741
23.06445049460588,92.567845839743,2025-05-31,49.4,101.0,7.8789400986195055,159.44395478041653,0,0.35112344158839176,-0.9363291775690444
27.59152778,91.88044444,2016-04-23,1.0,2767.0,22.490301094966583,56.85375294039,1,0.8372776502279378,0.5467779589822391
23.113126,92.74564,2025-06-02,2.1,833.0,23.726428306089023,90.0,1,1.0,6.123233995736766e-17
27.48603,88.53269,2014-07-08,3.8,1059.0,23.17190052740656,309.9575799293159,1,-0.7665201337226275,0.6422202773175612
23.43277778,92.76111111,2024-05-28,84.4,1503.0,16.43538746558263,303.2398967184669,1,-0.8363828264215571,0.5481457540354456
24.462343475481763,92.95549073067852,2024-07-02,37.6,91.0,23.211450712433987,169.11447294534128,0,0.18884739365012446,-0.9820064469806473
23.171460685721744,92.27721042014002,2025-06-01,114.8,168.0,10.73476703513389,250.01689347810003,0,-0.9397934234884371,-0.34174306308670427
25.67032222,91.90487222,2025-05-30,112.5,1008.0,14.312394735962627,230.67000822472767,1,-0.7735085571949892,-0.6337858565368322
23.379055594088555,92.49065075668948,2024-05-28,60.4,363.0,35.539001486003016,32.96940390346213,0,0.5441911050990218,0.8389612870276586
23.298166,92.858694,2025-05-31,50.1,907.0,21.387693635182828,7.750196622296968,1,0.13485433063383487,0.9908654346122385
23.43041350055673,92.5579498607393,2024-05-28,76.9,251.0,17.194283995818935,276.00900595749454,0,-0.994505452921406,0.10468478451804263
24.40639,94.06583,2007-09-07,18.8,1196.0,18.01300728609031,199.1254428270496,1,-0.32763748175946256,-0.9448035142537933
25.791616,91.658242,2024-05-29,15.9,743.0,9.226209732537686,95.71300376335542,1,0.9950330028736849,-0.0995455834890603
24.962872301714903,92.94102018807024,2022-05-15,48.0,116.0,14.2260349438547,296.565051177078,0,-0.894427190999916,0.4472135954999578
23.693617987555218,92.44937871154345,2024-05-28,55.6,367.0,15.4706881349139,200.55604521958347,0,-0.35112344158839154,-0.9363291775690445
25.54582938005856,92.85143113792424,2022-06-16,105.3,270.0,10.264313835624147,10.304846468766032,0,0.17888543819998318,0.9838699100999074
23.298928,92.857435,2025-05-31,50.1,941.0,19.78013999296581,171.55493807516604,1,0.14686102517370908,-0.9891571357903289
23.672069,92.7099293,2024-05-28,66.7,1000.0,18.38018108214199,286.97670415371795,1,-0.9564235520973736,0.29198285736228147
27.5091,88.53848,2014-07-01,7.6,1233.0,22.357341064346016,221.67266269330287,1,-0.6648740384510945,-0.7469554959927215
25.168083,93.024922,2022-05-14,66.9,485.0,22.400557509193817,85.50002739801769,1,0.9969173712510251,0.07845861901630538
25.24597222,93.02827778,2016-05-22,0.2,604.0,20.557592327289576,287.56621417897225,1,-0.9533688016709246,0.30180776663390435
23.71305556,92.70895833,2024-05-28,71.2,981.0,20.943986657683,332.5209595406653,1,-0.4614241022579943,0.8871796874677667
23.63840907352109,92.48075371917204,2024-05-28,54.7,754.0,25.212341344031994,296.565051177078,0,-0.894427190999916,0.4472135954999578
25.16804,93.02503,2022-05-14,66.9,485.0,22.40055043431101,85.5000258176482,1,0.996917369086928,0.07845864651392954
23.53611111,92.65527778,2024-05-28,60.9,494.0,25.476351139779347,88.05521898884005,1,0.9994239973871494,0.033936314571432924
23.57138889,92.70972222,2024-05-28,65.0,855.0,34.75710129511275,217.60134121662023,1,-0.610163710161892,-0.7922753604659649
23.77777778,92.8479,2024-05-28,71.0,678.0,39.4595025925436,318.2842709290624,1,-0.6654352997419566,0.7464555324045314
24.95117974559572,92.93229422351384,2022-05-14,62.4,44.0,16.086428455977394,128.15722658736905,0,0.7863183388224227,-0.6178215519319034
26.17027,91.698,2025-05-31,14.6,138.0,30.49956035248308,171.203085658713,1,0.15293261511746165,-0.9882366190509915
24.10641389,93.12339944,2024-09-28,0.1,973.0,26.2757450439136,35.036149299236655,1,0.574093145081472,0.8187899979667949
23.619687905863973,92.58183831624932,2024-05-28,60.9,812.0,16.348487945250483,6.34019174590991,0,0.11043152607484655,0.9938837346736189
26.02165276983272,93.83614306299006,2013-07-16,24.1,145.0,2.6229949491577687,225.0,0,-0.7071067811865475,-0.7071067811865477
23.49861111,92.70388889,2024-05-28,84.4,951.0,37.183537100911536,297.96540193900074,1,-0.8832309223053323,0.4689383092515177
23.60666667,92.72305556,2024-05-28,66.7,925.0,21.91268521563108,344.73931768684304,1,-0.2632110863162668,0.9647382671171548
23.19796,92.543304,2025-06-01,114.6,580.0,32.583606473827714,155.6143724113278,1,0.41287597556820543,-0.9107872577054439
24.725196885377464,93.48489520610552,2024-08-18,59.5,250.0,29.498374004168262,346.7594800848128,0,-0.22903933372554722,0.9734171683335759
23.42220066179431,92.5019058088315,2024-05-28,60.4,699.0,41.02242176482363,204.1791071466892,0,-0.4095904028338408,-0.9122695335844621
25.814705356431872,92.11469227308152,2017-06-17,46.1,1001.0,17.78018065676211,315.0,0,-0.7071067811865477,0.7071067811865474
25.662343199268623,91.46280985722184,2024-05-28,51.6,803.0,37.17384218703798,70.01689347810003,0,0.9397934234884371,0.3417430630867044
27.59027778,88.65394444,2012-06-26,0.9,1677.0,24.85440182776402,100.05163985124926,1,0.9846508464737621,-0.17453569989690862
25.396353587691035,91.18784926612064,2007-07-25,296.2,1059.0,2.6229949491577687,45.0,0,0.7071067811865476,0.7071067811865476
27.360879188243,88.87402831301496,2022-05-29,1.4,4372.0,30.33239331752145,41.6335393365702,0,0.6643638388299198,0.7474093186836597
23.074804706985315,92.51704224755898,2025-06-15,18.3,492.0,22.406704629744063,315.0,0,-0.7071067811865477,0.7071067811865474
25.64182941141437,93.85195002064764,2024-06-01,11.4,814.0,33.100927341776625,206.565051177078,0,-0.44721359549995826,-0.8944271909999157
23.53555556,92.69694444,2024-05-28,60.9,853.0,45.89737599622545,306.5477882317224,1,-0.8033604619938786,0.5954930462272267
22.39026073358665,92.7950731208583,2025-05-31,13.5,151.0,11.036260392791435,85.23635830927383,0,0.9965457582448796,0.08304547985374004
24.43941771242859,93.25693050821576,2024-07-07,4.1,251.0,25.91551778168412,53.13010235415598,0,0.7999999999999999,0.6000000000000001
25.46307925,92.25426106,2020-05-26,220.6,1376.0,3.5882989642148657,301.0440858766643,1,-0.856770754198286,0.5156974643630704
23.53694444,92.6975,2024-05-28,60.9,841.0,33.246180886593066,222.2694550776192,1,-0.6726181135538842,-0.7399897791991549
25.15736111,93.01608333,2016-05-22,0.7,641.0,27.336082242973617,339.78297995842814,1,-0.3455769685216354,0.9383904085333549
23.68361111,92.72277778,2024-05-28,66.7,924.0,33.16452174499129,88.58217629935614,1,0.9996938409924393,0.02474316636535127
24.55205833,93.25569167,2024-07-09,5.8,235.0,5.047283802691636,156.26195892887785,1,0.40255563481870876,-0.9153955215510432
25.18844444,93.01966667,2016-05-22,0.7,522.0,28.065101109021,123.08574348693264,1,0.8378545734651928,-0.5458935003491614
23.230114,92.740067,2025-06-02,2.4,781.0,16.11254044033246,77.06181793627006,1,0.9746122032739489,0.22389964990928155
23.425073306947457,92.48783019435189,2025-06-01,132.1,680.0,28.93539856755345,5.042451069170913,0,0.08789381029635715,0.996129850025381
23.041436079545583,93.01277680540709,2025-05-31,25.4,1199.0,32.49108014496669,82.69424046668918,0,0.9918816646858506,0.1271643159853654
24.81753319214033,93.10735836007034,2024-07-07,14.5,42.0,3.342217432740406,33.69006752597979,0,0.5547001962252291,0.8320502943378436
23.41000125235635,92.95082946898437,2025-05-31,46.2,839.0,20.71269408937921,99.86580694308438,0,0.9852117548196745,-0.1713411747512478
25.640577335736143,91.41582246667258,2007-08-18,4.8,1322.0,17.886034144658236,252.47443162627712,0,-0.9535826651341416,-0.30113136793709755
23.545766,93.147931,2025-06-14,15.2,946.0,30.616641558088347,112.49015109888784,1,0.9239453005179242,-0.38252461574497754
27.594833,91.866417,2016-04-22,26.5,2975.0,6.215878751703976,317.92792074387205,1,-0.6700649679315748,0.7423024577292315
23.68638889,92.85833333,2024-05-28,55.2,927.0,22.94588358322209,212.83284644679665,1,-0.5421900001233755,-0.8402559156389284
22.902932836528507,92.5741091965424,2025-05-30,211.1,473.0,33.58714879015505,77.31961650818018,0,0.975609756097561,0.21951219512195128
23.53027778,92.69666667,2024-05-28,60.9,832.0,28.80287014780933,240.0032156414021,1,-0.8660534641855137,-0.49995139480980677
24.56771111,93.14291667,2024-07-09,26.2,461.0,9.768867175735954,235.70198755820488,1,-0.8261178423988191,-0.5634973917156315
23.02280556,92.67255556,2023-09-17,50.7,350.0,18.32646912535469,331.48600447345257,1,-0.47737341293719054,0.8787005318199702
23.00623663632832,92.56610694917356,2025-06-02,1.6,432.0,16.58234174762092,337.6198649480404,0,-0.3807498052542956,0.9246780984747157
23.56720433340482,92.54152697064042,2024-07-22,9.8,419.0,18.46461733977188,165.96375653207352,0,0.24253562503633316,-0.9701425001453319
23.56785,93.10472222,2024-09-12,6.2,659.0,19.933805704683348,348.78021010059274,1,-0.1945731604619564,0.9808880085044601
25.18955556,93.09641667,2016-05-22,0.7,535.0,24.01906447738133,11.565664278212893,1,0.2004908536473832,0.9796955739431221
24.09210556,93.29866667,2024-09-24,10.5,923.0,16.97055421588122,305.6507789698819,1,-0.8125845293578652,0.5828433603021114
23.98324660547263,93.12084379897492,2024-07-02,29.1,1067.0,22.83697312304369,112.61986494804044,0,0.923076923076923,-0.3846153846153848
23.4807,92.7025,2025-09-13,18.6,997.0,25.86918462155857,126.8857257137341,1,0.799834218336717,-0.6002209786217847
23.203107,92.577972,2025-06-01,135.8,749.0,20.37428654829221,121.4975782781241,1,0.852662248049907,-0.5224625256901004
25.678107046592554,91.77515573499436,2010-06-28,76.5,935.0,19.310139893239235,123.6900675259798,0,0.8320502943378435,-0.5547001962252293
22.788323,92.833817,2025-05-31,19.1,745.0,16.966492883119408,282.2393994557904,1,-0.9772703456614713,0.21199686670021442
23.67694444,92.71722222,2024-05-28,66.7,1096.0,28.441407649584075,257.9377528049971,1,-0.9779211444140847,-0.2089742455611381
26.08349089432941,91.5559855934027,2024-05-24,0.0,62.0,2.78186346598435,180.0,0,1.2246467991473532e-16,-1.0
27.074025667744227,88.71718411538401,2021-08-27,25.7,2236.0,7.209749706875432,140.1944289077348,0,0.64018439966448,-0.7682212795973756
25.65443889,91.63345833,2025-05-30,87.5,1438.0,8.166370614703988,90.0,1,1.0,6.123233995736766e-17
23.62686460295645,92.51841800444782,2024-05-28,54.7,131.0,10.73476703513389,19.983106521899984,0,0.34174306308670443,0.939793423488437
23.134009,92.746247,2025-05-31,50.3,795.0,18.654177647083017,278.26150782078207,1,-0.9896225464567322,0.14369138994558064
24.520346772739646,93.98949978274162,2007-09-07,18.8,774.0,2.78186346598435,0.0,0,0.0,1.0
23.74861111,92.73861111,2024-05-28,71.2,948.0,34.28427083463483,13.485972744836644,1,0.2332072995200559,0.9724270437675842
23.30204507745717,92.46281593737292,2025-06-01,135.8,257.0,19.310139893239235,123.6900675259798,0,0.8320502943378435,-0.5547001962252293
23.54305556,92.70055556,2024-05-28,65.0,824.0,38.2491775666522,218.79043309597003,1,-0.626473673472593,-0.7794425805957453
23.61361111,92.80777778,2024-05-28,55.2,549.0,26.557108289215744,25.06718890459705,1,0.4236807686984898,0.905811573250782
23.78885802163206,92.96202242964269,2024-05-28,77.8,1067.0,19.556409699933383,24.22774531795417,0,0.4103646773287979,0.9119215051751064
23.37668180579136,93.28576539971075,2024-07-09,16.6,1238.0,27.409248698093343,268.2100893917539,0,-0.9995120760870788,-0.03123475237772127
23.7385748,92.6941941,2024-05-28,70.9,986.0,32.7861543156035,211.40300982677925,1,-0.5210544693291178,-0.8535234267389217
23.708009958219414,92.5343839372412,2024-05-28,60.7,442.0,35.420134909678005,149.93141717813756,0,0.5010362705417045,-0.8654262854811263
23.54600556,93.09247222,2024-09-12,3.7,791.0,24.96971273133402,99.99828276718311,1,0.9848129570430951,-0.17361866155466923
24.967265195832773,92.9062725538092,2022-05-14,62.4,88.0,17.30466568558618,117.89727103094764,0,0.8837879163470618,-0.46788772041903265
25.30127778,91.92198889,2025-05-30,60.0,1192.0,27.355991674751525,208.9449049266064,1,-0.4839683702925366,-0.8750854909986716
26.423137,94.382261,2025-07-07,11.5,526.0,34.265823895204,184.5603164731682,1,-0.07950852792128081,-0.9968341858041341
23.58176189463728,92.47780053131213,2023-10-02,2.7,339.0,20.073312434918684,282.80426606528675,0,-0.9751328557914598,0.22162110358896797
23.74098662667613,92.52355667789968,2024-05-28,60.7,133.0,30.17858099548764,102.87500155961249,0,0.9748585065718672,-0.22282480150214112
23.73053889,92.716019,2018-06-22,2.2,1040.0,30.246660099979604,268.4109736045805,1,-0.9996154444131339,-0.027730187354810573
23.308778,92.858357,2025-05-31,45.3,960.0,21.97618055490529,73.71091651383328,1,0.9598587497317949,0.2804838329802907
23.191775,92.734778,2025-06-06,0.0,785.0,17.824674824021194,41.03401959788439,1,0.6565070251464371,0.7543199095432755
25.50667,91.28318,2007-07-19,20.5,1396.0,21.695027797256824,251.0258558649206,1,-0.945665398451998,-0.32514143717868965
23.52123297540783,92.454413456904,2024-05-28,54.3,442.0,14.2260349438547,243.434948822922,0,-0.8944271909999157,-0.44721359549995815
23.54166667,92.70194444,2024-05-28,65.0,872.0,22.14392996256823,265.4420701252885,1,-0.9968374967876527,-0.07946700572015204
26.559457926199062,94.95714176163692,2009-07-27,11.1,981.0,34.294194673716035,184.08561677997488,0,-0.0712470499879099,-0.997458699830735
23.299312,92.692614,2025-06-01,136.9,418.0,16.670380358738328,13.601503332081336,1,0.23516761542629844,0.9719548305629787
25.17638889,93.11613889,2016-05-22,0.8,564.0,15.024275874900376,164.5575929777429,1,0.26626961234359015,-0.9638985909017578
22.904615,92.75705,2025-06-01,128.0,1159.0,25.63280383219232,293.85280726412793,1,-0.9145873474811973,0.4043884071376275
23.942450141944175,93.37963062277898,2024-09-28,0.0,713.0,21.80315195374203,248.6293777306568,0,-0.9312427797057534,-0.36439934858051215
23.309914,92.853522,2025-05-31,45.3,969.0,29.37645734248486,143.54003211550636,1,0.5942609930732649,-0.8042722624283254
26.21111111,91.68416667,2015-09-01,12.3,65.0,16.33485822793543,292.7181154125957,1,-0.9224160300463845,0.3861977052151754
23.73333333,92.70527778,2024-05-28,71.2,949.0,11.15696356964253,349.6815159321153,1,-0.17911961483693578,0.9838273037381448
24.6570984020269,92.82515522022774,2024-06-12,8.9,23.0,2.6229949491577687,315.0,0,-0.7071067811865477,0.7071067811865474
23.684301,92.715511,2024-05-28,66.7,1036.0,19.101654398645422,225.54411177797647,1,-0.713789864788981,-0.7003599281259089
25.65443889,91.62390833,2025-05-30,87.5,1469.0,11.026624639828132,185.2817857535424,1,-0.09205404332531548,-0.9957540123481606
24.03980278,93.29373889,2024-07-02,20.5,749.0,26.434778944583314,297.08643332232384,1,-0.8903206450328061,0.45533410703391
25.67401236381101,94.3407756848025,2007-08-12,11.6,2324.0,22.546296038214383,110.55604521958348,0,0.9363291775690444,-0.35112344158839204
23.8224130382334,92.43781516111326,2024-07-20,18.3,167.0,22.60793981651591,166.5042667192042,0,0.23337295247532414,-0.9723873019805175
23.04822687807569,92.48358481933175,2025-05-30,188.5,88.0,18.785020512595423,90.0,0,1.0,6.123233995736766e-17
25.538422,94.136039,2024-06-01,15.7,1693.0,22.53503480317937,108.16506560138215,1,0.9501623118659864,-0.31175564326806343
24.04531667,93.49220278,2024-10-07,9.6,1340.0,15.108757320276094,100.35068011159407,1,0.9837264962736215,-0.17967242562292193
23.77305556,92.74361111,2024-05-28,71.2,1002.0,20.4297677338747,130.62802616697087,1,0.7589528910271831,-0.6511455361142243
25.639057245981228,93.83011471438404,2017-10-29,50.0,769.0,11.036260392791435,228.36646066342985,0,-0.7474093186836603,-0.6643638388299191
23.69472222,92.85972222,2024-05-28,55.2,937.0,23.33727297539439,280.80058329230815,1,-0.9822853430664333,0.18739131462492936
25.403061,90.724166,2007-08-18,8.2,360.0,19.1382369948699,191.9071914006276,1,-0.2063269999758011,-0.9784830959607763
23.64388889,92.72583333,2024-05-28,66.7,822.0,28.13581500101719,296.9724480773207,1,-0.8912247323761877,0.45356198738539877
25.648759,94.10616,2024-06-01,11.0,1558.0,18.132856520663392,129.931830948286,1,0.7668086729893601,-0.6418757348804336
23.31081058797868,92.53635104720288,2025-06-02,13.5,921.0,17.08301051739769,288.434948822922,0,-0.9486832980505139,0.3162277660168377
25.947855439552757,91.70256382941798,2025-05-30,103.4,287.0,19.780145646776432,144.16234704572173,0,0.5854905538443583,-0.810679228399881
23.65545951953528,91.52747946888331,2018-05-20,27.1,59.0,12.260049400304831,243.434948822922,0,-0.8944271909999157,-0.44721359549995815
23.56672222,93.13764444,2024-07-09,12.3,1140.0,27.462659063350163,251.87386168279224,1,-0.9503739022300918,-0.3111100222749953
22.82104167,92.63873333,2017-06-12,136.5,94.0,16.86127532532514,148.60546948228125,1,0.5209281491029464,-0.8536005292126865
24.59482562266182,93.66696037683536,2024-09-28,3.9,494.0,7.8789400986195055,20.556045219583464,0,0.35112344158839165,0.9363291775690445
23.10184722,93.20138889,2024-09-28,0.0,1202.0,19.611712635106507,57.00526992366454,1,0.838720658945175,0.5445618938730211
23.7579888234749,92.53145429631208,2024-05-28,66.5,283.0,23.211450712433987,79.11447294534128,0,0.9820064469806474,0.18884739365012418
25.224278,93.222861,2018-06-14,75.3,619.0,11.159846913366854,274.7014586388309,1,-0.9966353005004046,0.08196388104810719
23.70416667,92.72,2024-05-28,71.2,880.0,38.69044994226493,104.02104568969312,1,0.9702067988981777,-0.24227828497773177
23.47261809024542,92.44978944060318,2024-07-02,37.0,226.0,6.533604276522507,8.13010235415598,0,0.14142135623730953,0.9899494936611666
23.60470128841965,92.57312019746166,2024-05-28,60.9,346.0,14.55580343083612,3.576334374997351,0,0.06237828615518053,0.9980525784828885
23.6325,92.72388889,2024-05-28,66.7,807.0,33.722515887199066,122.20449386251634,1,0.8461513686013268,-0.5329426436438556
23.144687,92.750609,2025-06-06,0.0,861.0,9.697550934693924,124.5915603660596,1,0.8232200026471943,-0.5677224914001147
25.23775918116486,92.0171539001555,2025-05-31,110.9,719.0,9.467405787657809,240.94539590092285,0,-0.8741572761215377,-0.48564293117863216
23.73694444,92.81361111,2024-07-02,18.2,407.0,36.337607122338135,202.59502759439133,1,-0.38421520055286673,-0.9232435646480945
25.17505556,93.02041667,2016-05-22,0.7,574.0,25.75272720869977,90.0,1,1.0,6.123233995736766e-17
23.468512980890186,92.5409155797347,2024-05-28,54.3,256.0,20.919948819847768,323.6156481841641,0,-0.5931990380498504,0.8050558373533678
23.78989718545088,92.44715488123968,2024-05-28,69.1,170.0,0.9279360212320218,180.0,0,1.2246467991473532e-16,-1.0
23.07970251315154,92.52618804124664,2025-05-31,55.7,789.0,10.384106823209224,315.0,0,-0.7071067811865477,0.7071067811865474
25.20518182753104,92.82045474684062,2022-05-15,83.5,1209.0,0.9279360212320218,270.0,0,-1.0,-1.8369701987210297e-16
23.628283948230774,92.56162936732386,2024-05-28,60.9,387.0,18.46461733977188,67.16634582208245,0,0.9216353751380653,0.3880570000581328
24.83278,93.46333,2008-07-01,2.1,773.0,29.46455589161096,124.919111133495,1,0.8199609897367801,-0.5724194050780249
27.01512627616339,93.95530768409074,2016-07-16,29.6,83.0,1.8553855108258317,180.0,0,1.2246467991473532e-16,-1.0
23.49083333,92.70555556,2024-05-28,84.4,1007.0,55.05359041578296,233.21054092437305,1,-0.8008415620667666,-0.5988762747566989
26.42304393499508,91.76071923208508,2017-06-16,53.6,55.0,2.07420285773972,26.56505117707799,0,0.4472135954999579,0.8944271909999159
25.179959743824856,93.31001561341375,2016-05-22,1.2,1116.0,28.29854340732082,21.16125981682828,0,0.36099410255771214,0.9325680982740896
25.50368056,91.72342222,2007-07-19,64.2,1748.0,5.816535109806511,298.43707690318047,1,-0.8793406056067924,0.47619334238424593
23.25951944,93.15917222,2024-09-28,0.0,1252.0,16.682037263187485,144.03375308979446,1,0.5873085563529283,-0.8093631197643238
23.57055556,92.70888889,2024-05-28,65.0,904.0,33.631831865885566,198.5569196448792,1,-0.31824659778566733,-0.9480079656826981
23.186133,92.735682,2025-09-13,17.6,850.0,35.719087153528,144.04871954607677,1,0.5870971193895167,-0.8095165053317515
25.28247222,91.36413333,2025-05-30,57.0,973.0,35.84637625158063,153.54183775517532,1,0.4455442072521625,-0.895259939561713
23.761665936952667,92.49491795193822,2024-05-28,66.5,437.0,25.159993081563847,226.3971810272964,0,-0.7241379310344829,-0.6896551724137929
25.081442698879805,93.15948783303033,2016-05-22,1.1,938.0,31.4066907376004,248.19859051364816,0,-0.9284766908852592,-0.3713906763541039
23.197283,92.632661,2025-06-01,120.7,591.0,23.796670209784427,94.20552282268098,1,0.9973074130560217,-0.07333432936562324
23.51055556,92.69972222,2024-05-28,60.9,824.0,34.29488463882265,238.56153763594136,1,-0.8532008538769135,-0.5215824986938362
23.53333333,92.69722222,2023-08-02,35.0,821.0,37.14950122511654,230.18947184719025,1,-0.7681658898708478,-0.6402508614901886
24.277925282339968,92.68013107711418,2025-05-29,39.7,111.0,9.467405787657809,29.054604099077142,0,0.48564293117863205,0.8741572761215378
23.288276,92.830821,2025-05-31,50.1,550.0,25.334943275818954,328.63052456503914,1,-0.520554825183489,0.853828246181975
24.57296389,93.17700556,2024-07-07,14.6,301.0,27.7602464754311,42.49972739287831,1,0.6755866997221904,0.7372805511869135
23.314782171383825,92.46361780600007,2025-06-01,135.8,241.0,9.597985496774518,163.3007557660064,0,0.2873478855663452,-0.9578262852211514
23.981866352477844,93.62774650524771,2024-10-07,14.4,1569.0,24.13169432117401,347.4711922908485,0,-0.21693045781865639,0.9761870601839527
23.71523056,92.71529167,2024-05-28,71.2,1012.0,16.41500726043734,338.9186513258651,1,-0.35969308744292866,0.9330706740894678
25.6251,91.9118,2024-05-27,141.3,1355.0,6.88421518719869,227.96081577203825,1,-0.7426870374564213,-0.6696386819727519
25.6122017696481,91.77267275989904,2007-07-19,70.4,1499.0,25.67602559551093,212.6192430711928,0,-0.539053696423367,-0.8422714006615115
25.648512,93.121528,2025-06-05,0.0,351.0,19.58247247082344,306.2205918338416,1,-0.8067479991320294,0.5908956472140128
26.17756,91.76589,2017-06-13,83.4,96.0,18.48184268050404,283.99775847676966,1,-0.9703051899923368,0.2418839355433409
23.428223907876824,92.97156395930377,2025-05-31,46.2,841.0,30.720128982444116,107.4471884232822,0,0.9539937169012556,-0.2998265967403944
23.203253,92.735838,2025-05-31,56.8,708.0,17.213478514470204,254.87294522792573,1,-0.9653495143613959,-0.2609603707887788
23.44556308935423,92.56258094875996,2024-05-28,76.9,206.0,15.420145229307996,273.3664606634298,0,-0.9982743731749959,0.05872202195147024
23.47694444,92.857846,2024-05-28,96.5,1053.0,17.676401316783455,236.07410537382185,1,-0.8297601293948682,-0.5581201731407058
26.37639,94.84056,2009-06-20,48.8,1881.0,36.3226070160047,320.33519420724224,1,-0.6382950896737196,0.7697917760657217
23.535,92.69694444,2023-07-28,1.5,819.0,36.40403423272488,307.87951650773243,1,-0.7893036440549018,0.6140030598308552
23.77439858107919,93.04878940529257,2023-07-23,41.4,1006.0,12.026371928820817,8.746162262555211,0,0.15205718425394116,0.9883716976506172
24.73133333,93.92738889,2010-03-28,37.7,788.0,13.462649020642385,42.01265272905776,1,0.6692947000375505,0.7429970420544386
25.619397,91.61704,2025-05-30,87.5,1509.0,18.34913161628044,305.8047566521124,1,-0.811015253452339,0.585025006873756
24.983528,94.158333,2018-06-12,125.1,1118.0,18.161583443911976,240.46765357873912,1,-0.8700775587702435,-0.4929148422642733
23.082745363952814,92.56006638822598,2025-06-01,175.5,143.0,10.463140171287812,217.87498365109815,0,-0.6139406135149198,-0.7893522173763268
24.89113828342761,93.31036019183196,2008-06-19,4.7,657.0,10.102186599671455,180.0,0,1.2246467991473532e-16,-1.0
23.476551693371977,92.50682183884452,2024-05-28,54.3,496.0,28.82046524388704,317.3859440303888,0,-0.677056530820883,0.73593101176183
24.265367302924695,91.51011895868602,2018-05-18,6.4,20.0,2.07420285773972,153.434948822922,0,0.4472135954999581,-0.8944271909999159
23.37035593719471,92.5194381297887,2025-05-30,128.2,607.0,25.277539722463967,300.9637565320735,0,-0.8574929257125443,0.5144957554275262
23.35694444,92.77027778,2024-05-28,99.1,1024.0,22.22032525779897,288.4609369032594,1,-0.9485397666467935,0.31665803493618544
25.757752,91.252285,2014-07-17,0.7,769.0,19.51522592722301,65.75702246153583,1,0.9118123765157643,0.41060709934519407
23.74027778,92.69722222,2024-05-28,70.9,1039.0,18.46967612598532,223.43418089649185,1,-0.6875208405726334,-0.7261646464668323
25.8599998823122,91.50196713872488,2025-06-11,8.6,243.0,23.54831786707808,131.98721249581666,0,0.7432941462471663,-0.6689647316224497
23.89305556,92.84722222,2024-09-28,0.0,573.0,22.69316033287779,283.4151930282914,1,-0.9727143917969746,0.23200584473465713
23.346456,92.851511,2025-06-01,128.0,906.0,29.37295512385726,290.1657668776395,1,-0.9386991642432757,0.34473740593236435
25.68625,91.118358,2007-09-15,6.8,1057.0,21.009394029073185,207.8522910697854,1,-0.4671937600033882,-0.8841549584851609
23.53083333,92.73055556,2024-05-28,65.0,986.0,26.77979249489448,236.99901124741888,1,-0.8386611689912378,-0.5446535078618796
24.996327964978665,93.34705941774456,2007-09-12,2.0,210.0,9.937188946144897,303.69006752597977,0,-0.832050294337844,0.5547001962252285
25.71165556,91.89512778,2025-05-30,96.3,854.0,15.84713559678666,304.72460269346647,1,-0.8218995177515716,0.5696324979491024
26.49140352510004,94.81908718604411,2009-06-04,35.6,1257.0,27.39782287258114,180.0,0,1.2246467991473532e-16,-1.0
26.31735652818613,94.35810916049638,2025-07-07,17.6,527.0,14.636885137320926,150.25511870305778,0,0.496138938356834,-0.8682431421244591
23.69972222,92.71694444,2024-05-28,66.7,1002.0,37.35256798916894,5.310096785521395,1,0.09254605475973693,0.9957084049802973
26.17266956704928,91.55632070694176,2011-03-23,0.0,52.0,2.932085702984153,108.43494882292202,0,0.9486832980505138,-0.31622776601683805
23.30374,92.672816,2025-06-01,129.9,553.0,10.511248618936772,163.4610819578146,1,0.2846665554975377,-0.9586265968463255
23.303595741410863,93.42340157938092,2025-06-01,44.5,1520.0,5.848894052728543,71.56505117707799,0,0.9486832980505138,0.31622776601683794
25.762942218321943,93.66271381506677,2023-09-08,5.6,189.0,0.9279360212320218,270.0,0,-1.0,-1.8369701987210297e-16
23.67388889,92.71472222,2024-05-28,66.7,997.0,18.723646720310747,261.77165566961577,1,-0.9897055509937226,-0.14311856040434418
24.98611,93.50583,2007-08-24,1.8,1235.0,21.894968261798404,68.77076726253149,1,0.9321391763016968,0.3621002016066742
23.49,92.70555556,2024-05-28,84.4,1034.0,37.08553386853713,305.27940750597315,1,-0.8163452233364401,0.5775642616504052
23.476232079261177,92.54806134751423,2024-05-28,54.3,474.0,22.484408950457876,300.579226872489,0,-0.8609265282143156,0.508729312126641
25.912872405227468,91.61480469059136,2025-05-28,21.9,503.0,5.395220320479603,239.03624346792648,0,-0.8574929257125442,-0.5144957554275266
23.10172778,93.20231944,2024-05-28,58.5,1175.0,18.07088871832044,32.59966718007027,1,0.5387658913572653,0.8424555266066046
25.047833,92.789306,2018-07-11,16.9,95.0,29.60840374167101,28.1067040461068,1,0.471115093611001,0.8820717479728606
27.49565966276109,91.99314225016064,2016-04-23,1.4,4166.0,22.107853151924704,94.57392125990086,0,0.996815278536125,-0.07974522228288994
27.49916728764593,88.78099536457522,2012-06-22,23.8,4918.0,41.468206286391975,63.90457584261166,0,0.898062707987213,0.4398674488100635
23.37675018910048,92.51001810137775,2024-05-28,60.4,645.0,34.0517195569459,225.97102193107915,0,-0.7189883760491116,-0.6950220968474752
23.186296,92.7356,2025-09-13,17.6,838.0,32.042087632288315,119.39685597210452,1,0.871240747483652,-0.4908559462043088
25.850037447496707,92.08129022073189,2024-07-02,4.1,766.0,11.147013511080369,9.462322208025618,0,0.1643989873053573,0.9863939238321437
25.42315556,91.86329167,2025-05-31,74.6,1740.0,39.57022135552433,183.72644873086887,1,-0.0649929566106672,-0.9978857227112752
23.225227,92.912496,2025-05-31,52.6,734.0,42.71250576982676,183.2779127648901,1,-0.0571791669379418,-0.9983639330766526
23.603963887907103,92.4990215758574,2024-05-28,54.7,316.0,21.00547856578673,242.35402463626133,0,-0.8858315352801555,-0.4640069946705575
22.94071244676182,92.59921399789292,2025-09-13,6.1,91.0,16.766544495336266,233.7461622625552,0,-0.8064049958557054,-0.5913636636275176
23.041726862338145,93.00204660824365,2025-05-29,37.9,675.0,16.348487945250483,83.6598082540901,0,0.9938837346736189,0.1104315260748466
23.76972222,92.74472222,2024-05-28,71.2,1153.0,36.32666081423212,205.6278485548986,1,-0.4325240325209699,-0.9016224050520256
26.383648,94.440751,2025-07-29,5.4,994.0,13.053701595774312,308.87766158464206,1,-0.7784879189158751,0.6276595893492187
25.106695081094177,91.23006098959269,2019-06-27,109.6,12.0,1.8553855108258317,0.0,0,0.0,1.0
25.09879950916324,91.46779567935631,2019-07-07,2.8,10.0,0.0,180.0,0,1.2246467991473532e-16,-1.0
24.99083,93.50583,2007-08-28,5.8,1206.0,15.786750859896308,124.8846657260184,1,0.8203049719414542,-0.5719263527834069
23.60972222,92.80916667,2024-05-28,55.2,536.0,23.88842405703037,236.79540242156267,1,-0.8367203727143053,-0.547630366109143
23.39430723621325,92.51591819324914,2025-06-01,132.1,634.0,26.225371458157145,117.40757543781842,0,0.8877545314489292,-0.4603171644550006
25.688833,91.653639,2025-06-25,22.0,1046.0,26.422371028120622,192.5131680107043,1,-0.2166639855891823,-0.9762462380714256
24.147985992207357,93.86100151470912,2024-09-28,0.0,879.0,6.725013241134402,254.05460409907715,0,-0.961523947640823,-0.2747211278973783
26.299507957047897,91.52472792515228,2017-06-13,82.3,47.0,3.342217432740406,213.69006752597977,0,-0.5547001962252289,-0.8320502943378438
25.46613814349893,91.16541239864308,2025-05-30,66.2,1132.0,7.82546186469383,45.0,0,0.7071067811865476,0.7071067811865476
27.064496663457483,93.90539788032588,2016-07-17,4.1,93.0,2.6229949491577687,225.0,0,-0.7071067811865475,-0.7071067811865477
23.625262243859776,92.54281530812356,2024-05-28,54.7,756.0,18.962173026877316,351.86989764584405,0,-0.14142135623730898,0.9899494936611666
25.18919,93.02118,2022-05-15,73.9,481.0,7.361522076197069,104.49609984580049,1,0.9681646816351989,-0.25031410114936387
23.595916608651816,92.44097524407437,2024-05-28,56.6,679.0,23.07765918209022,278.74616226255523,0,-0.988371697650617,0.15205718425394166
26.10694722,94.25328889,2021-09-18,4.6,1374.0,7.685144817514985,306.80794436635813,1,-0.800648305425176,0.599134618445466
25.39295833,91.55163333,2024-05-28,51.3,1415.0,21.018989830905006,44.32511796292744,1,0.6987289716716358,0.7153864858569096
25.459195562466103,92.36977445910549,2020-05-26,243.3,1275.0,5.626749308445709,9.462322208025618,0,0.1643989873053573,0.9863939238321437
23.575596483380917,92.4429776616636,2024-09-25,70.2,683.0,24.721530547055156,129.28940686250036,0,0.773957299203321,-0.6332377902572627
23.84350020888693,93.10335640277144,2024-05-28,83.2,1076.0,21.056567100656416,284.6208739886317,0,-0.9676172723968438,0.25242189714700297
24.241234771779165,93.25317354497686,2024-09-24,8.4,1104.0,28.1354148964726,178.26429541107163,0,0.030289126640769076,-0.9995411791453814
22.691676129644865,92.69772295210704,2025-06-01,138.6,306.0,16.014049341663906,253.6104596659652,0,-0.9593655015712704,-0.28216632399155045
23.71697222,92.70817222,2024-05-28,71.2,909.0,27.07396677328215,284.6591853550889,1,-0.9674482718000187,0.253068847136816
23.4067897510057,92.52292699048762,2025-05-24,1.8,419.0,30.588751099214704,189.46232220802565,0,-0.16439898730535768,-0.9863939238321436
23.864963586138792,92.52863017380592,2024-05-28,62.6,170.0,29.31622959279613,326.76828893202065,0,-0.5480262573108727,0.8364611295797534
23.25039513204745,92.2707160486048,2025-06-01,108.2,126.0,2.07420285773972,296.565051177078,0,-0.894427190999916,0.4472135954999578
27.4097,88.54371,2014-06-24,24.1,1517.0,39.39615000507384,327.8415462963351,1,-0.5322625447282237,0.8465793426959081
25.31458,91.45242,2013-08-06,38.8,1308.0,45.107848520727295,86.30556562565192,1,0.9979218821352048,0.06443537192979021
25.209571011384604,93.36759515718516,2016-05-22,1.1,711.0,38.20906690122591,306.6341138759674,0,-0.802462340946134,0.59670276634456
25.17623,93.01326,2022-05-14,66.9,696.0,32.90411025524227,178.41765239554974,1,0.02761366510066181,-0.9996186700435864
25.40288611,91.43424167,2024-05-28,63.4,1527.0,17.126550058251873,99.05721804121715,1,0.987531625899706,-0.1574207351268668
27.24883333,88.60191667,2022-10-10,4.2,1145.0,15.335296686598204,160.63301224006722,1,0.33161761802740175,-0.9434138834116405
25.379378829904827,91.19322426778,2024-06-15,157.3,1023.0,10.102186599671455,180.0,0,1.2246467991473532e-16,-1.0
25.45075,92.19452778,2020-05-26,198.0,1354.0,22.12804560680002,208.9749410763477,1,-0.4844270495812884,-0.8748316601689539
27.57502778,88.65402778,2012-06-22,25.0,1483.0,41.43663486991187,256.2241884136295,1,-0.9712348944298598,-0.2381234550434273
23.208823,92.53749,2025-06-01,135.8,726.0,11.22339228414512,153.68444712960812,1,0.4433145246600461,-0.8963661262148617
23.71581111,92.70935,2024-05-28,71.2,902.0,23.585082169552965,0.0,1,0.0,1.0
24.325444,94.232583,2018-05-18,0.0,413.0,36.75020252144374,61.55086632265631,1,0.879240380579987,0.4763783718406615
25.192378075525006,91.88276346577102,2022-04-04,55.6,42.0,4.721262686570613,258.69006752597977,0,-0.98058067569092,-0.19611613513818477
24.697139761373084,93.68074920541878,2025-05-31,51.7,728.0,29.183421610724324,240.4612177404419,0,-0.8700221858486121,-0.4930125719808806
25.641242,91.894137,2024-07-02,4.5,1210.0,9.826591555115431,304.06423609767654,1,-0.8284101229385372,0.5601220118982628
24.48857222,93.36792222,2024-09-28,0.0,268.0,12.200486688321458,132.3035722539065,1,0.7395891328312186,-0.6730586264196945
23.396020910121585,93.2077649158124,2025-05-31,31.0,1157.0,10.463140171287812,52.12501634890181,0,0.7893522173763264,0.6139406135149202
23.32829167,93.12184167,2024-09-28,0.0,869.0,28.008819205205544,346.600486224016,1,-0.2317396483054457,0.9727778448357407
23.46777778,92.74111111,2024-05-28,84.4,1328.0,57.77588948575726,270.0,1,-1.0,-1.8369701987210297e-16
24.807975717469706,93.1171161366064,2024-08-13,0.0,40.0,4.721262686570613,191.3099324740202,0,-0.1961161351381836,-0.9805806756909202
25.21025357093597,92.82521472113204,2016-05-22,0.4,1112.0,20.44957527203876,304.38034472384487,0,-0.8253072612498319,0.56468391559199
25.07639384616523,91.9530353439313,2020-06-26,106.4,13.0,2.78186346598435,90.0,0,1.0,6.123233995736766e-17
25.203370442472792,92.77333334332576,2016-05-22,0.4,1108.0,9.597985496774518,16.69924423399362,0,0.28734788556634544,0.9578262852211514
25.23230556,93.03333333,2016-05-17,81.4,554.0,20.129412443477364,282.7429038553116,1,-0.975369646645679,0.22057663612060815
25.763609938625976,92.00896277973204,2025-05-30,101.8,971.0,15.086665856187206,122.7352262721076,0,0.8411784753765535,-0.5407575913134987
23.759039836972715,92.52597168763695,2024-05-28,66.5,92.0,20.71269408937921,133.26429541107163,0,0.7281999926928028,-0.685364699004991
23.063838,92.769004,2025-06-15,28.4,897.0,26.966986285626938,104.72850144151668,1,0.9671414027396478,-0.254239074704866
23.52694444,92.65444444,2024-09-20,1.4,397.0,25.64051012226253,61.86024567944997,1,0.8817998450408172,0.4716238260372252
25.57822,91.86545,2014-09-23,25.9,1459.0,8.874600132285504,223.53941104799867,1,-0.6888533634202368,-0.7249007129977367
25.69759596198563,92.09097565792143,2014-09-23,19.1,905.0,17.457734943636545,325.4914770123316,0,-0.5665288228870651,0.8240419241993676
23.54277778,92.67638889,2024-05-28,60.9,665.0,16.92597197524539,54.23430047152241,1,0.8114138621474125,0.5844720218410971
23.229765,93.127521,2025-05-31,35.2,1009.0,28.06414393322735,328.12496283672573,1,-0.5280684014610469,0.8492018390102406
23.793444,91.552056,2018-05-20,21.6,144.0,16.006931505153723,99.73509377095668,1,0.9856000841410749,-0.16909309312064202
22.97606512369704,92.50523370341534,2025-06-01,95.2,99.0,9.063543582687329,113.9624889745782,0,0.9138115486202569,-0.40613846605344806
23.39166667,92.75527778,2024-05-28,99.1,1310.0,32.16493149215556,17.948148415432712,1,0.3081561799950048,0.9513357812733032
23.280947,92.8367,2025-06-01,124.5,621.0,38.171657656090005,32.50741825986859,1,0.5374088003138935,0.8433218729199319
23.71571389,92.72659722,2024-05-28,71.2,865.0,24.50532370686693,186.67470090835965,1,-0.11623218880953945,-0.9932220689677327
22.772103152530303,93.0818662858155,2025-05-31,7.6,764.0,30.39923898721953,276.3401917459099,0,-0.9938837346736189,0.11043152607484659
25.01844157688264,93.32949892617424,2024-07-29,109.2,287.0,13.449413880326745,331.6992442339936,0,-0.47409982303501713,0.8804710999221754
23.222518730988416,92.36363960441128,2025-06-01,121.3,260.0,38.15592483164306,255.67728002179643,0,-0.9689177106244631,-0.24738324526582092
25.67517222,91.8983,2024-06-30,190.4,1015.0,18.682083992664044,47.97277360430755,1,0.7428267772471965,0.6694836659729226
23.579846270377235,92.55720078390084,2024-05-28,60.9,536.0,21.80315195374203,121.7594800848128,0,0.8502651466878619,-0.5263546146162952
26.17672222,91.76525,2017-06-13,83.4,87.0,18.701766262232105,253.3456625866084,1,-0.9580512061939189,-0.2865970800799914
24.17180556,93.54406667,2024-07-02,26.1,659.0,28.87972403065452,95.0455157173361,1,0.9961251473186429,-0.08794709136413849
24.48035145748297,93.75255399553768,2024-08-13,2.0,779.0,1.3121849935516046,135.0,0,0.7071067811865476,-0.7071067811865475
25.81352801925401,93.65123719214075,2024-09-03,28.5,165.0,2.78186346598435,0.0,0,0.0,1.0
23.76388889,92.73388889,2024-09-26,4.6,1203.0,35.42470680741221,263.4736369402706,1,-0.9935196631916763,-0.11366036622982559
26.4242282,94.3924136,2025-07-05,17.4,853.0,38.17338848551333,216.66559647525264,1,-0.5971436092498106,-0.8021343465605432
23.32477621598519,92.54137275038306,2025-05-30,124.3,789.0,44.08937539557407,159.44395478041653,0,0.35112344158839176,-0.9363291775690444
22.68038715753961,92.70699350151824,2025-05-31,22.2,280.0,26.67343352716065,88.15238973400541,0,0.9994801143396996,0.03224129401095795
25.47217,94.15433,2007-09-09,5.6,1489.0,16.48722800252453,169.54027797427733,1,0.18154426877262275,-0.9833827731233722
25.130719326308483,93.28168628376451,2016-05-17,141.7,812.0,21.80315195374203,31.759480084812797,0,0.5263546146162954,0.8502651466878618
24.10015917,93.10461389,2024-09-24,17.3,464.0,29.525288090038764,203.99112277059936,1,-0.4065950963101089,-0.9136084651843881
25.9841203420376,91.64925348322758,2024-07-05,16.3,399.0,11.328952775354065,345.96375653207355,0,-0.24253562503633241,0.970142500145332
23.01689167,93.283175,2024-09-24,6.1,885.0,30.97202559812448,249.4988134852217,1,-0.9366649367466539,-0.35022677834424204
23.49991667,92.70136111,2023-06-02,0.2,901.0,25.572451541858463,275.8181089693759,1,-0.9948487191692265,0.10137073526096979
23.501021662675758,92.50254341920808,2024-05-28,54.3,801.0,42.28151412590286,4.0856167799748775,0,0.07124704998790966,0.997458699830735
23.544052,93.155591,2025-06-14,15.2,1004.0,26.79954319370218,129.808231759204,1,0.7681915502710733,-0.6402200731718157
25.34987383543972,93.21270089834658,2016-05-22,0.6,695.0,16.559138713288235,240.64224645720876,0,-0.8715755371245496,-0.49026123963255835
24.45333440701622,93.47253554146916,2024-09-24,3.5,851.0,20.71269408937921,99.86580694308438,0,0.9852117548196745,-0.1713411747512478
27.587417,91.886944,2016-04-22,26.5,2589.0,6.949538057094573,48.44925859786371,1,0.7483686078452124,0.6632830668664916
25.625503907986975,92.14781892313933,2007-08-18,0.5,975.0,14.198148890428074,320.1944289077348,0,-0.6401843996644798,0.7682212795973759
23.78473221589934,92.97343963192078,2024-05-28,77.8,1017.0,36.74659047166214,356.2686030008396,0,-0.06507913734559556,0.9978801059658184
23.68045194209275,93.01565667828046,2024-07-02,24.3,765.0,22.484408950457876,120.57922687248902,0,0.8609265282143156,-0.5087293121266411
24.44857778,93.15738611,2024-07-07,11.9,75.0,19.57607934530572,92.60611343039952,1,0.9989657238965376,-0.04546957752021339
23.36422598289434,92.531971078526,2025-06-01,132.1,637.0,30.408766350630923,207.97947438848016,0,-0.46915522596174963,-0.8831157194574104
26.15428,91.79264,2017-06-13,83.4,78.0,8.251325040595896,276.4018857448293,1,-0.9937642499060171,0.11150163948898315
27.596639,91.878972,2016-04-23,1.0,2895.0,12.97538739377385,60.57852201877087,1,0.8710297290004232,0.49123030362290293
23.62760551643637,92.9949835004811,2024-07-17,13.9,636.0,18.86402226310986,354.5596679689945,0,-0.09480909262799522,0.9954954725939522
23.62700582181772,92.46235437662288,2024-05-28,54.7,694.0,20.71269408937921,170.13419305691565,0,0.17134117475124733,-0.9852117548196746
22.918099104482195,92.60203665786185,2025-05-30,211.1,98.0,24.855659070831365,233.53076560994813,0,-0.8041761414663253,-0.594391061083806
23.95712961237516,93.06812984366375,2024-07-02,29.1,574.0,27.90428943195433,336.5713071912546,0,-0.39760743763430023,0.9175556253099242
23.35278169036555,92.43416920485058,2024-06-02,0.0,609.0,30.033071142420983,168.6900675259798,0,0.19611613513818385,-0.9805806756909202
23.755635889353474,93.0838184853445,2024-09-12,8.3,1045.0,24.6405147134715,312.1375947738882,0,-0.7415357791237717,0.6709133239691256
25.7179491,94.0917724,2022-09-28,24.6,1349.0,26.79095834614327,140.22387655324508,1,0.639789481370966,-0.7685502062500994
25.62269444,91.16914444,2024-07-02,6.8,1222.0,6.330278572405954,330.99023172032366,1,-0.4849587259264532,0.8745370398947041
23.74972222,92.69833333,2024-05-28,70.9,630.0,21.702340037028588,167.17742895033638,1,0.22193262990915366,-0.975062002019157
23.65138889,92.72694444,2024-05-28,66.7,789.0,10.142390722588152,43.68849771583866,1,0.6907372595276546,0.7231058278704614
24.06281217614196,92.74852340662568,2024-09-25,64.0,326.0,12.260049400304831,26.56505117707799,0,0.4472135954999579,0.8944271909999159
25.68591944,91.90256667,2024-06-30,184.0,938.0,21.53673623177921,190.4780034184209,1,-0.18185802795379136,-0.9833247976476328
25.65057222,91.89351389,2024-07-02,4.5,1135.0,22.61491444872152,244.723857110314,1,-0.9042604167396331,-0.42698137982570755
23.72720147053032,92.9906824101027,2024-06-07,3.6,1072.0,24.187485785271104,154.3589941756947,0,0.4327310675847714,-0.9015230574682735
23.79725414055757,92.56095674586238,2024-07-02,40.4,854.0,19.23352658896059,201.80140948635184,0,-0.37139067635410405,-0.9284766908852592
23.966276549365453,92.02591287151266,2010-06-03,45.3,68.0,4.629981483311581,306.869897645844,0,-0.8000000000000002,0.5999999999999998
24.541227408834885,92.90442740132572,2024-07-09,7.2,74.0,2.07420285773972,243.434948822922,0,-0.8944271909999157,-0.44721359549995815
23.889940257546847,93.06037141875694,2024-07-02,22.1,213.0,9.937188946144897,303.69006752597977,0,-0.832050294337844,0.5547001962252285
23.31637,92.854172,2025-05-31,45.3,895.0,22.110080287331943,265.4343297699519,1,-0.9968267521210799,-0.0796016724431035
23.73361111,92.85305556,2024-08-28,0.8,851.0,42.74941061245126,175.6163521474809,1,0.07643446733390741,-0.9970746071399983
23.111824,92.745097,2025-05-31,50.3,835.0,15.609904986778735,337.8181136636416,1,-0.3775480603721837,0.9259899902856412
23.49566583729654,92.51313412387448,2024-05-28,54.3,626.0,22.09196433171732,208.6104596659652,0,-0.4788521306805731,-0.8778955729143845
25.668299219630057,92.08654470822027,2024-06-30,109.5,924.0,23.77852044608502,216.0273733851036,0,-0.5881716976750462,-0.8087360843031886
25.64650375873191,93.78749983835542,2024-09-03,9.6,550.0,10.73476703513389,109.98310652189998,0,0.939793423488437,-0.34174306308670443
24.92097,93.07306,2020-06-02,83.9,61.0,15.610303841618816,106.81988941330911,1,0.9572191065848557,-0.2893640993435272
25.19014320324521,92.7571577570756,2016-05-22,0.4,1143.0,17.30466568558618,278.9726266148964,0,-0.9877629653290692,0.1559625734730106
23.93027778,92.6525,2023-09-17,24.4,194.0,16.828897628357257,83.8623359891889,1,0.9942678754438538,0.10691768731302234
23.70638889,92.72055556,2024-05-28,71.2,875.0,34.62264576731095,85.97118896559951,1,0.997528847279281,0.07025808740400454
23.78460446155044,92.96880346222764,2024-05-28,77.8,910.0,16.58234174762092,292.38013505195954,0,-0.9246780984747162,0.38074980525429436
25.66156667,91.13485278,2024-07-02,6.8,1145.0,11.15416812111018,305.032905713717,1,-0.8188224967835078,0.5740467914388359
23.00321939060711,92.42482349023324,2023-08-12,22.6,497.0,10.26431383562415,206.565051177078,0,-0.44721359549995826,-0.8944271909999157
25.771451,93.907041,2022-09-30,0.5,631.0,13.952825212028664,12.521592208914951,1,0.21680752072686776,0.9762143714145315
23.177311,93.198157,2025-06-01,103.1,1149.0,15.1976619311991,283.7741020855966,1,-0.9712419987482751,0.23809447676805848
26.10694722,94.25328889,2021-09-18,4.6,1374.0,7.685144817514985,306.80794436635813,1,-0.800648305425176,0.599134618445466
23.27153934625152,92.3768327915848,2025-06-01,128.3,72.0,9.245369559420672,264.2894068625004,0,-0.9950371902099893,-0.09950371902099804
23.70027778,92.71611111,2024-05-28,71.2,1031.0,22.356721965820785,295.6238558960557,1,-0.9016525433185422,0.43246120187504045
22.99764748794558,92.44698991932523,2025-06-01,101.6,96.0,9.895474196375124,111.80140948635182,0,0.9284766908852593,-0.37139067635410367
25.594891059542,92.21793935462428,2020-05-26,123.0,1167.0,2.6229949491577687,225.0,0,-0.7071067811865475,-0.7071067811865477
23.37972222,92.75166667,2024-05-28,99.1,1273.0,29.61382146716925,5.334886253242061,1,0.09297684712366647,0.995668271011456
23.188273,92.898879,2025-05-31,54.7,827.0,22.045566936949584,151.45638142555936,1,0.4778276546168654,-0.8784536029201233
23.07276014604981,92.47447525331884,2025-06-01,114.7,77.0,18.804811394848315,295.3461759419467,0,-0.903737838893539,0.4280863447390443
25.04222222,92.44127778,2010-04-22,73.9,276.0,24.425351140325688,4.507864596561603,1,0.07859593495628463,0.9969065548025791
23.341928236886847,92.5308723838398,2025-05-31,88.1,849.0,20.00055951748282,212.2756443145776,0,-0.5339929913879812,-0.8454889030309715
24.82078537034038,93.1316560105356,2024-07-02,35.0,52.0,15.989834468358282,132.70938995736148,0,0.7348034446274879,-0.6782801027330658
23.584953347331066,92.49636915777316,2025-06-01,101.3,228.0,18.785020512595423,0.0,0,0.0,1.0
24.57467222,93.14389722,2024-07-09,26.2,584.0,27.11036257834277,290.3298925582694,1,-0.9377078024710547,0.3474249230911703
23.049266402146365,92.53003033592866,2025-06-01,95.2,604.0,25.92802561114133,29.981639368849336,0,0.4997224534895772,0.8661855860486004
25.98085453378574,94.34812610514936,2021-09-18,11.5,571.0,27.54574307148414,334.2306723756613,0,-0.43474906583117573,0.9005516363645785
24.72192,92.90381,2020-06-05,5.6,39.0,10.281304858387433,11.318940832048485,1,0.19627030500823345,0.9805498291122053
25.2553747521593,92.8930771534108,2016-05-27,11.1,537.0,9.597985496774518,16.69924423399362,0,0.28734788556634544,0.9578262852211514
25.69688611,91.64176667,2025-06-25,22.0,1285.0,12.185217633467444,274.2943788216828,1,-0.9971924847441949,0.07488089455728114
25.28090556,91.36584722,2025-05-30,57.0,993.0,27.85351204583748,168.28517437617995,1,0.2030406682928701,-0.979170305421475
23.49722222,92.70333333,2024-05-28,84.4,905.0,26.184202806008862,291.2060107553244,1,-0.9322858589661227,0.3617223758240548
25.39155556,93.11316667,2017-06-03,40.7,208.0,15.047874678445954,233.0263929119016,1,-0.7989126473106073,-0.6014470732883794
23.521721519621064,92.41132934190446,2024-05-28,37.9,700.0,20.76477349949053,19.983106521899984,0,0.34174306308670443,0.939793423488437
26.19113889,91.82961111,2025-05-31,15.7,116.0,17.054033439087625,86.97850817708235,1,0.9986098331223199,0.05271054155870939
25.412679244398536,91.24185708520872,2007-06-16,76.1,1309.0,10.463140171287812,307.8749836510982,0,-0.7893522173763265,0.6139406135149201
23.504575,93.23805,2024-07-17,23.2,1419.0,27.23551611226627,286.4233595020903,1,-0.9591987841399705,0.28273254588816304
23.29099700020746,92.34690751081207,2025-06-01,108.2,199.0,17.949166406534854,233.130102354156,0,-0.8000000000000005,-0.5999999999999993
23.665791479064648,93.0128380810981,2024-05-28,74.8,786.0,33.141328266782416,187.1250163489018,0,-0.12403473458920815,-0.9922778767136677
26.18789,91.79493,2022-06-17,59.1,96.0,17.89807987757442,63.2171679197875,1,0.8927208778510831,0.4506100689607274
24.10506389,93.09593611,2024-09-24,16.6,319.0,21.55628956699528,279.42310632630233,1,-0.9865062150482364,0.16372381522308468
24.281645405288504,93.23376042661327,2024-09-24,12.6,439.0,21.916107296055188,229.89909245378772,0,-0.7649111981170503,-0.6441357457827803
22.93264427100591,92.49243253994288,2017-06-12,142.1,89.0,14.528657803292958,0.0,0,0.0,1.0
23.54294167,93.23821667,2024-09-24,1.7,1546.0,24.91749921632193,240.8372413619184,1,-0.8732389940112923,-0.4872921704051339
25.543207920838217,93.29312728450552,2025-06-05,0.0,548.0,19.72452770068585,71.56505117707799,0,0.9486832980505138,0.31622776601683794
25.83292413518423,91.4203983420332,2025-05-30,86.2,414.0,7.439815764419437,277.1250163489018,0,-0.9922778767136676,0.12403473458920852
23.309295,92.860017,2025-05-31,45.3,997.0,19.19671382164763,300.7207846623569,1,-0.859667010071364,0.5108548050033015
23.53805556,92.71861111,2024-05-29,2.8,888.0,16.409078030883798,63.94333907336217,1,0.8983600930017153,0.4392597674519594
23.757676984956127,92.57558679081464,2024-05-28,70.9,570.0,19.72452770068585,198.434948822922,0,-0.3162277660168378,-0.9486832980505139
24.08927222,93.12408611,2024-09-28,2.0,983.0,20.473674572549804,295.6633197664627,1,-0.9013544612285609,0.43308213450034017
25.9,94.78917,2009-06-21,34.5,1047.0,24.82291618332217,128.99370037715892,1,0.777215150007943,-0.6292349407003164
23.633289144983536,93.31279561562636,2024-09-12,12.2,1631.0,20.59047488312973,187.4314079711725,0,-0.12933918406776757,-0.9916004111862218
23.64083333,92.72472222,2024-05-28,66.7,827.0,23.60499710393609,328.3255150866222,1,-0.5250927138461383,0.8510450292820572
25.17702778,93.02088889,2016-05-22,0.7,571.0,8.994537860685414,52.19882681400998,1,0.7901424623507988,0.6129232327055457
26.229648425784497,94.67226229503868,2009-08-20,23.6,1362.0,23.620614228199447,270.0,0,-1.0,-1.8369701987210297e-16
26.53869704372524,94.23792736745942,2025-07-08,7.5,125.0,2.07420285773972,243.434948822922,0,-0.8944271909999157,-0.44721359549995815
25.159248139694512,91.60982999844433,2019-06-27,167.9,19.0,3.820639749004604,345.96375653207355,0,-0.24253562503633241,0.970142500145332
23.58039289248571,92.5359937346176,2024-05-28,54.7,232.0,23.211450712433987,79.11447294534128,0,0.9820064469806474,0.18884739365012418
23.4946,92.7044,2024-08-25,10.7,929.0,45.146096053727966,269.07822295856886,1,-0.9998705902058661,-0.016087350352776406
27.3287476769196,88.75401108604046,2025-07-19,36.4,3663.0,34.68068568299641,32.57405713457251,0,0.5383892771022005,0.84269625981214
23.69361111,92.7225,2024-06-28,1.5,869.0,38.49416846984696,92.33054361260255,1,0.9991728594182187,-0.040664443953172764
23.71909176318712,92.5854815326058,2024-05-28,65.6,494.0,16.834979945322214,285.52411099675425,0,-0.9635179096299407,0.2676438637860944
23.430288342091668,92.95883606392935,2025-05-31,46.2,736.0,12.42394414032799,306.0273733851036,0,-0.8087360843031886,0.5881716976750462
23.126631,93.064946,2024-05-28,64.1,1382.0,24.89990611320621,137.01448017996358,1,0.6818135055917086,-0.7315260375357429
24.953796451250696,92.87815896355556,2022-05-14,62.4,79.0,4.984909337853947,68.19859051364818,0,0.9284766908852593,0.3713906763541038
23.337579066477407,92.51342413502918,2025-06-01,135.8,381.0,33.61069323751214,43.025065989118026,0,0.6823182503600111,0.731055268242869
25.140793261708797,91.50567542935548,2007-07-19,28.8,18.0,3.706887929602367,270.0,0,-1.0,-1.8369701987210297e-16
25.05804366732792,93.2199522023764,2016-05-22,1.1,659.0,20.868399469699217,347.7352262721076,0,-0.2124296443310439,0.9771763639228009
25.23880556,93.03219444,2016-05-22,0.2,569.0,17.427559021713506,294.3357762118202,1,-0.911146144190393,0.4120833701169942
25.14525,93.02916667,2016-05-17,116.3,542.0,29.13955886646751,83.33779388315354,1,0.9932473927140713,0.1160155888951974
23.114694,92.743931,2025-06-01,124.1,835.0,34.12932897553949,110.9676827626314,1,0.9337824126258473,-0.35784131381193524
23.594389216666418,92.56681141362408,2024-05-28,60.9,563.0,23.519307083401056,225.0,0,-0.7071067811865475,-0.7071067811865477
23.60830556,92.85058333,2016-09-17,5.9,1111.0,33.053465242026064,299.7993540573918,1,-0.8677710561113938,0.49696417795985687
25.758575890960863,91.7749898759152,2025-06-11,18.9,649.0,16.58234174762092,112.38013505195958,0,0.9246780984747159,-0.3807498052542949
25.11710242537765,93.34615073926778,2016-05-22,1.5,548.0,28.799482103284955,45.0,0,0.7071067811865476,0.7071067811865476
24.18561111,92.94536111,2013-08-15,43.0,452.0,14.724906196722724,222.4123017702817,1,-0.6744609231244587,-0.738310546571091
23.76861111,92.85138889,2024-07-02,18.2,772.0,32.18979093865012,237.35530193535035,1,-0.84203183030232,-0.5394278420305398
22.973735,92.725975,2025-05-30,237.4,545.0,7.528716127346917,291.533141200513,1,-0.930205419583811,0.3670393403668143
24.904814254939154,93.35322186493508,2011-05-31,26.7,303.0,18.46461733977188,320.9061411137705,0,-0.6305926250944659,0.7761140001162653
25.43630556,92.19525,2020-05-26,198.0,1359.0,14.100659700997564,86.30927625831441,1,0.9979260530548059,0.06437074362205789
23.10565,92.745979,2025-05-30,176.7,711.0,19.062331157387128,314.5810439049488,1,-0.7122583117377707,0.7019174434080269
25.31488,91.33367,2007-07-19,40.3,1141.0,43.81906425845814,317.85185324433866,1,-0.6710498788802622,0.7414122065725552
24.570648140436862,92.89736304228316,2020-06-02,21.5,70.0,6.533604276522507,8.13010235415598,0,0.14142135623730953,0.9899494936611666
24.39255556,93.65468611,2024-08-13,0.0,1561.0,42.67236720593251,134.55485217392402,1,0.7125791061912805,-0.70159177405357
23.61611111,92.71722222,2024-05-28,66.7,887.0,22.28375544482751,34.04420718997628,1,0.5598323900352891,0.8286058743862343
23.7175,92.71972222,2023-09-19,49.3,1082.0,29.41839407692929,48.73653525179805,1,0.7516848376908887,0.6595224823958789
23.69277778,92.72055556,2024-05-28,66.7,978.0,41.9105508211139,79.6217125957655,1,0.9836398090521523,0.1801464017066269
24.56925833,93.177275,2024-05-28,104.5,184.0,13.700119052889876,306.6530492889751,1,-0.8022650956329757,0.5969679357628954
23.239077,92.745631,2025-05-31,56.8,756.0,19.05233103895848,41.48445383508567,1,0.6624168083501407,0.7491354830838097
25.206424661852356,91.87144114206444,2009-07-17,13.1,582.0,5.235041214894499,315.0,0,-0.7071067811865477,0.7071067811865474
25.134194,92.383528,2007-07-31,62.6,168.0,17.74148496572258,163.7918626169315,1,0.27912748809743815,-0.9602540525238176
23.59194444,92.75055556,2024-05-28,65.0,701.0,25.63123469964408,340.6719808660818,1,-0.33097589651082354,0.9436392085584705
23.83277778,92.8325,2024-07-02,15.7,350.0,36.19836827714693,311.5159376688832,1,-0.7487713742446404,0.6628283556938347
25.78417,93.80028,2013-07-16,22.9,251.0,17.065702312444657,276.04701839827135,1,-0.9944357817491277,0.10534455836445097
23.53555556,92.72333333,2024-05-28,65.0,910.0,22.010530178001503,0.0,1,0.0,1.0
23.00638889,92.67691667,2023-07-23,9.8,402.0,30.262486556913093,149.21460451089075,1,0.5118239021089749,-0.8590903871129874
25.75297778,91.88535278,2025-05-30,96.3,821.0,16.02639092188867,90.0,1,1.0,6.123233995736766e-17
23.080483954070065,92.56442939748057,2025-06-02,2.0,104.0,5.235041214894499,45.0,0,0.7071067811865476,0.7071067811865476
23.09420747149272,92.5294904676966,2025-05-30,223.9,594.0,16.925694978512283,25.201123645475075,0,0.42579703632987964,0.904818702200994
23.818946506716426,93.01270716400671,2024-05-28,77.8,475.0,41.77544071371367,157.61986494804043,0,0.3807498052542947,-0.924678098474716
25.15658333,93.01961111,2016-05-22,0.7,624.0,22.80235356397969,0.0,1,0.0,1.0
27.56111111,88.65452778,2012-06-22,25.0,1412.0,27.467132238399365,280.75620340710736,1,-0.9824301970324433,0.1866304047008276
24.76606111,93.30076667,2024-08-13,0.0,451.0,22.69086324012862,14.80526344184753,1,0.2555345734988548,0.9667999181561604
25.31848,91.45262,2007-07-19,48.5,1393.0,24.09398080869186,90.0,1,1.0,6.123233995736766e-17
23.625916530453807,92.55569448936268,2024-07-02,23.8,364.0,39.61760372573504,149.42077312751098,0,0.5087293121266412,-0.8609265282143155
23.10851389,93.20975,2024-06-28,3.9,1106.0,22.408685831869548,101.30709625301238,1,0.9805903825117666,-0.19606759478666383
23.338566135378656,92.51222294215944,2025-05-31,88.1,343.0,23.032809237825163,139.63546342690265,0,0.6476484200955406,-0.7619393177594592
22.873558,92.755953,2018-06-14,19.1,1075.0,22.210933653518747,129.31716796998987,1,0.7736503902646599,-0.633612715815694
27.327977,88.152281,2025-09-11,19.7,1578.0,14.729407911497333,104.24240915183596,1,0.9692635128917859,-0.24602488202755995
23.74083333,92.74111111,2024-05-28,71.2,953.0,31.070926914738376,85.38233179123112,1,0.9967541002489936,0.0805062956346849
25.14979745514888,93.3998424720421,2007-08-28,15.6,603.0,18.28119733544922,348.69006752597977,0,-0.19611613513818482,0.98058067569092
25.56852778,91.89219444,2010-06-28,60.7,1532.0,6.407858042719635,73.26449753926963,1,0.9576442523924943,0.2879539648270549
23.54027778,92.70138889,2023-08-06,133.1,883.0,31.790974852484947,223.07452481141684,1,-0.682949057079765,-0.7304660056661499
23.63748419799731,92.54464742503704,2024-05-28,54.7,900.0,27.317619002877883,131.18592516570965,0,0.7525766947068778,-0.658504607868518
24.49192259078742,92.93467845008828,2024-05-28,115.9,57.0,6.468497581602584,180.0,0,1.2246467991473532e-16,-1.0
23.430696516015995,92.94642628385532,2025-05-31,46.4,1011.0,33.109015484387825,14.381394591090604,0,0.24837535026770383,0.968663866044045
24.716225,93.32551389,2024-08-18,63.7,116.0,17.022910866916682,234.4832269310052,1,-0.8139454854248317,-0.5809412592995397
25.894466314524223,91.50223985043658,2025-06-25,10.2,116.0,27.271611915534734,43.72696997994329,0,0.6912226459673645,0.722641857147699
26.098167,91.881278,2018-06-14,56.3,83.0,5.2261642648353295,280.1822354691988,1,-0.9842504657071439,0.17677958240495498
22.629032800618155,92.61889793069145,2025-05-31,21.9,167.0,10.102186599671455,90.0,0,1.0,6.123233995736766e-17
23.42181788045532,92.9646154577118,2025-05-29,47.6,694.0,11.89052883059308,90.0,0,1.0,6.123233995736766e-17
23.70416667,92.71222222,2024-05-28,71.2,1040.0,35.22959482151546,10.081291524502348,1,0.17504525234493054,0.9845603890221766
25.62154,94.1122,2024-06-01,11.0,1728.0,25.68218028381096,140.6573289190455,1,0.6339570150808956,-0.773368284215044
23.70972222,92.72222222,2024-05-28,71.2,918.0,32.3975238288488,6.391578862378083,1,0.11132287039452025,0.9937842917490318
23.742868296055622,92.54340147785756,2024-05-28,60.7,265.0,8.243090303924172,116.565051177078,0,0.8944271909999156,-0.4472135954999583
23.894928486648077,92.54978407318131,2024-05-28,62.6,408.0,12.901576560483171,45.0,0,0.7071067811865476,0.7071067811865476
25.13961111,93.01955556,2016-05-22,0.7,741.0,20.11601679349404,77.24771459983062,1,0.975333516606805,0.22073633906405923
23.77519999909211,92.52327863380228,2025-05-24,16.6,101.0,16.766544495336266,36.25383773744479,0,0.5913636636275174,0.8064049958557056
23.67149743746886,92.4333218347536,2024-05-28,55.6,709.0,34.81964588244764,332.24145939894,0,-0.4657464328326227,0.8849182223819823
25.5651,94.1390034,2024-06-01,15.7,1669.0,20.86255827543045,109.84138136412712,1,0.940635873146478,-0.3394173745552264
26.090224084489822,94.43865031421474,2024-07-23,5.2,660.0,22.406704629744063,315.0,0,-0.7071067811865477,0.7071067811865474
25.44233333,92.19447222,2020-05-26,198.0,1331.0,7.644699243041395,164.52528415874224,1,0.266813107836061,-0.9637482894858297
25.75589544703908,91.7724548377085,2024-07-14,6.0,676.0,8.493137013964587,310.6012946450045,0,-0.7592566023652967,0.6507913734559685
23.807952,92.834037,2025-06-01,83.0,534.0,40.60868889849944,124.45704677385449,1,0.8245505777180749,-0.5657882508366436
24.277691788810973,93.8532752819652,2024-08-13,0.2,1106.0,24.61341866959142,278.13010235415595,0,-0.9899494936611667,0.14142135623730853
25.11460941400425,93.24579355492745,2016-05-22,1.1,468.0,9.200273103792917,216.869897645844,0,-0.5999999999999994,-0.8000000000000004
23.763344661440744,92.99657489093435,2024-05-28,77.8,912.0,41.60131979214876,141.66665989090137,0,0.6202355840327926,-0.7844155915708846
23.54286944,93.08539722,2024-09-12,3.7,916.0,24.21271465496577,115.56227153060937,1,0.9021168532873728,-0.4314918110635343
25.74359977949444,92.007005040503,2024-06-30,153.4,846.0,3.342217432740406,236.3099324740202,0,-0.8320502943378434,-0.5547001962252295
23.53666667,92.6975,2024-05-28,60.9,857.0,38.83316190999178,210.2602128061536,1,-0.503927945209598,-0.8637456952349067
23.737030205424357,92.53992298846909,2024-05-28,60.7,315.0,24.312311376863388,75.46554491945989,0,0.9679968981658009,0.2509621587837261
22.767598835706632,93.0602013928725,2025-05-31,7.6,982.0,23.778520446085015,162.89727103094762,0,0.2940858488375232,-0.9557790087219501
22.71238976077172,93.03714559919914,2025-05-31,9.3,901.0,25.714075185067003,42.27368900609374,0,0.6726727939963125,0.7399400733959436
23.65416667,92.69,2024-05-28,65.6,867.0,34.06791816894826,113.9845890591285,1,0.9136548252253944,-0.4064909105285799
25.16563889,93.02544444,2016-05-22,0.7,516.0,13.62725831030783,117.83246950543528,1,0.8843165319834788,-0.4668878572641538
24.94071502267287,93.70553531048982,2018-05-18,0.5,1460.0,14.2260349438547,296.565051177078,0,-0.894427190999916,0.4472135954999578
26.37456,91.84561,2017-07-04,16.0,61.0,4.236120339487068,150.8344486076349,1,0.4873347339027266,-0.8732152410098891
26.049832282791456,91.70954712624912,2024-07-05,11.7,427.0,21.39286550861863,7.125016348901798,0,0.12403473458920845,0.9922778767136676
24.65018056,93.20256667,2024-07-17,4.5,230.0,19.60466997578387,182.8630961068758,1,-0.04994966003985524,-0.9987517366502563
23.411528869800726,92.54546435809404,2025-05-31,57.9,310.0,17.970147878806134,92.86240522611176,0,0.9987523388778446,-0.04993761694389235
23.70527778,92.71138889,2024-05-28,71.2,1070.0,36.045657996077566,204.36303716394428,1,-0.41251684075320066,-0.9109499745293363
25.54261,92.09842,2009-07-01,109.7,1318.0,10.875876731365643,139.2377341676138,1,0.6529219163795156,-0.7574252247656537
25.95713218058076,91.65058467111078,2024-05-24,0.0,480.0,20.307346369411786,156.80140948635182,0,0.39391929857916774,-0.9191450300180579
23.131999,92.744413,2025-09-13,17.6,807.0,27.728409883928947,197.5211420149589,1,-0.3010576984538384,-0.9536059260520972
24.33331944,93.65702778,2024-08-13,0.0,1097.0,14.934064636895917,68.66941559204139,1,0.931497191851212,0.36374851418707727
24.3865329747557,92.53610126481728,2016-05-18,47.4,52.0,10.142982071736864,354.8055710922652,0,-0.09053574604251814,0.9958932064677039
23.83888889,92.83194444,2024-07-02,15.7,262.0,25.739194957221105,252.43107123383427,1,-0.9533545014063559,-0.30185293546400804
27.30544238438267,88.72348569579574,2015-07-11,0.0,1759.0,28.725830505290435,325.8403054543306,0,-0.5615014183372645,0.8274757743917583
25.171186545429563,93.62896238249274,2018-06-22,13.2,1458.0,25.054786060505464,165.96375653207352,0,0.24253562503633316,-0.9701425001453319
25.68255833,91.90111389,2024-06-30,184.0,960.0,9.570502710005876,253.27957459258667,1,-0.9577199926576505,-0.2877019563086596
25.38803,91.46977,2007-06-16,86.8,1529.0,6.327398043789604,331.03768943316527,1,-0.48423418644179883,0.874938427937103
22.793307,92.819831,2025-05-31,19.1,865.0,31.747130719982625,345.2194902299421,1,-0.2551168601225073,0.9669102273123565
23.333669171219874,92.48686774467258,2023-08-12,7.8,449.0,18.804811394848315,87.27368900609373,0,0.9988681377244376,0.04756514941544941
27.454423044619123,88.71207872796009,2023-10-04,16.0,2789.0,51.92694311172201,324.2933085993971,0,-0.5836360481525759,0.8120153713427131
23.765089218781146,92.5210167843625,2023-09-19,33.1,99.0,21.242444005519644,270.0,0,-1.0,-1.8369701987210297e-16
23.01265490161801,93.01259259667108,2025-06-01,112.8,816.0,28.222617478311435,275.1944289077348,0,-0.9958932064677039,0.09053574604251859
26.43412075644184,94.2316164899519,2025-07-07,15.8,249.0,11.147013511080369,9.462322208025618,0,0.1643989873053573,0.9863939238321437
25.7048247808144,91.44872297658142,2024-05-29,25.4,891.0,27.12119296363576,214.695153531234,0,-0.569209978830309,-0.8221921916437781
23.171769604781773,93.47237720957256,2024-06-28,0.6,1613.0,22.107853151924704,336.5014343240479,0,-0.3987261114144495,0.9170700562532352
25.092574280205906,93.2126297723505,2016-05-22,1.1,517.0,27.121192963635767,341.565051177078,0,-0.3162277660168381,0.9486832980505138
23.20549,92.543278,2025-06-01,135.8,651.0,22.7453115523609,152.50937141597123,1,0.46160352573629865,-0.88708634586934
27.442244040601,88.41557492458105,2013-08-28,1.0,3661.0,22.89748983690034,122.47119229084848,0,0.8436614877321075,-0.5368754921931592
23.463164,92.854672,2024-05-28,96.5,1060.0,22.210902023875523,276.8230006322944,1,-0.9929178963930547,0.11880257161522652
26.11627248675789,91.5195317622855,2025-05-31,22.1,55.0,7.439815764419437,299.74488129694225,0,-0.868243142124459,0.4961389383568341
25.21022222,90.63220278,2022-06-17,129.7,36.0,16.989913702381564,276.07576071676203,1,-0.9943828107293228,0.10584340190135508
25.06823276940532,93.604973958827,2007-08-24,0.2,991.0,14.636885137320926,240.25511870305775,0,-0.8682431421244589,-0.4961389383568344
25.51028,90.21678,2007-07-27,79.1,325.0,11.161994149811978,10.462966417862305,1,0.1815999528507274,0.9833724915435725
23.14788,93.323791,2025-06-01,80.6,1548.0,21.444889449617232,42.18589793769496,1,0.6715382366559193,0.7409699027012221
23.615,92.79222222,2024-05-28,66.7,331.0,30.884037856380388,329.89467015132635,1,-0.5015912143230338,0.8651047645886274
23.70305556,92.72055556,2024-05-28,71.2,879.0,42.74937152768776,175.61737513032762,1,0.07641666513404845,-0.9970759716740699
24.10710778,93.11535444,2024-07-07,27.0,1001.0,36.39972138695574,326.4517985283293,1,-0.5526383166967507,0.8334211965858451
23.313996,92.863984,2025-05-31,45.3,916.0,19.45152164855444,71.3072974737346,1,0.9472511049186872,0.3204923466017968
23.55444444,92.70527778,2024-05-28,65.0,826.0,6.761293661356658,342.6886040555391,1,-0.2975647670166369,0.9547016337214128
23.061745,92.770105,2025-05-30,191.4,941.0,20.924050355374884,152.63610720866825,1,0.45964020135025163,-0.8881052219769345
23.205193,92.574684,2025-06-01,135.8,774.0,37.77192469155231,122.85654922063964,1,0.8400315443795305,-0.5425375604023567
23.65533481669205,91.33447483543428,2009-07-10,0.0,45.0,10.696424526786249,329.0362434679265,0,-0.5144957554275259,0.8574929257125445
25.47288109671884,91.11901256482706,2007-07-19,20.2,1048.0,7.383000861593449,0.0,0,0.0,1.0
23.76111111,92.84777778,2024-07-02,18.2,790.0,33.12921220641832,231.7267622409449,1,-0.7850657770186574,-0.6194124036165982
22.56790816012502,92.68326249455131,2025-05-31,19.5,385.0,16.925694978512283,244.7988763545249,0,-0.9048187022009938,-0.42579703632988014
23.58722222,92.71361111,2024-05-28,65.0,813.0,35.32950670272117,304.7715443647453,1,-0.8214325496207232,0.5703056780565998
27.21391667,88.60833333,2022-08-25,1.8,813.0,25.070139946063865,121.23029914176011,1,0.8550901976404854,-0.5184792704623353
25.51973,91.28443,2007-07-25,176.3,1449.0,1.382567592237824,47.935737915040605,1,0.7423938713853422,0.6699636853811437
23.565883646989203,92.54667410409674,2024-05-28,54.7,394.0,18.15759410950945,159.77514056883192,0,0.3457053588273563,-0.9383431168171101
22.90395997773705,93.05029726121732,2025-05-31,11.3,922.0,36.19430626059956,27.699472808054995,0,0.46483389898992034,0.8853979028379436
27.421200585451054,88.82691171056277,2012-07-13,7.4,4127.0,24.855659070831365,306.46923439005184,0,-0.804176141466326,0.594391061083805
25.18859258952844,91.5367242320146,2007-08-18,6.8,62.0,14.36451703319288,55.30484646876603,0,0.8221921916437785,0.5692099788303083
24.58605,93.21056389,2024-09-24,8.4,72.0,26.1850383531376,244.6926182957357,1,-0.9040274834886814,-0.4274743373550298
25.158138,93.024778,2022-05-15,73.9,543.0,7.359783929182829,75.50036284415934,1,0.9681492259715064,0.250373872939596
22.683844729684704,93.01393976325988,2025-05-31,9.3,1448.0,34.089844464867035,248.96248897457815,0,-0.9333456062030592,-0.35897907930886996
26.044155541385205,91.57969886161352,2025-05-31,28.4,55.0,0.0,180.0,0,1.2246467991473532e-16,-1.0
25.65341111,91.89819444,2024-07-01,185.4,1038.0,17.42962271124082,132.03242643009796,1,0.7427660133757936,-0.6695510804814151
23.62848519799799,92.48170381357215,2007-09-08,160.5,529.0,37.39877041667205,323.6156481841641,0,-0.5931990380498504,0.8050558373533678
23.55,92.70444444,2024-05-28,65.0,847.0,30.555125867048403,236.7834570815248,1,-0.8366061815322785,-0.5478047982830931
23.25040975309848,93.34068181367267,2025-06-01,61.8,1637.0,12.68121731505888,239.74356283647077,0,-0.8637789008984336,-0.503871025524086
23.07237833792424,92.52574134806272,2025-09-13,15.3,667.0,42.64353304250089,113.86017519134236,0,0.914535337758285,-0.4045060147777035
24.56062778,93.18938889,2024-07-07,14.6,110.0,14.116935246431783,219.5092992349146,1,-0.6362034483187123,-0.7715213362878434
26.42186,94.3852,2025-07-07,11.5,767.0,45.17533706728808,260.75192641177017,1,-0.9870017705255661,-0.16070938049596784
24.41067025755237,92.7828387428706,2024-09-28,0.4,136.0,12.260049400304831,296.565051177078,0,-0.894427190999916,0.4472135954999578
23.209857,92.500587,2025-06-01,135.8,611.0,21.698387162489578,347.22808416569103,1,-0.22107049068652307,0.9752578316258834
23.56388889,92.70805556,2024-05-28,65.0,836.0,32.86691843690704,312.508834402556,1,-0.7371731591894853,0.6757038799434214
24.526075,93.05379167,2024-05-28,102.1,107.0,25.23989398891037,26.899226336738657,1,0.4524226673541675,0.8918036387367683
23.72012990688349,92.4936240079681,2024-05-28,60.7,916.0,46.698455174471526,102.3390872783262,0,0.9769000173962616,-0.21369687880543234
23.62194444,92.72305556,2024-05-28,66.7,814.0,32.24624346073406,181.60306072088449,1,-0.02797503751310204,-0.9996086220497202
23.4725,92.71444444,2024-05-28,84.4,1075.0,15.456567477245615,107.00103590729398,1,0.9562994697283522,-0.2923889946582675
23.74722222,92.71805556,2024-07-02,33.9,966.0,38.68903977754886,263.0417970046727,1,-0.9926347906542503,-0.12114525324086245
26.20261,91.14528,2009-08-20,6.1,37.0,9.385768575579982,119.28257114096712,1,0.8722180978077434,-0.4891171535088927
26.915213901885817,92.26560640055044,2021-04-28,0.8,388.0,46.64504872255338,23.428692808745403,0,0.39760743763430045,0.9175556253099241
23.296096736464374,93.29694975978336,2024-07-02,3.0,1600.0,34.46627432477292,70.70995378081128,0,0.9438583563660174,0.33035042472810605
24.5768,93.106075,2024-06-12,9.6,119.0,18.119560118657454,240.3870583354929,1,-0.8693833383762646,-0.49413825085065155
23.09561111,93.20786389,2024-05-28,52.5,1000.0,22.179019443444552,187.43259389543,1,-0.1293597084659672,-0.9915977338747805
23.24417365688389,93.3437152663168,2024-07-02,4.5,1447.0,25.92802561114133,330.01836063115064,0,-0.4997224534895775,0.8661855860486002
25.66772222,94.08908333,2018-07-08,8.4,1338.0,18.234407045337896,240.60631937076508,1,-0.8712679494744717,-0.49080766112454827
25.92329974515372,91.61549520941072,2014-09-23,2.8,401.0,18.03290603130827,5.710593137499642,0,0.09950371902099892,0.9950371902099892
27.361373875163903,91.97614606520156,2016-04-23,1.3,4170.0,16.582341747620916,45.0,0,0.7071067811865476,0.7071067811865476
23.722252843156745,92.54458832751864,2024-05-28,60.7,545.0,19.481072140033923,164.05460409907715,0,0.27472112789737785,-0.9615239476408233
23.05167042240741,93.00026576567018,2025-06-01,123.8,880.0,32.47427983159386,104.74356283647074,0,0.9670745372626464,-0.2544932992796438
25.17511380506993,93.46901344964569,2007-08-28,4.6,1670.0,25.04158696046686,236.3099324740202,0,-0.8320502943378434,-0.5547001962252295
23.319156,92.857722,2025-05-31,45.3,1038.0,19.3303198185828,14.535262366395584,1,0.25097579763781547,0.9679933620640496
22.61571427403697,92.62143475269444,2025-05-31,21.9,130.0,8.493137013964589,347.4711922908485,0,-0.21693045781865639,0.9761870601839527
23.74116667,92.69455556,2024-05-28,70.9,948.0,26.35329965522294,231.67187024192089,1,-0.7844719911747575,-0.6201642484554484
23.62972222,92.72555556,2024-05-28,66.7,771.0,27.925230323981864,27.786537254830314,1,0.46617877815683817,0.8846905373045411
25.594915996440257,90.39405571861504,2007-07-27,82.0,743.0,9.597985496774518,196.6992442339936,0,-0.287347885566345,-0.9578262852211515
23.621028784809344,92.55343706576842,2024-05-28,60.9,333.0,14.198148890428074,50.1944289077348,0,0.7682212795973757,0.6401843996644799
23.7775,92.84833333,2024-05-28,71.0,686.0,37.02767509623514,322.47998986346545,1,-0.6090384647928355,0.7931406863872172
23.402897858092924,92.5903186009077,2025-05-31,56.7,513.0,29.13205616852699,35.53767779197438,0,0.5812381937190965,0.813733471206735
25.569954229238924,92.23084324935743,2009-07-01,96.5,1210.0,12.42394414032799,143.9726266148964,0,0.5881716976750461,-0.8087360843031887
26.384532726635,91.67594164432468,2022-06-16,107.7,53.0,1.3121849935516046,135.0,0,0.7071067811865476,-0.7071067811865475
23.73111111,92.70222222,2024-05-28,71.2,862.0,20.341024454745902,321.72900018578144,1,-0.6193817388627739,0.7850899703622041
26.19236111,91.78080556,2019-07-10,55.1,91.0,12.039212769849623,9.728840464100315,1,0.16898552293822744,0.9856185332253518
25.71611,94.08883,2013-07-03,23.5,1449.0,16.127736753344397,198.0793215599972,1,-0.31033336175459464,-0.9506277949766101
23.978858245757717,92.89596157293772,2024-09-24,10.2,661.0,21.916107296055188,220.10090754621223,0,-0.6441357457827794,-0.7649111981170511
23.3612350734425,93.28440988304364,2024-09-12,5.9,1343.0,11.328952775354065,14.03624346792648,0,0.242535625036333,0.9701425001453319
23.05703752892582,92.45556963108028,2023-07-23,23.6,240.0,11.036260392791435,265.23635830927384,0,-0.9965457582448796,-0.08304547985374017
25.05108333,92.40219444,2010-04-22,73.9,64.0,9.402264167244232,347.5506462949449,1,-0.21557653790787173,0.976486946304791
25.253629120228084,92.78181034308938,2022-05-14,76.0,1107.0,21.508850397836444,80.53767779197437,0,0.9863939238321437,0.16439898730535743
23.10074722,93.18785278,2024-07-02,22.6,978.0,24.71484728802257,233.328141586014,1,-0.8020690790800868,-0.5972312721079007
23.336229,92.787113,2025-05-30,172.3,676.0,42.15166757592946,317.0860037474808,1,-0.6808997947311226,0.7323765899693374
24.266121890108824,93.43494788836468,2024-09-24,10.4,1156.0,22.107853151924704,265.4260787400991,0,-0.996815278536125,-0.07974522228289019
23.61138889,92.80333333,2024-05-28,55.2,451.0,30.902016120705586,358.3104723124951,1,-0.029483547704411056,0.9995652657104296
23.592024791488928,92.50600903503997,2024-05-28,54.7,329.0,23.562803440429995,254.93151184050777,0,-0.9656157585206695,-0.2599734734478735
23.420237125159588,92.95787361008644,2025-05-31,46.2,686.0,15.794492433669824,166.75948008481282,0,0.2290393337255471,-0.973417168333576
23.314236034737004,93.25275447658512,2024-07-02,3.0,916.0,18.86402226310986,148.5704343851615,0,0.5214500094539749,-0.853281833651959
23.73361111,92.69388889,2024-05-28,70.9,900.0,23.647263123266,306.21685880891675,1,-0.8067864963841415,0.5908430834428051
25.22035019156904,92.84488595966306,2016-05-22,0.4,780.0,8.243090303924172,296.565051177078,0,-0.894427190999916,0.4472135954999578
23.759068204138785,92.9789014312441,2024-08-21,14.4,812.0,32.279833980725925,90.0,0,1.0,6.123233995736766e-17
25.67546111,91.89726944,2024-06-30,190.4,1007.0,20.32555612857955,235.42535502539133,1,-0.8233875750682825,-0.567479428017592
23.310074,92.858498,2025-05-31,45.3,999.0,31.38041347897085,322.68482995885773,1,-0.6061989942816886,0.7953130071436462
27.52838889,88.59972222,2012-06-22,29.4,1557.0,37.82415638498206,178.65418713461605,1,0.023486705770090693,-0.9997241492792245
26.51210465886921,94.542222388211,2025-07-05,32.7,315.0,21.508850397836444,279.4623222080256,0,-0.9863939238321437,0.16439898730535718
23.004748336119167,92.54427625069408,2025-06-06,0.0,476.0,19.575184147076893,30.06858282186245,0,0.5010362705417047,0.8654262854811262
27.459788111920613,88.35230485360307,2022-06-15,22.8,3113.0,29.58869932044547,356.72951207681643,0,-0.057049790538512835,0.9983713344239766
25.69517778,91.64123611,2025-05-30,87.5,1302.0,14.861824797280724,203.93620693703213,1,-0.40571925059026054,-0.9139977514745194
23.2932010735228,92.31538992796328,2025-06-01,108.2,88.0,7.209749706875432,50.1944289077348,0,0.7682212795973757,0.6401843996644799
23.58583333,92.71638889,2024-05-28,65.0,952.0,20.61211432681338,260.0979876314784,1,-0.9851032869748265,-0.17196369963277888
23.52777778,92.69861111,2024-05-28,60.9,809.0,27.304390449410946,13.835497355288735,1,0.23913507385316224,0.9709863111564666
24.983806,93.497528,2018-06-22,14.0,1156.0,14.465909572420417,255.48058154715463,1,-0.9680627270031922,-0.2507081103337964
23.204481,92.575792,2025-06-01,135.8,768.0,28.72657902909512,135.07608738166823,1,0.7061671376040802,-0.7080451777733254
27.30140833,88.3916,2022-11-18,0.0,1803.0,47.22245376195245,323.8930323851638,1,-0.5892946108847305,0.8079182270392308
25.16736,93.00953,2022-05-15,73.9,630.0,18.851772462572853,353.9930210648017,1,-0.10464960062671418,0.9945091558596478
26.166185,91.7147,2025-06-04,38.6,113.0,19.634287904798946,53.89919696354557,1,0.8079816258604444,0.5892076817828438
23.17824,92.491031,2025-06-01,121.3,762.0,18.65979298319657,98.25881819448315,1,0.9896292906474954,-0.14364493409979742
23.62083333,92.7225,2024-05-28,66.7,822.0,18.617232089305944,264.4912089934824,1,-0.99538148084444,-0.09599847702922004
25.160829716276883,91.92079142757817,2023-04-13,0.0,16.0,1.3121849935516046,315.0,0,-0.7071067811865477,0.7071067811865474
23.501687672293908,92.50297967052796,2024-05-28,54.3,844.0,24.44987767409189,4.0856167799748775,0,0.07124704998790966,0.997458699830735
25.16579,93.00948,2022-05-14,66.9,581.0,17.93729219281879,318.5265767349201,1,-0.662272572688034,0.749262997528353
23.65861111,92.70583333,2024-05-28,66.7,872.0,9.656288967039124,18.135061298235087,1,0.31125802535957287,0.9503254398621872
23.93720427809909,92.9994449993498,2024-05-28,87.6,387.0,13.538255793378935,137.72631099390625,0,0.6726727939963125,-0.7399400733959436
25.94299773367021,91.08051710960048,2014-09-23,0.1,56.0,4.721262686570613,101.3099324740202,0,0.9805806756909202,-0.19611613513818388
25.770935,91.656497,2024-05-29,15.9,776.0,11.317649881323272,279.2987815291523,1,-0.9868591529035381,0.1615828342693347
23.839956381559524,92.53819322029184,2024-05-28,66.5,240.0,12.29302516926036,48.01278750418334,0,0.7432941462471664,0.6689647316224496
24.846509,93.573533,2025-05-31,95.2,383.0,46.05533209586426,68.0355234476428,1,0.9274159328551418,0.3740316664220118
23.302746249262647,92.5013361832772,2025-06-06,0.0,353.0,15.420145229307996,319.76364169072616,0,-0.645942241466174,0.7633862853691145
23.003090271404645,92.5502791857655,2025-06-02,1.6,516.0,18.15759410950945,327.0947570770121,0,-0.5432512781572739,0.8395701571521513
23.44138889,92.77888889,2024-05-28,84.4,1331.0,25.37006072511881,17.297437191135913,1,0.2973321678522224,0.9547740999630739
25.68698889,91.64812222,2025-05-28,21.6,1171.0,39.02438729612548,131.1752249138599,1,0.7526996603637243,-0.6583640492070737
23.65309030946835,93.24149914970276,2024-08-13,1.2,1227.0,20.307346369411786,293.1985905136482,0,-0.919145030018058,0.39391929857916747
25.281,91.57330556,2019-07-07,3.3,1325.0,14.535528486533108,55.85612907436213,1,0.827630815076905,0.5612728694094682
25.66917,94.10722,2008-08-16,1.7,1452.0,15.859618032120627,14.630974383090036,1,0.25259246976934163,0.9675727591327818
23.331332416320222,93.29192717038532,2024-07-17,13.4,1057.0,12.68121731505888,300.25643716352926,0,-0.8637789008984337,0.5038710255240857
23.59055556,92.71611111,2024-05-28,65.0,774.0,33.192763527542965,203.86341388696704,1,-0.40455770906642935,-0.9145124712298474
23.644994434116835,92.57219616366646,2024-05-28,60.9,646.0,25.277539722463967,174.0938588862295,0,0.1028991510855054,-0.9946917938265513
23.78295781377663,92.4776331685588,2024-05-28,66.5,660.0,37.43595138576726,276.0724564072077,0,-0.9943889131791124,0.10578605459352255
22.491,92.97076,2025-05-31,12.3,984.0,36.343440245256566,267.48077509441384,1,-0.9990335293851963,-0.043954603446717415
23.35440584175836,92.51908321198472,2025-05-31,57.9,453.0,4.142983183641761,153.434948822922,0,0.4472135954999581,-0.8944271909999159
23.40709695073813,92.55053478255353,2023-06-09,102.7,545.0,28.88325523697901,93.3664606634298,0,0.9982743731749959,-0.05872202195147037
23.200105,92.584517,2025-06-01,135.8,705.0,15.37003046851347,180.0,1,1.2246467991473532e-16,-1.0
24.721109121723376,93.06401606994932,2024-07-02,48.5,76.0,14.55580343083612,266.4236656250026,0,-0.9980525784828885,-0.06237828615518087
23.300291,92.69577,2025-06-01,129.9,358.0,27.187200586997022,38.09411286960347,1,0.6169550144605717,0.7869984181254469
24.80375556,92.733375,2018-04-28,2.7,18.0,1.0204923733058204,270.0,1,-1.0,-1.8369701987210297e-16
27.60038128967675,91.63961873747374,2016-04-22,18.3,2533.0,28.29854340732082,316.2188752351313,0,-0.6919053632356148,0.7219882051154243
25.07368863344018,93.16297120043257,2022-05-14,89.8,891.0,17.886034144658236,342.4744316262771,0,-0.3011313679370976,0.9535826651341416
23.745802,92.717053,2025-06-01,88.9,919.0,21.23344346796792,245.40782804183524,1,-0.90929297496734,-0.4161565638975847
25.18345823550788,91.9671130216263,2009-06-29,36.4,178.0,4.984909337853947,68.19859051364818,0,0.9284766908852593,0.3713906763541038
26.30673738346018,94.60328227128052,2025-07-07,12.6,672.0,32.83998111253371,162.47443162627712,0,0.3011313679370975,-0.9535826651341416
23.382175,92.843876,2024-05-28,109.9,936.0,24.273781128938985,282.42330738809574,1,-0.9765848452014169,0.21513261055201438
23.85417,91.34361,2009-07-10,1.2,16.0,3.173774427794286,73.04567280633944,1,0.956537513533313,0.2916093023267727
23.61583333,92.79111111,2023-09-23,1.7,329.0,33.7936784696776,333.3682812470868,1,-0.4482540200119146,0.8939062218953161
23.323423,92.860926,2025-05-31,45.3,989.0,11.449695267962392,44.06810176245509,1,0.6955128868347066,0.718513621476206
22.404215,92.951647,2025-05-31,12.3,198.0,31.31778537381464,311.6358028931683,1,-0.7473830714001432,0.6643933658492449
22.70866499688535,93.08687261119874,2025-05-31,7.2,318.0,24.572688940542708,22.93210043758978,0,0.3896399908366979,0.9209672510685588
23.33277979746515,92.35778529405758,2025-06-01,128.3,77.0,2.932085702984153,288.434948822922,0,-0.9486832980505139,0.3162277660168377
23.83843985291361,93.12742892512634,2025-06-01,108.7,853.0,53.211839673450186,196.89864869403823,0,-0.2906796273194851,-0.9568204399266381
27.51491667,88.56313889,2012-07-17,7.1,1416.0,27.87275774435213,191.9372841144941,1,-0.20684088738961087,-0.978374594571976
25.381099422427734,91.05419330900828,2007-07-25,250.3,377.0,1.3121849935516046,315.0,0,-0.7071067811865477,0.7071067811865474
25.50131551970266,93.84714362270957,2019-10-26,109.0,872.0,13.655677006485698,323.13010235415595,0,-0.6000000000000008,0.7999999999999994
25.17483,93.019861,2022-05-15,73.9,650.0,32.70225009879591,103.10057606182568,1,0.9739736884377894,-0.22666109995075875
23.56145278,93.10908889,2024-09-12,6.2,730.0,20.33050031488094,252.21266018440423,1,-0.9521969165140741,-0.30548491318081367
25.998525458668496,91.57700430701732,2025-06-06,10.7,339.0,15.621140584019512,169.9920201985587,0,0.17378533390904705,-0.9847835588179369
22.933192215379208,92.59697887664318,2025-06-01,100.2,72.0,4.721262686570613,191.3099324740202,0,-0.1961161351381836,-0.9805806756909202
25.2409169057078,93.35337477545976,2014-08-20,1.4,1256.0,13.538255793378935,317.7263109939063,0,-0.6726727939963123,0.7399400733959438
23.373244465243264,93.31213977905549,2025-06-14,2.6,1121.0,22.80662735466274,344.3577535427913,0,-0.26962992551997106,0.9629640197141817
23.54380556,92.70136111,2023-08-06,133.1,777.0,25.57393432814776,227.4868046423101,1,-0.7371217271875168,-0.6757599864656771
23.25986389,93.16155278,2024-10-28,0.0,1215.0,25.90838882768704,158.75699238868583,1,0.36232429315337633,-0.9320520943546591
25.01211612584349,93.19945032059294,2016-05-22,0.8,217.0,5.235041214894499,315.0,0,-0.7071067811865477,0.7071067811865474
23.335316378788946,92.49664195458304,2025-06-01,135.8,342.0,19.271883297492856,256.6075022462489,0,-0.9728062146853668,-0.23162052730604016
23.3057,92.852802,2025-05-31,45.3,1023.0,32.576808817106055,97.2691956259487,1,0.9919626139614665,-0.12653131036520007
23.64664644305965,93.01197410624953,2024-05-28,75.4,900.0,26.697307159375704,255.06858282186244,0,-0.9662349396012463,-0.25766265056033233
23.74150833,92.70785833,2023-06-04,0.0,888.0,37.35635939881985,137.849381432146,1,0.6710818637134836,-0.7413832559444795
23.71721667,92.70777778,2024-05-28,71.2,906.0,25.54638038691661,321.08554841983664,1,-0.6281593321172563,0.7780847341221923
23.21035,92.539589,2025-06-01,135.8,689.0,28.18828547030616,41.03796238111925,1,0.6565589317764537,0.7542747305223488
25.04459559701545,91.36302460878014,2024-06-17,109.1,12.0,0.9279360212320218,180.0,0,1.2246467991473532e-16,-1.0
24.085391638208232,92.674442087347,2024-09-28,0.0,632.0,20.073312434918684,167.19573393471325,0,0.22162110358896828,-0.9751328557914597
25.79744444,91.87408611,2024-06-14,33.1,642.0,22.991915108484527,283.2175374393114,1,-0.9735089622498397,0.22864885833793278
22.66939449671162,92.74327806658492,2025-06-01,138.6,367.0,20.642975392486505,25.463345061871618,0,0.4299335803923478,0.9028605188239303
24.014052636319988,91.7616448321284,2017-06-03,175.4,286.0,9.245369559420672,5.710593137499642,0,0.09950371902099892,0.9950371902099892
23.035548880229083,93.02738902942646,2025-06-01,112.8,981.0,14.36451703319288,288.434948822922,0,-0.9486832980505139,0.3162277660168377
23.57027778,92.70722222,2024-05-28,65.0,847.0,27.46323233308242,288.1256797193919,1,-0.9503763923372809,0.3111024154325625
23.61472222,92.79583333,2024-05-28,66.7,380.0,36.88598461740092,22.10206605479425,1,0.3762576730156456,0.9265150638261914
23.56404167,93.10752222,2024-09-12,6.2,758.0,1.852254273911334,180.0,1,1.2246467991473532e-16,-1.0
23.742752383610465,93.00555432198864,2016-09-17,13.5,742.0,24.01952501448043,289.09349200048564,0,-0.9449860734402581,0.3271105638831664
23.048461522462485,92.99664877528946,2025-05-31,25.4,619.0,18.68565764433915,16.69924423399362,0,0.28734788556634544,0.9578262852211514
27.589417,91.861444,2016-04-23,1.0,2884.0,25.000022731555635,77.99162217813975,1,0.978117189310186,0.20805471389983413
23.41794668492884,92.58637134667498,2025-06-01,129.9,608.0,12.260049400304831,116.565051177078,0,0.8944271909999156,-0.4472135954999583
22.835444927357702,93.29729289743462,2024-09-24,14.7,1300.0,19.098480621106376,169.21570213243743,0,0.18711210788999455,-0.9823385664224749
24.16500262126526,93.75511787408878,2024-08-13,0.0,882.0,15.495885462630094,6.7098368077569335,0,0.11684124756739721,0.9931506043228762
27.36473056,88.23727778,2019-09-16,3.6,2017.0,35.574606023704,302.8580057021572,1,-0.8400177525874172,0.5425589141632314
23.729020918116845,93.0933514048646,2024-10-22,3.5,1018.0,32.91379211227729,148.2985703304943,0,0.5254928807219157,-0.8507979973592924
23.43162553495518,92.53714768628517,2024-05-28,60.4,379.0,21.39286550861863,330.2551187030578,0,-0.4961389383568337,0.8682431421244593
25.69866667,91.64517222,2024-08-06,9.0,1228.0,25.86283384817769,91.91145679442266,1,0.9994435662918677,-0.033355026574611826
23.234538,92.637234,2025-06-01,136.9,817.0,21.89421958380148,298.86964521059895,1,-0.8757204427921895,0.48281850220952743
27.687667441341013,88.56792946381698,2015-06-01,1.5,2601.0,43.46796428312799,160.01689347810003,0,0.3417430630867042,-0.9397934234884371
24.707632262612908,93.45918849620902,2024-09-24,5.6,398.0,17.652093804116898,165.25643716352928,0,0.25449329927964337,-0.9670745372626465
25.47940110917489,93.98930834023376,2024-07-06,4.2,1811.0,39.55822899118348,118.07248693585296,0,0.8823529411764706,-0.4705882352941177
24.147304777098928,92.80062198279664,2023-07-24,5.5,613.0,20.28947282670434,331.18920625702697,0,-0.4819187497721557,0.8762159086766471
23.201614,92.734453,2025-06-02,2.4,763.0,27.12048890798274,139.26078626736808,1,0.6526171248341027,-0.7576878568205175
23.180969,92.488193,2025-06-01,121.3,773.0,15.743094966442918,273.28826438870885,1,-0.9983535862271667,0.057359540334238145
23.134961,92.747843,2025-05-30,176.7,851.0,32.38961100262089,209.92942959991493,1,-0.49893294978384667,-0.8666405896448593
25.60615782349633,90.76159447539465,2007-08-18,12.8,341.0,7.209749706875432,140.1944289077348,0,0.64018439966448,-0.7682212795973756
23.3466,92.854847,2025-06-01,128.0,897.0,16.100430482300627,17.76266274193003,1,0.30507477728036436,0.9523283993808733
23.74472222,92.69277778,2024-05-28,70.9,974.0,24.513680545245847,22.79139649788449,1,0.3873771556300141,0.9219213303183736
22.48765,92.886806,2025-05-31,12.3,1028.0,41.864901137608776,246.6118626810496,1,-0.9178368326409617,-0.3969578675975667
25.85442778,94.15844444,2018-08-23,26.7,1532.0,33.04648222257887,225.8981988752232,1,-0.7181044210015702,-0.6959353709490556
23.62027778,92.72555556,2024-05-28,66.7,790.0,21.810785738678497,148.04904089623835,1,0.5291932045524979,-0.8485013566609414
23.55388889,92.70472222,2024-05-28,65.0,834.0,2.02046770596373,90.0,1,1.0,6.123233995736766e-17
23.304746,92.862109,2025-06-08,25.9,1005.0,33.795482924084155,312.5647897694922,1,-0.7365129117026764,0.6764234848785526
24.12715278,93.53351389,2024-10-07,23.8,633.0,17.12206168278398,77.88041646570825,1,0.9777115326171689,0.20995275417909276
23.54277778,92.70333333,2024-05-28,65.0,908.0,35.049096276607955,199.0785580329097,1,-0.3268642450796126,-0.9450713016955572
27.82842943053799,91.94934240944848,2016-04-22,17.8,4763.0,24.408731306426937,92.04540848888723,0,0.9993628543475496,-0.03569153051241247
25.65977222,91.63440556,2025-05-30,87.5,1407.0,5.125341783943059,90.0,1,1.0,6.123233995736766e-17
23.172659,92.611828,2025-06-01,120.7,800.0,17.835894986333983,225.28674735323887,1,-0.7106367580332382,-0.7035590935607392
23.468377350797404,92.49000105213236,2023-08-13,1.6,750.0,5.395220320479603,59.03624346792648,0,0.8574929257125442,0.5144957554275265
25.626821687568388,92.16323114322591,2009-07-01,96.5,1024.0,15.190206068732346,197.3540246362613,0,-0.29827499313594646,-0.9544799780350298
23.81406345238604,92.97592181079166,2024-08-28,3.0,993.0,27.81538198732142,17.87869659584134,0,0.3070027799227584,0.9517086177605509
25.561078364225303,93.87854780301856,2007-09-09,8.4,1066.0,9.200273103792917,323.13010235415595,0,-0.6000000000000008,0.7999999999999994
27.246131,93.804711,2016-07-17,4.8,270.0,24.505263594071863,94.06824547360766,1,0.9974802551292951,-0.07094463071435696
23.60829441193313,92.52105073173732,2024-05-26,82.9,129.0,21.52534855806377,109.17900802581072,0,0.9444967967061592,-0.3285206249412727
24.515944,92.540889,2016-05-18,50.3,57.0,14.741657344455357,222.4867577487745,1,-0.6754197893831932,-0.7374334601233951
24.982899498068093,93.35027148322553,2018-05-03,0.6,260.0,20.50256684545169,175.0302592718897,0,0.08662961636484202,-0.996240588195683
23.62527778,92.78638889,2024-05-28,66.7,204.0,6.841857639586237,216.0416689810952,1,-0.5883734632387633,-0.8085893072236509
23.436603741651084,92.56881387918465,2024-05-28,76.9,293.0,16.766544495336266,216.2538377374448,0,-0.5913636636275174,-0.8064049958557056
23.73947222,92.69666667,2024-05-28,70.9,1033.0,25.718163009114782,237.51142798839965,1,-0.8434985966797997,-0.5371313781554831
23.72276944,92.70665,2024-05-28,71.2,961.0,39.06822866807389,192.56676634124693,1,-0.21757713712777607,-0.976043128862286
23.8375382626925,92.52113106832066,2024-05-28,66.5,140.0,26.225371458157145,170.53767779197435,0,0.16439898730535793,-0.9863939238321436
23.198119,92.899566,2025-05-31,54.7,904.0,14.887902400037436,83.0130649697893,1,0.9925739153057915,0.12164301317597905
25.56663056,91.91370556,2019-07-10,184.5,1530.0,10.855984038951895,201.95470753295467,1,-0.37387353512900706,-0.9274796923545761
23.71865833,92.72335278,2024-05-28,71.2,949.0,24.93370723313566,108.24177511738796,1,0.9497440714824616,-0.31302747273029685
23.743270179771848,92.52393775804713,2024-05-28,60.7,87.0,25.789908497682188,129.5596679689945,0,0.7709617516270896,-0.6368814469962913
23.174558,92.612556,2025-06-01,120.7,771.0,3.834647564637801,195.21328766997337,1,-0.2624129720286411,-0.964955663287747
23.56666667,92.70888889,2024-05-28,65.0,852.0,12.66120176596551,239.74549921888425,1,-0.8637959293556198,-0.5038418327497838
25.44177778,92.19558333,2020-05-26,198.0,1340.0,4.228248046856805,208.97313185675097,1,-0.48439942492142446,-0.874846956407687
23.88527778,92.8575,2024-09-25,46.1,702.0,28.241697036021133,43.739947388492254,1,0.6913863055377015,0.722485277715005
25.62337370491932,92.41003578121142,2020-05-26,149.2,899.0,7.032045647403496,203.19859051364816,0,-0.39391929857916713,-0.9191450300180581
25.29967,91.46108,2024-06-15,128.7,1047.0,17.946423682956688,183.1654916842004,1,-0.055220150277358146,-0.9984742034741538
24.60872006420017,93.6054462198921,2011-07-06,9.3,761.0,22.89748983690034,57.52880770915151,0,0.8436614877321075,0.5368754921931593
23.73305556,92.84777778,2024-05-28,71.0,765.0,45.56901205929959,177.02226066184784,1,0.05194796291543401,-0.9986497930450577
23.40702846380826,93.38009305137332,2024-11-28,0.0,987.0,22.53084716070403,38.65980825409009,0,0.6246950475544243,0.7808688094430303
23.108018,92.746279,2025-05-30,176.7,763.0,15.538323980769764,62.27444157087254,1,0.885186181516704,0.4652369547358385
23.827429864006625,92.57665877513828,2024-05-28,70.9,657.0,22.437832659372194,11.309932474020217,0,0.1961161351381841,0.9805806756909201
24.502863135884212,92.89522489045928,2024-07-07,16.4,113.0,18.46461733977188,320.9061411137705,0,-0.6305926250944659,0.7761140001162653
23.985855349940724,93.03733665302389,2024-07-02,22.5,893.0,17.886034144658236,197.52556837372288,0,-0.30113136793709727,-0.9535826651341417
23.661671654559715,93.32400256886802,2024-09-12,23.5,1429.0,9.769174897063328,221.18592516570965,0,-0.658504607868518,-0.7525766947068779
23.50694444,92.69638889,2024-05-28,60.9,822.0,39.31585190115586,309.1842183711506,1,-0.7751185463315795,0.6318158269090915
23.67611111,92.71972222,2024-05-28,66.7,976.0,58.15145168618777,56.46470593702406,1,0.833545672017167,0.552450552232007
25.43505556,92.19836111,2020-05-26,198.0,1350.0,13.006897874248748,32.8601491627633,1,0.5425903392214589,0.8399974546292043
25.029420421944323,92.95615633425214,2016-05-22,0.5,513.0,42.49710221195447,171.86989764584402,0,0.14142135623730973,-0.9899494936611665
23.03821667,93.12529444,2024-09-17,0.0,435.0,32.45039591986588,95.8381659882223,1,0.9948131722715401,-0.10171898679713211
23.698121096926773,93.04629082042894,2024-07-02,24.3,885.0,13.887085419725585,328.3924977537511,0,-0.5240974256643347,0.851658316704544
25.366201,91.767213,2025-05-31,92.1,1608.0,35.24150304149146,32.1340138403793,1,0.5319013827481364,0.8468063054976743
23.69,92.72361111,2024-05-28,66.7,871.0,30.692970984167413,79.00739674284003,1,0.9816518082350388,0.1906822681553753
22.97276583433713,92.50658927079706,2023-09-17,27.8,136.0,5.550672705250968,90.0,0,1.0,6.123233995736766e-17
23.798987911669368,93.07237848440803,2024-07-02,19.2,842.0,22.437832659372194,41.82016988013577,0,0.6667948594698258,0.7452413135250993
22.98186915550269,92.5335330845016,2025-06-01,95.2,195.0,11.036260392791435,85.23635830927383,0,0.9965457582448796,0.08304547985374004
25.80725833,91.87509444,2024-07-14,4.7,612.0,15.486422683108954,283.4995417906616,1,-0.9723717872902303,0.23343758755179744
23.50147974035326,92.41803863915962,2023-08-03,8.1,891.0,22.972810499742813,276.581944655178,0,-0.9934089358711311,0.11462410798513067
22.469737,93.100868,2025-06-01,69.2,1116.0,10.133156791420856,354.3814475929892,1,-0.0979051498537133,0.9951957504089947
25.60837518478358,93.88033077350369,2022-09-28,18.3,2207.0,24.13169432117401,282.5288077091515,0,-0.9761870601839528,0.21693045781865594
25.124306,92.904278,2010-04-02,38.3,283.0,21.93473740626112,52.9657884939593,1,0.7982760218888721,0.6022917838367687
24.48458889,93.58781944,2024-08-13,0.0,817.0,17.313646602906363,238.7541756296245,1,-0.8549496758118424,-0.5187109521007105
22.7072691411278,92.73658739748028,2025-05-31,22.2,305.0,31.00737429930148,255.96375653207352,0,-0.9701425001453319,-0.24253562503633322
23.295774,92.740012,2025-06-01,130.1,745.0,25.046093909545565,311.10638209845206,1,-0.7534901634981009,0.6574591801105261
24.0221603389078,92.98404809837254,2024-09-28,1.8,555.0,18.46461733977188,157.16634582208246,0,0.3880570000581327,-0.9216353751380654
23.510053416893456,92.49903838728572,2024-05-28,54.3,551.0,21.376224601154032,114.44395478041656,0,0.9103664774626046,-0.4138029443011843
23.71740833,92.70644167,2024-05-28,71.2,896.0,25.67558494439666,347.26602116849324,1,-0.2204246990899383,0.9754039942665348
25.611029408961123,91.74726491448584,2025-07-02,24.5,1616.0,32.51624850771436,152.78388844269253,0,0.45734801262076114,-0.8892878023181472
24.99694,93.50222,2007-08-28,5.8,1186.0,14.7098719356126,72.06378186988194,1,0.9513999257795792,0.3079580835545826
23.306012,92.704212,2025-05-31,49.8,433.0,27.55535715185783,333.98287357891843,1,-0.43863978791984415,0.8986629715603254
25.028194696032838,92.90692744118168,2016-05-17,125.6,158.0,13.771943767699913,172.40535663140858,0,0.13216372009101776,-0.9912279006826347
23.980333,91.475278,2018-05-18,23.0,82.0,12.289063774072831,257.1331758376315,1,-0.9748902987570679,-0.22268566498397468
23.229731,92.73968,2025-05-24,0.5,786.0,17.016533031627706,77.79937828469802,1,0.9774136011476189,0.2113354023623195
24.985,93.52113889,2011-05-31,25.8,1043.0,20.985260319830168,152.28463199506265,1,0.46507951130263425,-0.8852689129109318
23.53944444,92.65888889,2024-05-28,60.9,552.0,15.193298359327994,302.40319598700995,1,-0.8442980355039954,0.5358738911759876
23.223807,92.944448,2025-06-01,118.4,485.0,8.377397313814779,28.55001363619292,1,0.47792570013680385,0.8784002647704211
23.54277778,92.67472222,2024-05-28,60.9,628.0,36.06994219807521,320.9819685694778,1,-0.6295649338017901,0.7769478709200172
23.60774529609756,92.56428387700169,2024-08-25,8.9,323.0,19.72452770068585,288.434948822922,0,-0.9486832980505139,0.3162277660168377
23.32044,92.643229,2025-06-01,129.9,718.0,12.103713964441408,138.93859553617827,1,0.6568674819297007,-0.7540060418745558
24.085014861084797,93.66271039420714,2024-07-02,18.3,1129.0,27.443478621831883,183.57633437499732,0,-0.06237828615517968,-0.9980525784828886
23.71138889,92.72444444,2024-05-28,71.2,924.0,27.52444044258385,66.21038277573449,1,0.9150327807313479,0.40337948657195866
24.93927567295229,92.71524455067532,2020-06-02,53.5,21.0,1.3121849935516046,135.0,0,0.7071067811865476,-0.7071067811865475
23.54888889,92.70555556,2024-05-28,65.0,921.0,27.378180070955484,261.01840974903496,1,-0.9877385536824717,-0.15611710210370655
23.758332352648672,93.08619896753277,2024-09-12,8.3,1116.0,24.22920232981964,149.74356283647072,0,0.5038710255240864,-0.8637789008984333
23.43036571067405,92.9686863488262,2024-05-28,76.5,766.0,15.394799155421085,270.0,0,-1.0,-1.8369701987210297e-16
23.84777778,92.83694444,2024-05-28,81.7,376.0,22.287984430262554,288.3966158107645,1,-0.9488946538769095,0.3155929908027428
25.9924256635189,91.71050992384532,2024-06-14,17.8,328.0,3.931063454702078,135.0,0,0.7071067811865476,-0.7071067811865475
25.740148,91.224044,2014-07-18,2.6,903.0,8.498151164082822,302.7576032438924,1,-0.8409672173599547,0.5410860738605778
23.41,92.74944444,2024-05-28,84.4,1224.0,29.57707060482664,194.3808202087856,1,-0.24836563953326618,-0.9686663559240776
25.700668,91.596815,2025-05-31,32.7,1345.0,16.18976976728993,120.08202033251216,1,0.8653087542440081,-0.5012392241521834
26.97943184005593,93.81351831356798,2016-07-17,4.0,88.0,10.463140171287812,105.2551187030578,0,0.964763821237732,-0.26311740579210924
22.97715770639153,92.56861469677848,2025-05-30,204.9,459.0,28.98737787448468,217.87498365109815,0,-0.6139406135149198,-0.7893522173763268
23.069585,92.765797,2025-05-31,48.3,800.0,12.74565668165839,135.63052122755488,1,0.6992826445853139,-0.7148452860457077
23.39952888720892,92.48548789580188,2024-05-28,60.4,431.0,39.30195087378101,27.072080237992765,0,0.4551110597891079,0.8904346821960806
24.28840278,93.58591389,2024-08-13,0.0,798.0,24.004843649022146,310.81105399334973,1,-0.7568689780554079,0.6535666378093073
23.993200689082585,93.06891198229287,2024-09-24,8.1,366.0,23.56280344043,238.67130713219584,0,-0.8541985556144385,-0.5199469468957454
23.72313357749509,93.0649692580355,2024-05-28,74.8,1074.0,29.13205616852699,54.46232220802562,0,0.813733471206735,0.5812381937190964
26.055179363545744,91.54106152824076,2015-09-01,36.9,50.0,1.3121849935516046,135.0,0,0.7071067811865476,-0.7071067811865475
22.95203990497167,92.5311683493158,2025-06-01,95.2,72.0,22.83697312304369,247.3801350519596,0,-0.9230769230769232,-0.3846153846153842
23.72694444,92.79527778,2024-05-28,71.2,256.0,20.944420457879136,152.51846127687094,1,0.46146278545208896,-0.8871595671821385
23.651615189884836,92.51626926497336,2023-08-06,97.8,117.0,7.932039610301627,324.4623222080256,0,-0.5812381937190965,0.8137334712067349
27.48940373435832,88.18312838350873,2022-11-18,0.6,3539.0,35.392038959833194,46.8476102659946,0,0.7295372041400852,0.6839411288813297
24.220802547914698,92.7958735812374,2013-08-15,34.8,449.0,36.74659047166214,24.341089936692512,0,0.41216786985544673,0.911107922838356
23.94892076888829,93.09403024484811,2024-07-02,22.1,455.0,10.264313835624147,169.69515353123398,0,0.17888543819998315,-0.9838699100999074
23.729359249968624,93.06169014507516,2024-05-28,74.8,908.0,21.508850397836444,170.53767779197435,0,0.16439898730535793,-0.9863939238321436
23.42958805797457,92.5223901590764,2024-05-28,60.4,850.0,33.141328266782416,156.61477894278624,0,0.3969111506854672,-0.9178570359601426
22.90412030985064,93.17439739983142,2024-09-17,2.4,611.0,35.917687430958864,190.304846468766,0,-0.17888543819998245,-0.9838699100999075
27.04092253329405,88.56455605824425,2021-08-27,20.8,1002.0,28.395651880248145,171.38435181583588,0,0.14980537942799496,-0.9887155042247666
23.201759,92.734328,2025-06-02,2.4,763.0,27.120499648425085,139.26075553437522,1,0.6526175312516489,-0.7576875067618596
24.392741846403258,93.47201403425044,2024-09-24,5.3,876.0,13.91569835366549,101.3099324740202,0,0.9805806756909202,-0.19611613513818388
23.24500833,93.17587222,2024-09-24,3.4,559.0,7.08233554254716,97.4779385982942,1,0.9914950462171457,-0.13014443256190497
24.354658,92.925511,2025-05-29,31.0,689.0,14.225038030756012,50.368745635140186,1,0.7701654187412009,0.6378442033719447
25.44741667,92.20138889,2020-05-26,220.6,1371.0,18.549565527328863,15.475337780191126,1,0.2668235691944305,0.9637453932042139
23.768295646579887,92.56868963514148,2024-05-28,70.9,860.0,26.67343352716065,88.15238973400541,0,0.9994801143396996,0.03224129401095795
23.238785,92.744224,2025-05-31,56.8,771.0,18.10290139848863,104.31852915579395,1,0.9689358025459579,-0.24731237442679743
26.15477778,91.77411111,2014-06-27,9.1,105.0,12.039105201252614,170.27423563748053,1,0.16893260670763502,-0.9856276043166422
23.35359624416711,92.50828847671738,2025-06-03,42.8,479.0,29.78767331550252,244.88516511385544,0,-0.9054589359588684,-0.42443387623071976
24.92097,93.07306,2020-06-02,83.9,61.0,15.610303841618816,106.81988941330911,1,0.9572191065848557,-0.2893640993435272
27.592501099847706,88.41276080334612,2012-06-22,19.0,1895.0,38.855805826544106,30.173520029644333,0,0.5026204573745306,0.8645071866841927
27.12894416121573,93.86162486161658,2016-07-17,4.1,103.0,4.721262686570613,191.3099324740202,0,-0.1961161351381836,-0.9805806756909202
27.230947898226237,88.81064051629806,2021-08-22,20.7,2651.0,19.11784949215632,37.40535663140855,0,0.607450107570797,0.7943578329771962
22.97447501032367,93.03069019735248,2025-06-01,112.8,893.0,23.56280344043,238.67130713219584,0,-0.8541985556144385,-0.5199469468957454
23.609218942191376,92.47955723634487,2023-08-06,114.5,676.0,34.86328247672923,54.46232220802562,0,0.813733471206735,0.5812381937190964
23.9049087564471,92.53164886842104,2024-05-28,62.6,113.0,21.12442035770617,146.97613244420336,0,0.5449883505954142,-0.8384436163006371
26.34417,94.83333,2009-06-20,48.8,1746.0,10.969543488063456,311.86493493946733,1,-0.7447201208472246,0.66737691120183
28.43989910988678,95.71719184046135,2024-04-24,8.8,1440.0,9.895474196375124,248.19859051364816,0,-0.9284766908852592,-0.3713906763541039
24.30768611,93.58120556,2024-08-13,0.0,735.0,10.42230896205838,105.291224147152,1,0.9645978239257115,-0.26372530799637367
25.19669444,93.01858333,2016-05-22,0.7,453.0,23.598226652834537,128.993772223926,1,0.7772143609702231,-0.6292359152985847
24.74261382410648,93.14885667783076,2024-09-24,5.8,65.0,21.12442035770617,56.976132444203365,0,0.8384436163006372,0.544988350595414
26.546991036112505,94.91405918068372,2013-08-16,64.3,568.0,31.37078549901376,163.00917670801385,0,0.29221853559902006,-0.956351571051339
23.471041,92.85503,2024-05-28,96.5,1076.0,30.65756123721912,197.3010900419678,1,-0.29739303817758506,-0.9547551418261676
23.35392567787625,93.25129500281253,2025-06-01,69.7,1223.0,26.83982314912256,219.8055710922652,0,-0.6401843996644799,-0.7682212795973759
23.93233740557917,92.9805837788748,2024-05-28,87.6,702.0,21.52534855806377,70.82099197418928,0,0.9444967967061592,0.3285206249412726
23.88134950684852,92.993633285704,2024-07-02,19.9,422.0,26.83982314912256,309.8055710922652,0,-0.7682212795973755,0.6401843996644802
26.19100309203328,91.55788740299204,2017-06-13,76.8,51.0,2.07420285773972,153.434948822922,0,0.4472135954999581,-0.8944271909999159
23.67444444,92.71472222,2024-05-28,66.7,1000.0,22.11668774676993,272.2802678930476,1,-0.999208156857079,0.03978767736723436
23.27663889,93.14375,2024-07-02,22.0,655.0,9.183237205101817,154.18118603242863,1,0.4355267096879552,-0.90017580791109
26.76133845227152,92.0334619605801,2021-04-28,0.5,116.0,3.342217432740406,33.69006752597979,0,0.5547001962252291,0.8320502943378436
23.81253443345332,93.00809061720692,2024-05-28,77.8,432.0,24.13169432117401,77.47119229084849,0,0.9761870601839527,0.2169304578186562
23.415938007680293,92.5598916153572,2024-05-28,76.9,389.0,16.014049341663906,253.6104596659652,0,-0.9593655015712704,-0.28216632399155045
23.07964162336947,92.56972544472316,2025-06-02,2.0,80.0,2.07420285773972,116.565051177078,0,0.8944271909999156,-0.4472135954999583
23.101925,93.20426111,2024-07-02,10.0,1121.0,27.83389324698589,49.97562052013159,1,0.7657708662422902,0.643113505078639
24.55987778,93.12541667,2024-07-07,14.6,334.0,24.018977408415765,274.1616324565611,1,-0.997363296837397,0.07257033913134392
23.04801841329977,92.99931058143947,2025-06-01,112.8,722.0,15.420145229307996,86.63353933657021,0,0.9982743731749959,0.05872202195147027
23.65885525942531,92.55495310568357,2024-07-02,28.0,650.0,29.39743047349445,288.434948822922,0,-0.9486832980505139,0.3162277660168377
26.225132027112,91.57415256522988,2017-06-13,76.8,47.0,2.07420285773972,243.434948822922,0,-0.8944271909999157,-0.44721359549995815
27.58741667,91.88694444,2016-04-22,26.5,2589.0,6.949538045496035,48.449258512274085,1,0.7483686068543863,0.6632830679844202
25.8816564,94.1902346,2025-01-19,0.0,1399.0,27.484747984687715,5.948847686655668,1,0.1036405361624719,0.9946148195477259
25.89190376563168,91.72841118710856,2014-06-27,20.0,454.0,17.970147878806134,2.8624052261117474,0,0.04993761694389223,0.9987523388778446
23.89277778,92.85083333,2024-09-28,0.0,582.0,28.57364168330841,27.040034110408484,1,0.45461295921642153,0.8906890912728684
23.20960722,93.13104722,2024-07-02,22.0,911.0,17.21419617560033,74.87363150546703,1,0.9653526400239759,0.2609488080040604
23.713069584378133,92.50291316013032,2024-05-28,60.7,529.0,32.21165894240489,287.969139740157,0,-0.9512228189487627,0.3085046980374358
26.310669787708683,92.05696127391002,2018-08-24,7.8,51.0,2.07420285773972,63.43494882292201,0,0.8944271909999159,0.44721359549995804
23.02819053707318,92.54881815863786,2025-05-29,60.6,351.0,31.07155102405674,323.74616226255523,0,-0.5913636636275169,0.8064049958557058
24.090025,93.54191667,2024-10-07,25.3,705.0,18.85013250714714,174.04420890728937,1,0.10376106809342073,-0.9946022525352094
22.832031023056956,92.962619693198,2025-05-31,9.5,1208.0,17.949166406534854,270.0,0,-1.0,-1.8369701987210297e-16
23.187383,92.89826,2025-06-01,123.8,885.0,26.63679510106613,182.00984383509288,1,-0.03507119885958756,-0.9993848162797708
22.903567,92.758702,2025-06-01,128.0,1199.0,37.70527315210744,294.72987986520025,1,-0.9082901354693411,0.41834080581397504
23.87380785216808,93.63601761148934,2024-09-28,0.0,1545.0,32.16890584978993,325.4914770123316,0,-0.5665288228870651,0.8240419241993676
27.252728503811145,93.575106513659,2020-06-25,105.2,1199.0,18.804811394848315,177.27368900609375,0,0.04756514941544903,-0.9988681377244376
23.693448171718845,92.57833927831028,2024-05-28,65.6,822.0,16.46592430515794,279.4623222080256,0,-0.9863939238321437,0.16439898730535718
23.70227416753165,92.54517424808728,2024-05-28,60.7,690.0,9.109363717844644,225.0,0,-0.7071067811865475,-0.7071067811865477
24.81778,93.51583,2007-09-10,9.4,460.0,28.858386396371746,139.71873471604766,1,0.6465403657568692,-0.7628797778464007
24.60067222,93.37223056,2024-10-21,0.0,854.0,22.58396097666349,54.32868076046036,1,0.8123755305205312,0.5831346306055621
25.60088497098603,91.0021115288817,2007-09-15,4.9,930.0,12.963755336595014,50.71059313749964,0,0.773957299203321,0.6332377902572627
26.18842,91.85125,2017-06-16,78.8,96.0,29.64948940890271,20.378275704335778,1,0.34821664197889723,0.9374140868628658
23.326144105220116,92.46030713540544,2025-06-01,135.8,325.0,11.472211019708872,208.6104596659652,0,-0.4788521306805731,-0.8778955729143845
25.11122205602437,94.13084415985878,2007-08-28,45.8,824.0,3.931063454702078,45.0,0,0.7071067811865476,0.7071067811865476
23.2388,92.636923,2025-06-01,136.9,793.0,22.908506516236457,163.05283379873427,1,0.2914897492218922,-0.9565739522371276
23.204706,92.533825,2025-06-01,135.8,775.0,11.84496920372536,247.32609223532927,1,-0.9227137336324659,-0.38548588270653295
25.360504728341347,92.39690152658356,2020-05-26,191.3,1109.0,1.8553855108258317,0.0,0,0.0,1.0
24.16966667,91.76686111,2017-06-03,120.0,78.0,13.673366212372644,126.73977754211084,1,0.8013605503490758,-0.5981816349105231
23.728377542606843,92.58753971167344,2024-08-21,46.5,347.0,16.348487945250483,276.3401917459099,0,-0.9938837346736189,0.11043152607484659
26.13441667,91.74875,2014-09-22,170.5,107.0,7.1488730223194645,25.518733585664705,1,0.4308061855584004,0.9024444750147352
23.408557037932905,92.56257031538192,2025-06-01,129.9,451.0,17.970147878806134,357.1375947738882,0,-0.0499376169438931,0.9987523388778446
23.770961231177125,93.03500752763546,2024-05-28,77.8,714.0,33.8674715700275,171.67434966957316,0,0.14479918011718568,-0.9894610641341026
25.338574888456176,93.24337249903948,2016-05-22,0.6,563.0,19.271883297492856,283.3924977537511,0,-0.9728062146853669,0.2316205273060398
23.394130048847828,92.4913349235971,2025-06-01,132.1,460.0,38.73085186399581,313.3634229583833,0,-0.7270131525498174,0.6866235329637166
23.55027778,92.70444444,2024-05-28,65.0,834.0,32.13329008675804,231.8414632712434,1,-0.7863042113357142,-0.617839531946379
25.88667,94.78639,2009-06-21,25.6,1176.0,4.148308337125839,311.9764282237885,1,-0.7434200463271108,0.6688248161656357
23.81478241874436,93.05283112382642,2024-05-28,83.2,875.0,13.68485075850491,93.81407483429037,0,0.9977851578566089,-0.06651901052377404
23.77472222,92.76194444,2024-05-28,71.2,1126.0,11.576254935925702,71.59372773289951,1,0.9488414513182605,0.31575291013743184
25.933728214024335,91.73057327375308,2017-06-13,98.7,403.0,7.439815764419437,150.25511870305778,0,0.496138938356834,-0.8682431421244591
25.117867065120542,91.86180825585464,2025-05-31,122.5,14.0,1.3121849935516046,45.0,0,0.7071067811865476,0.7071067811865476
23.237077,92.910043,2024-05-28,87.2,670.0,10.276886604634427,168.80750046350605,1,0.19410593489085276,-0.9809805737322977
25.695552,91.903777,2007-09-15,8.7,879.0,31.233357235562217,124.05212609458408,1,0.8285284915010962,-0.5599469071000552
23.64166667,92.72416667,2024-05-28,66.7,829.0,21.28542907813606,204.0641541762677,1,-0.40775928620773705,-0.9130894613954083
23.91777778,92.73805556,2023-09-27,6.8,908.0,56.68169168643454,192.0808270055346,1,-0.2092913537299254,-0.9778533270659231
25.829307276870395,91.10240257055855,2024-07-02,6.7,111.0,10.264313835624147,169.69515353123398,0,0.17888543819998315,-0.9838699100999074
26.38778,94.82583,2009-07-27,4.2,1648.0,20.681744512657662,340.4454544177613,1,-0.3347041025348437,0.9423232798495137
24.49112222,93.62215556,2024-08-13,0.1,1216.0,30.3999208127898,39.49373369291471,1,0.6359938256750942,0.7716941451787476
24.049229879950165,93.01167407921405,2024-07-07,33.8,778.0,27.329100681968104,57.804266065286754,0,0.8462328400897506,0.5328132696861393
22.934268067135992,93.06642202276312,2025-05-31,11.3,953.0,24.895681254017045,60.751173663453024,0,0.87250601594972,0.48860336893184325
25.15561111,93.02222222,2016-05-17,116.3,617.0,17.93667776662697,221.4710507195244,1,-0.6622415460898889,-0.7492904207531773
23.35638889,92.77027778,2024-05-28,99.1,1016.0,24.40984156922974,321.61418543902766,1,-0.6209537323660064,0.7838472186980867
23.707953593145035,92.5138983049355,2024-07-02,31.6,117.0,17.457734943636545,304.5085229876684,0,-0.8240419241993674,0.5665288228870655
23.54833333,92.71083333,2024-05-28,65.0,959.0,23.62788210543258,306.2555279520081,1,-0.8063875503895841,0.5913874521637114
23.08245033406906,92.55818973013602,2025-05-31,49.4,169.0,21.835508996361813,255.96375653207352,0,-0.9701425001453319,-0.24253562503633322
23.311529,92.85443,2025-05-31,45.3,958.0,34.59437255870282,275.38089764803505,1,-0.99559328488332,0.09377638879398442
23.864807952483364,93.03476251371828,2025-05-31,55.5,911.0,15.420145229307996,176.63353933657018,0,0.05872202195147055,-0.9982743731749959
22.866131,92.772713,2025-06-01,100.3,1098.0,21.26678347379719,23.94031366838161,1,0.4057847612358176,0.9139686688004084
24.586824104136547,92.849090007824,2024-07-09,13.0,30.0,3.342217432740406,213.69006752597977,0,-0.5547001962252289,-0.8320502943378438
26.534931304048676,94.8589904247019,2009-06-20,54.7,773.0,20.44957527203876,182.48955292199915,0,-0.04343722427630666,-0.9990561583550596
25.07102109290824,91.02909720822316,2008-08-10,45.2,5.0,1.8553855108258317,180.0,0,1.2246467991473532e-16,-1.0
25.01823114555148,93.26252418001349,2016-05-22,0.6,191.0,14.877009986283412,217.56859202882748,0,-0.6097107608496922,-0.7926239891046002
23.44138635082539,92.51506074398458,2023-08-08,64.8,798.0,10.264313835624147,259.695153531234,0,-0.9838699100999074,-0.1788854381999832
23.67650029490309,92.46619962800072,2024-05-28,60.7,444.0,23.63503418019308,2.121096396661454,0,0.037011660509880265,0.9993148337667671
24.18291667,93.53441944,2024-07-02,26.1,785.0,28.318479403471443,72.53818106476562,1,0.953917124897199,0.3000701898354141
23.195616,92.546251,2025-06-01,114.6,579.0,16.32251222658861,253.9738589265342,1,-0.9611358369558416,-0.2760759006490675
23.09759444,93.21089444,2024-07-02,12.5,924.0,33.17686244860948,23.78479901231761,1,0.40330253668786625,0.9150666991542924
23.92739921882126,93.02821822310648,2025-06-15,37.3,1083.0,24.895681254017045,60.751173663453024,0,0.87250601594972,0.48860336893184325
23.35688619416245,92.51760333944011,2025-06-01,132.1,552.0,18.86402226310986,275.4403320310055,0,-0.9954954725939522,0.09480909262799479
23.78138889,92.67638889,2023-10-25,0.2,441.0,39.8124104469993,124.23340979101964,1,0.8267526767624548,-0.5625655619268886
25.14586111,93.02419444,2016-05-22,0.7,704.0,18.74651482736755,90.0,1,1.0,6.123233995736766e-17
23.04405677722943,92.99880405731258,2025-06-01,112.8,775.0,31.80533384803928,139.23639479905884,0,0.6529396220694627,-0.7574099616005768
22.971217,92.925544,2025-05-31,33.3,728.0,32.01082377913556,299.4360644667093,1,-0.8709046422847603,0.49145203636454055
25.7043320051172,93.67906974655418,2022-09-30,0.4,356.0,20.868399469699217,102.26477372789242,0,0.9771763639228008,-0.212429644331044
23.66772094857972,93.01432980683288,2025-05-31,34.3,744.0,21.309480093681582,311.6335393365702,0,-0.7474093186836599,0.6643638388299196
27.587417,91.886944,2016-04-22,26.5,2589.0,6.949538057094573,48.44925859786371,1,0.7483686078452124,0.6632830668664916
23.5356,93.10656944,2024-09-13,11.9,687.0,28.406052751374883,189.38405552591288,1,-0.16305140909753263,-0.9866175743373463
25.733262,91.675754,2025-06-11,60.0,742.0,16.127949155769965,341.9182403807565,1,-0.3103738127408035,0.9506145887607326
24.70656,92.65008,2020-06-02,47.5,49.0,2.957906787565736,20.149156583516188,1,0.34446525850459425,0.9387990656596134
23.308629,92.860039,2025-05-31,45.3,993.0,17.605778931837868,272.920783281279,1,-0.9987009395643855,0.05095520889186537
23.642858872546604,92.99883000591164,2024-05-28,75.4,1061.0,40.86425428794378,321.84277341263095,0,-0.6178215519319036,0.7863183388224225
24.125634811603597,93.69358747871442,2024-10-07,10.8,1146.0,21.52534855806377,109.17900802581072,0,0.9444967967061592,-0.3285206249412727
22.895235,92.747812,2025-06-02,3.5,1010.0,23.91975297590629,261.6152698810941,1,-0.9893112303741299,-0.14581937270344186
23.74555556,92.79444444,2024-05-28,71.2,360.0,27.309754081702884,82.80424159354293,1,0.9921239769866851,0.12525978719494793
24.994278,94.205917,2007-08-28,36.8,1579.0,34.3228038537906,83.19922058825311,1,0.9929638973298174,0.11841747590444503
24.792333,93.658222,2010-06-10,8.9,447.0,34.02406251366181,144.52061033391544,1,0.5804100659885189,-0.8143243550939657
23.58694444,92.7175,2024-05-28,65.0,957.0,14.75874214791632,217.06813129324792,1,-0.6027642672231036,-0.797919318076079
23.382772,92.845187,2024-05-28,109.9,928.0,27.246315775549988,97.2154480749621,1,0.9920808729363318,-0.12560072274428102
23.00346842004365,93.41921250416756,2024-07-02,8.2,1203.0,18.03290603130827,5.710593137499642,0,0.09950371902099892,0.9950371902099892
26.41931,94.97369,2013-08-18,0.4,686.0,15.035049050729198,195.5973076175792,1,-0.26887456040594754,-0.9631752025288589
23.76775869296045,92.49001642452971,2024-05-28,66.5,267.0,32.94649088576837,358.56790381583534,0,-0.024992191160203472,0.9996876464081228
23.11239,92.745417,2025-06-01,124.1,838.0,16.313646803341754,106.03558767928196,1,0.9610903060510313,-0.2762343635660396
24.757450060124256,93.0947366261408,2024-08-18,59.0,71.0,11.924651814200722,327.5288077091515,0,-0.5368754921931596,0.8436614877321074
27.7110442588452,91.6993687152008,2016-04-22,33.2,3149.0,25.04158696046686,213.69006752597977,0,-0.5547001962252289,-0.8320502943378438
23.752013585488235,92.52927181274931,2024-05-28,66.5,123.0,22.107853151924704,94.57392125990086,0,0.996815278536125,-0.07974522228288994
27.38895097520192,93.63994549837012,2016-07-17,5.0,1404.0,9.063543582687329,203.96248897457815,0,-0.40613846605344717,-0.9138115486202574
23.589272104534693,92.56038245869593,2024-05-28,60.9,755.0,17.694919669448474,66.03751102542182,0,0.9138115486202572,0.40613846605344756
23.604063037880383,92.59010090525648,2024-05-28,60.9,809.0,14.66379508848332,338.1985905136482,0,-0.37139067635410394,0.9284766908852592
25.68822222,91.66746111,2025-06-11,18.2,936.0,24.95598120970919,166.62420946269688,1,0.23133685112434052,-0.9728737129308587
23.77361111,92.76111111,2024-05-28,71.2,1118.0,4.146782781931559,102.88670414577489,1,0.9748129745708293,-0.22302391039610928
27.462254509076036,88.35977494410876,2012-07-17,9.5,2742.0,43.56785254206539,317.0700306530411,0,-0.6811039424772874,0.7321867381630836
26.389903956970183,91.69309841542872,2016-06-22,8.3,57.0,3.342217432740406,303.69006752597977,0,-0.832050294337844,0.5547001962252285
24.6273,93.20404444,2024-07-17,4.5,184.0,13.704055461651825,126.64032436664684,1,0.8023976575245524,-0.5967897445492097
23.687440986469884,92.54709765431866,2024-05-28,60.7,543.0,32.47427983159386,165.25643716352928,0,0.25449329927964337,-0.9670745372626465
23.758410739512808,92.54533575992612,2024-09-20,0.6,437.0,23.32943478978401,124.28687697720898,0,0.8262273428075475,-0.5633368246415099
23.359493606069808,93.24068533132623,2024-09-28,0.0,1200.0,23.032809237825163,49.635463426902646,0,0.7619393177594593,0.6476484200955404
25.17691667,93.02655556,2016-05-22,0.7,452.0,24.89511064718753,25.05557532480367,1,0.42349715633337437,0.9058974327028119
26.54089562489155,94.54420393464306,2025-07-08,8.8,300.0,7.439815764419437,262.8749836510982,0,-0.9922778767136676,-0.12403473458920888
23.35958611,93.04477222,2024-09-28,0.0,595.0,30.91173709408336,235.451582193506,1,-0.8236472527509703,-0.5671024625548536
25.297452023803768,92.22975901036337,2020-05-26,187.2,1000.0,23.84978237328342,81.57303097851933,0,0.9892034623538708,0.14654866108946243
25.1568056,93.019722,2022-05-13,74.8,638.0,27.76280076081021,17.78343843396101,1,0.305420075523173,0.9522177153715526
24.05635834696685,92.89428485588164,2023-09-27,6.9,792.0,35.951676843325366,66.29735404903376,0,0.9156440301912843,0.40199006203519816
25.638694853144585,91.4881191787868,2025-05-31,107.9,1205.0,19.575184147076893,210.06858282186244,0,-0.5010362705417043,-0.8654262854811264
23.828038727471448,92.99948001271586,2025-06-01,116.8,755.0,26.31108689507076,121.60750224624891,0,0.8516583167045438,-0.5240974256643348
26.1916,91.80361,2022-06-16,140.2,84.0,14.912893836407656,48.0976383673386,1,0.7442840186991989,0.6678632341347819
23.667039095464038,92.5453459870985,2025-09-13,15.7,311.0,25.277539722463967,95.9061411137705,0,0.9946917938265513,-0.10289915108550522
23.299806,92.694901,2025-06-01,136.9,347.0,23.653266169719128,4.611003194767562,1,0.08039034623519227,0.9967634585157031
24.379070102270024,93.44457488851909,2024-10-21,0.8,1157.0,42.73158327383901,182.00955381302117,0,-0.035066140133044765,-0.9993849937917667
25.62761748939995,92.21250520907596,2009-07-01,96.5,1069.0,1.8553855108258317,270.0,0,-1.0,-1.8369701987210297e-16
23.199415,92.585883,2025-06-01,114.6,709.0,16.478167726738096,169.72228428124862,1,0.17841953518102158,-0.9839545057906836
27.46166,88.52341,2015-06-01,16.4,930.0,35.651395140203626,277.7734387450845,1,-0.9908106492180581,0.1352562656444805
23.53222222,92.735,2024-05-28,65.0,1001.0,22.874235847038587,184.7959188331626,1,-0.08360686313439164,-0.9964988170774851
27.26016747685008,88.24470753001596,2022-11-20,0.0,1055.0,19.575184147076893,210.06858282186244,0,-0.5010362705417043,-0.8654262854811264
25.146306,93.942167,2018-06-14,20.2,1287.0,14.82258207865847,322.5915961947721,1,-0.6074923532159402,0.7943255257035112
24.214454930593156,93.74709163803114,2024-08-13,0.0,1890.0,18.28119733544922,11.309932474020211,0,0.196116135138184,0.9805806756909202
23.74534729184007,93.010166752081,2024-05-28,74.8,733.0,33.26193777721444,327.0947570770121,0,-0.5432512781572739,0.8395701571521513
25.540056,91.314142,2024-07-02,3.6,1513.0,13.75499554043943,30.82774089731773,1,0.5124586874471925,0.8587118804697538
23.51361111,92.69833333,2024-05-28,60.9,780.0,32.27890757631302,317.9328869812689,1,-0.6700006247204345,0.7423605342919486
23.588669402669403,92.52320178205366,2022-04-05,0.0,175.0,14.770857145745182,137.48955292199918,0,0.6757246285173462,-0.7371541402007415
23.735,92.85666667,2024-07-02,18.2,770.0,23.091499417316285,252.3382192816888,1,-0.9528640752445554,-0.3033975182962746
26.20536,91.86497,2017-07-03,8.1,69.0,15.829895204726135,242.85599144984684,1,-0.8898626406916003,-0.45622853998996155
24.492825,93.58643611,2024-09-28,1.1,632.0,13.571687272900292,242.03880335785448,1,-0.8832653382519547,-0.46887348212781227
23.311335,92.858026,2025-05-31,45.3,1056.0,23.895842062323528,323.40893455920843,1,-0.5960996783867839,0.8029104392316573
23.63886555296117,92.49325837362244,2024-05-28,54.7,396.0,30.67332805601737,235.0079798014413,0,-0.8192319205190401,-0.5734623443633287
25.407917,91.998889,2007-08-18,1.5,1522.0,9.152252983369262,270.0,1,-1.0,-1.8369701987210297e-16
23.83353419226865,92.98470080608068,2024-05-28,77.8,1196.0,22.04420029646475,323.13010235415595,0,-0.6000000000000008,0.7999999999999994
25.66754722,94.08075278,2023-10-02,6.7,1523.0,18.841729106030776,87.28403737205784,1,0.998876712319417,0.04738474001144933
25.68805,91.66653,2024-05-28,66.5,957.0,30.31009471251964,174.71673320739808,1,0.09207978254792941,-0.9957516325097971
23.58694444,92.8175,2024-08-25,13.5,633.0,4.213841324669716,151.38394952208685,1,0.4789377917619891,-0.8778488432652569
23.225357,92.74039,2025-06-06,0.4,756.0,10.520848060808152,58.50667277332076,1,0.8527010097287622,0.5223992611093065
23.79396936199113,92.95690360381316,2024-05-28,77.8,1538.0,36.69480385517392,317.64254529406475,0,-0.6737538576856822,0.7389558439133299
23.74066667,92.69336111,2024-05-28,70.9,927.0,12.933031531867952,270.0,1,-1.0,-1.8369701987210297e-16
27.58741667,91.88694444,2016-04-22,26.5,2589.0,6.949538045496035,48.449258512274085,1,0.7483686068543863,0.6632830679844202
24.32103951474364,93.2416602165703,2024-08-08,6.6,257.0,17.282659845200183,51.34019174590991,0,0.7808688094430304,0.6246950475544242
23.141474,92.750577,2025-05-29,50.3,838.0,32.15228429311397,287.9804530533153,1,-0.9511618847452572,0.3086925153090856
23.72214467525741,93.18347486036303,2024-09-12,18.4,1080.0,36.03296015701559,258.4398692057822,0,-0.9797149322825653,-0.20039623614870705
23.3228,92.862406,2025-05-31,45.3,946.0,19.089992344289232,20.86402825906048,1,0.35615141183110977,0.9344282593386757
24.73197222,92.75988889,2020-02-02,0.0,19.0,1.019902774636568,270.0,1,-1.0,-1.8369701987210297e-16
27.593139,91.873889,2016-04-22,26.5,2933.0,8.5953440947714,57.66446425367465,1,0.8449302569139013,0.5348764913056179
22.97015984055334,93.03948672413044,2025-06-01,112.8,539.0,15.420145229307996,266.6335393365702,0,-0.9982743731749959,-0.05872202195147061
24.008565240298985,92.79992054639456,2024-07-02,20.9,542.0,11.924651814200722,265.6012946450045,0,-0.9970544855015816,-0.07669649888473709
23.1739,92.611378,2025-06-01,120.7,785.0,13.156266830323194,258.0223140883565,1,-0.9782284986560367,-0.207530731259629
23.04967126569113,92.54633808475852,2025-05-30,188.5,379.0,26.42063602158856,250.9743939624313,0,-0.9453729816262721,-0.3259906833194043
24.751866314118715,93.13766732998975,2024-07-09,5.3,36.0,5.921040829137082,308.6598082540901,0,-0.7808688094430306,0.624695047554424
22.816888967612197,93.00826907763825,2022-11-14,0.0,831.0,19.175802443248685,62.24145939893998,0,0.8849182223819824,0.4657464328326223
23.42088601739772,92.96380150278608,2025-05-31,46.2,703.0,20.642975392486505,295.4633450618716,0,-0.9028605188239304,0.42993358039234775
23.058933824831744,92.51590315230573,2025-06-02,7.6,259.0,25.212341344032,86.05481377096244,0,0.997630328422983,0.0688020916153782
27.28666667,88.55347222,2021-08-27,34.2,1695.0,52.86756191555182,294.5996086932126,1,-0.9092389520537596,0.4162745825391949
25.35520293192885,91.2352061576369,2024-05-28,25.2,1000.0,16.766544495336266,53.74616226255522,0,0.8064049958557056,0.5913636636275172
23.31596379180873,92.51969880435826,2025-06-05,0.0,764.0,25.159993081563847,226.3971810272964,0,-0.7241379310344829,-0.6896551724137929
24.8852556606982,92.96265955520894,2016-05-17,125.1,81.0,6.533604276522507,351.86989764584405,0,-0.14142135623730898,0.9899494936611666
27.33011482408032,93.59367984226022,2016-07-17,5.8,1988.0,6.468497581602584,180.0,0,1.2246467991473532e-16,-1.0
23.50181200696416,92.49118835081572,2024-05-28,54.3,859.0,23.84978237328342,298.44292862436333,0,-0.8792919665367743,0.4762831485407521
23.625694622874736,92.56562540014828,2024-09-20,1.4,407.0,14.2260349438547,63.43494882292201,0,0.8944271909999159,0.44721359549995804
23.313835234579237,92.46066427399356,2025-06-01,135.8,120.0,12.901576560483171,261.86989764584405,0,-0.9899494936611666,-0.1414213562373089
23.315273,92.856524,2025-05-31,45.3,971.0,33.811120970592874,305.4118225186701,1,-0.8150082484123453,0.579449355008564
23.399316305277917,92.4583195364154,2025-05-31,57.9,244.0,53.17752777099231,230.9061411137705,0,-0.7761140001162654,-0.6305926250944659
23.73386111,92.69491667,2024-05-28,70.9,899.0,25.66799182144158,61.89787881726046,1,0.8821094277889296,0.4710445386647499
23.42237439524514,93.34903469963317,2024-09-12,5.9,1048.0,27.804234744503912,349.38034472384487,0,-0.18428853505018553,0.9828721869343219
27.23872868220266,88.76413503845642,2022-10-10,9.5,2013.0,26.225371458157145,117.40757543781842,0,0.8877545314489292,-0.4603171644550006
27.482543236809263,91.85343384199297,2016-04-23,1.6,3977.0,24.73499369155758,349.87532834460217,0,-0.17579063848365784,0.9844275755084819
23.67805556,92.72,2024-05-28,66.7,1020.0,52.95767637833143,129.38862521141874,1,0.7728595697384515,-0.6345770918207618
24.48320999828916,92.8928634792796,2024-06-12,14.2,215.0,10.999069742130567,180.0,0,1.2246467991473532e-16,-1.0
25.734743572302527,92.08424073438148,2024-07-02,9.5,1017.0,10.102186599671455,270.0,0,-1.0,-1.8369701987210297e-16
25.2842285,92.11314877,2020-05-26,120.5,1036.0,8.522750411876844,193.80773060488588,1,-0.2386644852223133,-0.9711020870606593
27.38622008074426,91.96719417339148,2016-04-22,7.8,3525.0,22.53084716070403,231.3401917459099,0,-0.7808688094430298,-0.624695047554425
23.10112,92.852784,2025-05-31,54.7,772.0,18.635149138107945,51.43912897061865,1,0.7819463558381223,0.6233457279804527
23.35777478010166,92.52358209077605,2025-05-31,57.9,553.0,22.437832659372194,154.4400348281762,0,0.43145549730400473,-0.9021342216356466
25.61276111,91.17375278,2024-07-02,6.8,1166.0,15.688052719489258,286.7296616652928,1,-0.9576736017637125,0.2878563400116771
25.52117847951749,94.23983416356,2024-06-01,17.3,1827.0,17.457734943636545,101.88865803962798,0,0.9785497849867489,-0.2060104810498421
25.216442054099453,92.56473942124366,2018-07-11,20.0,783.0,16.993337545769563,327.9946167919165,0,-0.5299989400031806,0.8479983040050876
23.281219,92.869608,2025-05-31,50.1,1046.0,50.9584343244126,293.98596697505184,1,-0.9136450491923038,0.4065128830509468
23.72222222,92.79861111,2024-05-28,71.2,215.0,25.63367525800013,199.3458507826096,1,-0.3312695607971053,-0.9435361562172871
23.309286,92.850807,2025-05-31,45.3,972.0,23.43929257467769,257.0692455786582,1,-0.9746412207219142,-0.22377330240602222
23.73944444,92.71472222,2024-05-28,71.2,1073.0,53.93398279852634,247.86163664681027,1,-0.9262765159146747,-0.376844551592525
23.61222222,92.80527778,2024-05-28,55.2,450.0,22.94245738502281,32.818051600336254,1,0.5419730121900056,0.8403958912665459
23.414509745568548,92.95989614845035,2024-05-28,76.5,717.0,10.264313835624147,259.695153531234,0,-0.9838699100999074,-0.1788854381999832
24.23419444,93.02469167,2024-09-28,0.0,80.0,26.70433377917857,260.75142135014187,1,-0.987000353835904,-0.16071808089882184
23.30265,92.742945,2025-06-01,124.7,698.0,26.00138397164462,244.47167063504696,1,-0.9023723118250668,-0.4309573190601181
23.67116144932474,92.56152124517088,2024-05-28,65.6,542.0,18.03290603130827,354.2894068625004,0,-0.09950371902099811,0.9950371902099893
26.31539997687034,92.05062067521048,2025-06-05,3.1,53.0,0.9279360212320218,270.0,0,-1.0,-1.8369701987210297e-16
24.10743611,93.09532222,2024-09-24,16.6,421.0,39.748377934349165,333.4283632215195,1,-0.44731639838947346,0.8943757821698158
23.36556111,93.05125278,2024-07-09,6.8,696.0,21.524991951080008,190.29027424951417,1,-0.17863520162924262,-0.9839153747852911
23.197704,93.163019,2025-05-31,30.4,546.0,32.11065665225974,302.757463549098,1,-0.8409685365978676,0.5410840234681126
23.7001565334358,92.57855415624093,2024-05-28,65.6,734.0,17.652093804116898,194.74356283647072,0,-0.25449329927964354,-0.9670745372626465
23.202247,92.57903,2025-06-01,135.8,736.0,24.352146836618893,135.60218604624967,1,0.6996360802245156,-0.7144993738612198
23.79739741884109,92.49055401589496,2024-05-28,66.5,777.0,37.003038397878,298.2173558547293,0,-0.8811602680635667,0.4728177048145969
24.75763075325903,93.13944511149512,2024-07-02,35.0,62.0,0.9279360212320218,180.0,0,1.2246467991473532e-16,-1.0
23.11480070907822,92.4153023293777,2025-06-01,116.1,218.0,19.72452770068585,18.43494882292201,0,0.31622776601683794,0.9486832980505138
25.366255,92.823037,2022-05-14,59.7,959.0,16.948476250694164,148.09697675955425,1,0.5284831304021509,-0.8489438031344261
22.519716,92.891037,2025-05-31,14.5,888.0,16.594734040960695,86.88971465702419,1,0.9985269463820224,0.05425806252524842
23.876869153928247,93.08778756819488,2024-07-02,22.1,849.0,28.809977005017668,283.6269948598915,0,-0.971850105688705,0.23560002562150323
23.198961,92.590043,2025-06-01,114.6,687.0,20.928184809847654,152.61217357104613,1,0.46001114124270576,-0.8879131432367602
23.73583333,92.69777778,2024-05-28,70.9,993.0,16.172184828608206,33.242567780414866,1,0.5481847446248351,0.8363572716014397
23.173258,92.611929,2025-06-01,120.7,793.0,17.653331202499288,275.83233861271344,1,-0.9948235126479417,0.10161780691793519
23.77166667,92.84805556,2023-07-23,66.9,735.0,28.805126410160817,264.9388737188532,1,-0.9961011486571361,-0.08821848810727902
24.4259,93.13580556,2024-05-28,127.0,524.0,10.4311765866113,254.7223907696988,1,-0.9646604644514315,-0.26349608787294815
27.51985344390988,91.7766307370196,2016-04-23,0.8,1493.0,54.96249252398111,91.9525090493996,0,0.9994194109757986,-0.0340711162832657
23.306409,92.706083,2025-05-31,49.8,415.0,24.760460251370915,348.9968657263703,1,-0.1908626934300886,0.9816167440791809
23.9,91.75622222,2010-06-03,50.0,201.0,28.978567076791013,50.03476677390457,1,0.7664343421650197,0.6423226596890955
24.310331054239143,93.16864785961032,2024-07-07,8.2,679.0,34.680685682996405,196.31385242626052,0,-0.28089875327071273,-0.9597374070082708
27.23995,93.806589,2016-07-17,4.8,267.0,25.940595440146662,4.288150989936156,1,0.07477250311205523,0.997200618119723
25.44465,91.34622,2007-07-17,134.9,1471.0,16.2029072914628,279.6097644180188,1,-0.9859676018150332,0.16693677896470951
23.377881958021987,92.5256260887175,2025-06-01,132.1,835.0,31.016557675608848,175.36453657309735,0,0.08081586876605489,-0.9967290481146759
25.093060984506057,91.37379706345774,2025-05-30,31.6,9.0,2.07420285773972,63.43494882292201,0,0.8944271909999159,0.44721359549995804
23.00206134801001,93.0250269238614,2025-05-31,25.4,749.0,27.329100681968104,327.80426606528675,0,-0.5328132696861394,0.8462328400897505
23.632039054827285,92.53148408212466,2024-05-28,54.7,525.0,25.277539722463967,84.0938588862295,0,0.9946917938265513,0.10289915108550533
24.963075794913664,92.8886998374878,2022-05-16,63.7,52.0,4.629981483311581,216.869897645844,0,-0.5999999999999994,-0.8000000000000004
26.112667,91.853889,2018-08-24,18.0,188.0,27.167852278503283,245.82158169390303,1,-0.9122744578340407,-0.4095794350106058
24.29982222,93.59040833,2024-08-13,0.0,786.0,26.67686490475688,224.92718356562204,1,-0.7062075579027685,-0.7080048623851448
25.712031,94.089791,2022-09-12,29.9,1446.0,23.17201669975347,307.1884997975829,1,-0.796651254934311,0.6044392260695755
26.34753517527413,91.64653745120783,2025-05-31,8.8,55.0,0.0,180.0,0,1.2246467991473532e-16,-1.0
23.193468,92.734849,2025-05-30,176.7,793.0,27.213688638277656,97.22560806507715,1,0.9920585851555636,-0.12577664178670664
25.228043699655696,92.82694309148616,2022-05-14,88.5,950.0,27.94856390450056,148.73626830562256,0,0.5189781342417642,-0.8547875152217289
24.78002778,92.45372222,2020-06-02,32.4,44.0,14.844340767609422,23.776643185034544,1,0.4031722764820362,0.9151240984021197
23.463879680610876,92.55650030689073,2024-05-28,74.4,264.0,16.628628343803175,12.528807709151511,0,0.2169304578186562,0.9761870601839527
23.0729866060737,92.56464680590284,2025-06-02,2.0,91.0,3.931063454702078,315.0,0,-0.7071067811865477,0.7071067811865474
23.753826387776343,92.5576831253009,2024-05-28,70.9,626.0,32.47427983159386,75.25643716352927,0,0.9670745372626464,0.25449329927964376
25.140661359195697,92.74793771149362,2016-05-22,2.0,1560.0,14.198148890428074,309.8055710922652,0,-0.7682212795973755,0.6401843996644802
23.26126111,93.15070556,2024-11-28,0.6,1098.0,17.21788022717296,245.32799351915625,1,-0.9087122301936797,-0.417423145856131
23.42722222,92.71277778,2024-05-28,84.4,940.0,37.824070568035474,226.5822570888017,1,-0.7263618642219298,-0.6873124778468981
23.665161313041985,92.49978055558314,2024-05-28,60.7,293.0,26.02774426155128,264.2894068625004,0,-0.9950371902099893,-0.09950371902099804
25.872268,91.213965,2014-09-23,0.1,253.0,33.1329563848092,228.0200977633704,1,-0.7433794921307106,-0.6688698906958562
23.57722222,92.71222222,2024-05-28,65.0,908.0,4.1064471010133525,132.50593688977366,1,0.737207329361107,-0.675666599393713
25.68690556,91.64915278,2025-05-28,21.6,1124.0,21.230401929126145,177.35276475379862,1,0.04618653451648395,-0.99893283259154
23.676779172756877,92.5591636136816,2024-05-28,65.6,551.0,21.80315195374203,21.370622269343183,0,0.3643993485805122,0.9312427797057534
26.40301135419169,91.5827866455771,2020-06-26,58.1,53.0,0.9279360212320218,0.0,0,0.0,1.0
25.06251457274877,93.11447981042784,2022-05-14,101.1,404.0,29.468155594669167,27.29957221133281,0,0.45864291977025234,0.8886206570548638
25.547597658368744,94.25670716768664,2022-09-25,1.8,1323.0,30.794735986199903,132.7974018382342,0,0.7337606740181692,-0.6794080314983051
25.121,92.915028,2010-06-20,2.4,306.0,18.023469976701968,19.227718282585712,1,0.3293234741932997,0.944217162174706
24.028875841037134,93.01838671153509,2024-05-28,86.4,948.0,23.86399666489307,66.25050550713325,0,0.9153150324227658,0.40273861426601654
25.425,91.405,2007-08-18,5.8,1563.0,19.77500204794228,95.1606561187021,1,0.995946399421072,-0.089948704716647
25.19326671291244,92.17798354141794,2020-05-26,184.8,489.0,0.9279360212320218,270.0,0,-1.0,-1.8369701987210297e-16
23.686169825658894,92.47074807036296,2024-05-28,60.7,455.0,19.098480621106376,79.2157021324374,0,0.9823385664224747,0.18711210788999516
26.384347,94.443397,2024-07-01,94.6,955.0,20.758992204103468,90.0,1,1.0,6.123233995736766e-17
25.890111542654203,92.04728480706812,2024-06-30,114.6,768.0,18.1368887228541,98.53076560994812,0,0.9889363528682975,-0.14834045293024445
25.37678006633793,91.12368302902222,2007-07-25,250.3,657.0,25.471576768695083,287.81888891452274,0,-0.9520285612852646,0.3060091804131198
23.239797,92.744214,2025-05-31,56.8,779.0,12.499045858265088,18.51376884842405,1,0.31753254054768365,0.9482473757903755
23.05222222,92.67027778,2023-09-12,37.3,430.0,15.422554232390064,310.1466039932402,1,-0.7643972222038734,0.6447455984239072
23.53611111,92.69777778,2024-05-28,60.9,917.0,35.657140048289214,211.0806269946171,1,-0.5162437759811094,-0.8564416873090462
24.863924,93.617853,2025-06-05,0.3,382.0,36.689806231689,12.43103007605734,1,0.21526423888662574,0.9765558393950454
26.343969668231946,91.65761033931052,2014-09-23,3.1,52.0,2.07420285773972,243.434948822922,0,-0.8944271909999157,-0.44721359549995815
25.64887222,91.89692778,2024-07-02,4.5,1083.0,18.82064076180289,341.59296373575694,1,-0.3157655622132975,0.9488372409007354
23.310846,92.858915,2025-05-31,45.3,1053.0,30.5088944183659,325.40882387007844,1,-0.5677169707211275,0.8232238098811444
23.61469228217682,92.55446290323098,2024-05-28,60.9,419.0,17.457734943636545,101.88865803962798,0,0.9785497849867489,-0.2060104810498421
22.920128887310927,93.28619780925244,2024-07-02,8.3,941.0,18.46461733977188,39.0938588862295,0,0.6305926250944658,0.7761140001162655
23.074255,92.76222,2025-06-01,160.2,771.0,24.04711707056377,289.0343901025693,1,-0.9453229926056435,0.32613561542878244
23.64555556,92.72444444,2024-05-28,66.7,805.0,32.5679575408103,275.8117039680018,1,-0.9948600450215783,0.10125952211848098
27.593361,91.879444,2016-04-23,1.0,2812.0,17.771995637903828,75.39015954656536,1,0.967665863722825,0.2522355569414413
23.66027778,92.72694444,2024-05-28,66.7,859.0,35.82556687303344,164.39543771341692,1,0.2689965134335117,-0.9631411504865809
23.187762,92.898034,2025-06-01,123.8,866.0,31.06470247317689,186.70766299103505,1,-0.1168035670920268,-0.9931550365952833
25.61280199088617,91.38343825730315,2025-05-30,70.7,1541.0,13.269675986241523,15.945395900922858,0,0.27472112789737807,0.9615239476408232
23.76083333,92.8475,2024-05-28,71.0,789.0,30.15820651047689,250.4915458485096,1,-0.9425922267011264,-0.3339459449710572
25.266115166123846,92.28644816322408,2010-04-22,162.3,779.0,4.629981483311581,0.0,0,0.0,1.0
25.17728432707517,91.902126127698,2025-05-31,98.6,18.0,3.820639749004604,284.03624346792645,0,-0.9701425001453319,0.24253562503633286
23.6375,92.72277778,2024-05-28,66.7,843.0,38.45231255255428,176.1765154020136,1,0.06668287723776087,-0.9977742198931048
27.2533846,88.5489504,2021-08-22,26.6,665.0,36.85815673974725,251.12345345568136,1,-0.9462178719244542,-0.32353012046911067
23.63055556,92.72305556,2024-05-28,66.7,860.0,26.01095128719577,6.22931865624291,1,0.10850805563485434,0.9940955697830784
23.59527778,92.71722222,2024-05-28,65.0,743.0,24.30690008748149,257.5961352689941,1,-0.9766577917247655,-0.21480120545123688
23.37970640937192,93.34953329968654,2025-05-31,21.4,939.0,17.10533741317946,0.0,0,0.0,1.0
27.237153739466688,88.2605031404547,2021-08-23,12.6,1448.0,18.46461733977188,129.0938588862295,0,0.7761140001162655,-0.6305926250944657
23.099039147592745,92.39010363838383,2025-06-01,116.1,63.0,9.063543582687329,66.03751102542182,0,0.9138115486202572,0.40613846605344756
23.49216111,93.23695,2024-07-17,22.8,1309.0,24.374899656048942,357.76991408217424,1,-0.0389125150542918,0.9992426212748081
25.939420509333598,94.10792551628928,2013-07-03,25.3,620.0,9.467405787657809,60.94539590092286,0,0.8741572761215378,0.48564293117863205
23.198272,92.589291,2025-06-01,114.6,704.0,4.729868501064711,167.72419197871545,1,0.21261782965655954,-0.9771354350918475
25.049667223404064,93.10207672208504,2020-06-02,85.3,435.0,29.498374004168262,166.75948008481282,0,0.2290393337255471,-0.973417168333576
23.69439274190601,93.00245200273112,2016-09-17,13.5,927.0,33.78232569201892,186.95295746817396,0,-0.12105437531104063,-0.9926458775505259
23.71166667,92.87833333,2024-07-02,18.2,612.0,28.786039054852893,105.35889627163188,1,0.9642856648647283,-0.2648644116078808
23.422141377897184,92.95131491266578,2025-06-01,128.0,936.0,33.237886687324526,320.0131137550358,0,-0.6426122619764714,0.7661915431257924
27.254756,93.801303,2016-07-17,4.8,288.0,38.41952166462256,182.62881537564888,1,-0.04586538782716266,-0.9989476293577476
23.015089392881,92.5087391232951,2025-06-01,95.2,132.0,12.71296273832878,21.03751102542182,0,0.35897907930886913,0.9333456062030595
23.76466880541386,92.53775203866448,2024-05-28,66.5,502.0,11.472211019708872,298.6104596659652,0,-0.8778955729143846,0.47885213068057303
23.635,92.72361111,2024-05-28,66.7,837.0,36.06232673365909,60.7577215533225,1,0.8725618489380909,0.48850365380183214
24.04014167,93.2915,2024-07-02,20.5,666.0,21.000786761915705,323.15961258373284,1,-0.5995878798997534,0.8003089242769438
23.54333333,92.66472222,2024-05-28,60.9,672.0,28.25438720394268,55.1336747639356,1,0.8204880046447988,0.5716637422768709
24.981905839537887,92.97176714466524,2016-05-22,0.5,233.0,22.80662735466274,15.642246457208728,0,0.2696299255199709,0.9629640197141817
25.66315,91.90180278,2025-05-30,112.5,1017.0,8.217929300281208,263.5716249998811,1,-0.9937125937378184,-0.11196106933598572
23.68743333,92.72129167,2024-05-28,66.7,1098.0,20.63598873140694,160.8399808296476,1,0.32820758361940383,-0.9446056224979354
25.13447222,93.01897222,2016-05-22,0.7,757.0,12.359158906317498,63.71950304425975,1,0.8966371964818358,0.4427660080507465
22.413378104775997,92.68044770609356,2025-05-31,14.2,269.0,13.269675986241523,15.945395900922858,0,0.27472112789737807,0.9615239476408232
27.4570116587943,88.75404685227518,2012-06-26,0.6,4233.0,20.307346369411786,293.1985905136482,0,-0.919145030018058,0.39391929857916747
26.184324,91.855395,2025-05-31,15.7,70.0,17.392125338240874,320.74449338325525,1,-0.6327797514276254,0.7743318320869887
25.60142384626636,92.0092193251711,2009-07-01,109.7,1161.0,16.766544495336266,216.2538377374448,0,-0.5913636636275174,-0.8064049958557056
25.652017484658053,91.4615199095788,2024-10-08,0.6,1025.0,43.80239488442229,85.15599962491933,0,0.9964283048969312,0.08444307668618052
24.63533907860049,93.61934856443834,2007-09-10,5.5,509.0,17.194283995818935,353.99099404250546,0,-0.10468478451804304,0.994505452921406
23.271165498626825,93.33941675514404,2024-07-02,3.0,1279.0,13.771943767699913,262.4053566314085,0,-0.9912279006826346,-0.1321637200910187
22.9724798572051,92.5802511475303,2025-05-31,44.9,164.0,8.493137013964589,347.4711922908485,0,-0.21693045781865639,0.9761870601839527
23.714376212546917,93.04543222498177,2024-05-28,74.8,873.0,19.68733282914024,84.8055710922652,0,0.9958932064677039,0.09053574604251861
24.52308611,93.57206944,2024-09-28,1.0,758.0,16.091413114249818,260.31930361508444,1,-0.985760179177769,-0.1681572750356424
24.934465899054747,92.9446899131895,2016-05-22,0.5,38.0,4.629981483311581,270.0,0,-1.0,-1.8369701987210297e-16
23.180860399181785,92.3104152689876,2025-06-01,114.8,120.0,3.342217432740406,56.309932474020215,0,0.8320502943378436,0.5547001962252291
25.18688889,91.39855556,2019-06-27,121.1,77.0,16.68348755903304,346.2028987414599,1,-0.2384843250820162,0.9711463466904333
23.39644209280044,92.471626849118,2024-05-28,60.4,302.0,42.71840892031782,344.74488129694225,0,-0.26311740579210846,0.9647638212377322
24.309100380452044,93.47352018734024,2024-08-13,0.0,784.0,29.876436547743577,248.49856567595208,0,-0.9304083928170915,-0.3665245183824906
26.176542690556712,92.15257921921936,2024-08-08,42.0,53.0,1.3121849935516046,135.0,0,0.7071067811865476,-0.7071067811865475
23.081023,92.897247,2025-05-31,41.1,749.0,38.8070235607589,79.57473022696067,1,0.9834917588577705,0.18095292276956731
25.76307381135316,92.06133438879324,2011-06-26,7.9,1033.0,13.887085419725585,328.3924977537511,0,-0.5240974256643347,0.851658316704544
25.026191329926792,92.9902982372541,2016-05-22,0.5,1036.0,19.72452770068585,341.565051177078,0,-0.3162277660168381,0.9486832980505138
23.636063112930906,92.48977215408694,2025-05-13,3.2,384.0,22.85212410742765,2.2025981617658057,0,0.0384331221012044,0.9992611746313143
23.43526934743148,92.52515975785292,2025-05-30,128.2,708.0,20.782093658732848,320.1944289077348,0,-0.6401843996644798,0.7682212795973759
25.63803099120974,91.79074494605084,2025-05-30,107.6,1100.0,3.820639749004604,104.03624346792648,0,0.9701425001453319,-0.242535625036333
23.7104,92.72237778,2024-05-28,71.2,963.0,34.46268223736767,19.542955287124087,1,0.3345134742320855,0.9423909674637061
25.803984,91.659801,2024-08-28,2.1,686.0,24.46334725807096,71.34489649509675,1,0.9474612165854176,0.3198706661550579
23.63335526492617,92.55906819725912,2024-05-28,60.9,463.0,24.312311376863388,284.5344550805401,0,-0.9679968981658008,0.25096215878372624
23.32607702272493,92.52114444038764,2025-06-02,13.5,666.0,30.93372300732159,0.0,0,0.0,1.0
23.09459,92.753733,2025-09-13,19.8,756.0,9.652398878003018,198.06306898912544,1,-0.31006369336214223,-0.9507157861625247
22.88042,92.821692,2025-06-01,104.0,872.0,22.73482790718419,332.56595218457016,1,-0.4607272846674897,0.8875417562925825
23.35406111,93.04156111,2024-09-28,0.0,516.0,11.562912180623576,230.78333053763268,1,-0.774760575198413,-0.6322547359397351
23.6534672154384,92.48074169363755,2024-05-28,60.7,668.0,26.945903038199187,210.6506679570529,0,-0.5098023903017331,-0.8602915336341741
25.69007,91.67085,2025-06-11,18.2,888.0,6.311248433564936,54.21134699889826,1,0.811179649558353,0.5847970384179348
24.956359268176225,93.3265169916174,2020-06-02,71.5,282.0,20.127645664862477,315.0,0,-0.7071067811865477,0.7071067811865474
25.69523333,91.64426944,2025-05-30,87.5,1225.0,26.80682068413991,112.58234554303722,1,0.9233285855884156,-0.3840108371326204
25.468389115775604,93.96071799461836,2024-06-01,18.7,1295.0,19.631364776866725,39.472459848343824,0,0.6357072528610996,0.7719302356170497
24.79489,92.55506,2020-06-02,44.9,45.0,8.52084935664267,193.75484316306856,1,-0.23776799818843566,-0.9713219749585943
22.660692,92.855602,2025-05-31,18.0,980.0,24.90345336453323,56.13328536475697,1,0.8303361610183018,0.5572628282107006
24.862444,93.610639,2010-06-05,11.2,380.0,8.215662603664038,47.78191990107964,1,0.7405925931014884,0.6719543221404364
25.07533333,92.36341667,2010-04-22,99.3,156.0,24.7774891798658,32.78285296488412,1,0.5414566277944989,0.8407286840696049
23.5735546760085,92.44853769425907,2023-08-02,21.7,649.0,15.190206068732346,287.35402463626133,0,-0.9544799780350297,0.29827499313594685
23.93365974962988,93.27502966952024,2024-07-02,17.4,1474.0,26.85164374315548,172.64762064010765,0,0.12797133763019675,-0.9917778666340251
22.745387,92.841543,2025-05-31,19.1,624.0,16.338900630200303,6.869919402483518,1,0.11961561926934515,0.9928202776065823
25.13486111,92.382,2010-04-22,116.1,188.0,43.30068870885577,167.9665328764902,1,0.20848300257574906,-0.9780259902666187
23.6868033,92.7251987,2025-05-29,40.2,856.0,43.52112220297085,75.20274525955283,1,0.9668356268762295,0.25539943344269267
27.08130556,93.61283333,2020-06-25,90.7,273.0,13.386922645793309,302.92449238974285,1,-0.8393875955021449,0.5435333150020589
25.69683611,91.64485556,2024-08-06,9.0,1257.0,21.292050735371006,51.512173049156914,1,0.7827403985158805,0.6223483498260445
23.73055556,92.75861111,2024-05-28,71.2,893.0,33.74253842085346,223.4320466298812,1,-0.6874937904774776,-0.7261902561002249
23.69928577169149,92.56318649068166,2024-07-02,28.0,933.0,45.63633981123736,40.50284838533223,0,0.649485850123515,0.7603736781933834
23.75047548389769,92.50766622372544,2024-05-28,66.5,487.0,25.159993081563847,226.3971810272964,0,-0.7241379310344829,-0.6896551724137929
23.61861111,92.72611111,2024-05-28,66.7,793.0,27.73628808995122,17.581616067751696,1,0.30206403429304135,0.9532876371728589
27.193425,93.780983,2016-07-16,69.7,213.0,52.32639747669121,159.4562374568706,1,0.3509227096912156,-0.9364044274900535
26.21305556,91.6925,2020-06-26,56.7,73.0,26.119540269784043,30.971592909387383,1,0.5146130304245918,0.8574225498068139
23.74916667,92.69416667,2024-05-28,70.9,802.0,39.21321546979125,65.40838820008429,1,0.909297043522551,0.41614767407874315
25.54231,92.1,2009-07-01,109.7,1336.0,17.34039631154293,223.53083498234489,1,-0.6887448521430167,-0.725003812849625
24.51785556,93.55086944,2024-08-13,0.0,1019.0,13.66844526934086,338.5681483312868,1,-0.3653943172119859,0.930852830983065
25.895979574753483,94.05166419247604,2025-01-19,0.0,916.0,36.25439636868101,276.3401917459099,0,-0.9938837346736189,0.11043152607484659
23.49677707667935,92.45383879958167,2024-05-28,54.3,208.0,6.725013241134402,285.94539590092285,0,-0.9615239476408232,0.27472112789737796
25.223634522270167,92.47885814226564,2007-07-31,61.8,973.0,10.102186599671455,90.0,0,1.0,6.123233995736766e-17
25.68798889,91.65838889,2024-05-28,66.5,1032.0,28.85196950942128,176.26532929788115,1,0.06513615301052901,-0.9978763859171079
24.92520905444173,93.19445258082312,2016-05-22,0.6,98.0,2.932085702984153,251.565051177078,0,-0.9486832980505138,-0.31622776601683805
23.4898677749918,92.4931203086759,2024-05-28,54.3,591.0,22.83697312304369,270.0,0,-1.0,-1.8369701987210297e-16
25.855625289770597,91.54809375776304,2024-05-29,26.5,472.0,22.68465563786313,125.53767779197436,0,0.8137334712067353,-0.5812381937190959
23.45333384765973,92.5191172403285,2025-06-01,101.5,937.0,33.237886687324526,219.98688624496415,0,-0.6426122619764707,-0.7661915431257929
24.33915833,93.66233611,2024-08-13,0.0,1042.0,16.786002917911468,155.6802877008999,1,0.4118278975491939,-0.9112616434373887
23.74247,92.705587,2025-05-31,101.5,938.0,35.15323682015559,135.38242806699586,1,0.7023713898761712,-0.7118106705321405
24.82022222,94.35255556,2015-07-30,37.0,1593.0,29.89154315313884,338.16678316808293,1,-0.37190605634809804,0.9282703729256931
23.61861111,92.79,2024-05-28,66.7,314.0,11.66632857823294,19.99182305093501,1,0.3418860319076921,0.9397414225128168
23.300787,92.853572,2025-05-31,45.3,997.0,32.79688714530482,141.0680094342604,1,0.6283974845704653,-0.7778924099035238
23.58591667,92.71777778,2023-07-25,12.3,960.0,20.95710092694937,75.32675594584309,1,0.9673861470255506,0.25330622286682947
22.691490793825857,92.59303234298274,2025-06-01,128.0,182.0,26.95764745864339,80.8376529542783,0,0.9872411207126471,0.15923243882462046
24.036429278832973,92.69275848817875,2024-05-28,86.3,195.0,18.68565764433915,286.6992442339936,0,-0.9578262852211513,0.2873478855663458
23.72722222,92.85472222,2024-05-28,71.0,805.0,34.7067623343326,320.3913861356004,1,-0.6375398217329523,0.7704174035577827
24.57025,92.685,2010-04-02,28.9,49.0,6.2737099863105374,306.0382012919582,1,-0.8086249156302788,0.5883245242397468
23.498018338889185,92.51548143866056,2024-05-28,54.3,482.0,19.72452770068585,288.434948822922,0,-0.9486832980505139,0.3162277660168377
23.73416667,92.79861111,2024-05-28,71.2,296.0,14.83971175315894,270.0,1,-1.0,-1.8369701987210297e-16
26.40473939803584,91.696724721976,2020-06-28,12.8,61.0,1.3121849935516046,135.0,0,0.7071067811865476,-0.7071067811865475
24.659389,92.497361,2016-05-18,57.2,33.0,4.922640937629667,235.7215364215081,1,-0.826310055128863,-0.5632154940987822
23.865822640980458,93.04243474893792,2024-09-25,53.0,757.0,30.39923898721953,263.6598082540901,0,-0.9938837346736189,-0.11043152607484695
23.29419224691885,93.29266921264876,2024-05-28,63.0,1314.0,21.12442035770617,123.02386755579664,0,0.8384436163006371,-0.5449883505954141
23.65527778,92.72694444,2024-05-28,66.7,811.0,22.490884410613088,30.773373880396377,1,0.5116436393742639,0.8591977573806033
25.54328,92.10478,2009-07-01,106.7,1272.0,28.918907326768604,40.44958753183954,1,0.6487787435332537,0.7609770968560174
23.760466,92.848969,2025-05-31,84.1,829.0,14.793330487615783,348.42230965844203,1,-0.20069648184556638,0.9796534704551463
23.69805556,92.72277778,2024-07-02,24.6,858.0,31.455102107202286,48.63743989421137,1,0.7505430433109713,0.6608215645221526
25.28422636,92.11294194,2020-06-26,154.3,1036.0,8.52275040343776,193.807730370603,1,-0.23866448125146927,-0.9711020880365602
22.688472,92.842907,2025-05-31,18.0,949.0,43.426595345284426,270.9788304409709,1,-0.9998540751985189,0.017082983021549928
24.153006385171317,93.74880208638083,2024-07-02,20.3,931.0,32.03134587176103,158.74949449286677,0,0.36244626115494827,-0.932004671541296
25.770055,93.937873,2022-10-15,0.0,791.0,25.89521424542754,15.004671968703208,1,0.25889780702815973,0.9659047186529373
23.872357981777878,92.97869556990442,2024-05-28,87.6,682.0,4.629981483311581,90.0,0,1.0,6.123233995736766e-17
24.9625192353584,93.28965985200836,2024-09-28,0.9,478.0,26.768720053260516,275.5275401516562,0,-0.9953500135553001,0.09632419486019028
23.750361846886303,92.49117874082457,2024-05-28,66.5,379.0,22.437832659372194,115.55996517182382,0,0.9021342216356465,-0.431455497304005
24.458325,93.09439167,2024-09-24,9.8,443.0,16.015837744689566,205.67035900045985,1,-0.43319286966678416,-0.9013012469035292
27.302544771700312,93.68273957346928,2020-06-25,107.5,1427.0,41.77544071371367,315.0,0,-0.7071067811865477,0.7071067811865474
24.29353072581268,93.2255013632793,2024-09-24,12.6,607.0,13.771943767699913,277.59464336859145,0,-0.9912279006826347,0.13216372009101834
23.69702407447877,92.55564456110426,2024-05-28,65.6,563.0,12.29302516926036,311.98721249581666,0,-0.7432941462471663,0.6689647316224496
25.45351667,92.18784722,2020-05-26,198.0,1272.0,8.817796535822461,159.7375289472798,1,0.3463212564767918,-0.938115977538138
23.72138889,92.79944444,2024-07-02,33.9,209.0,16.735282970969738,93.08261052503158,1,0.9985530374502086,-0.05377575103113063
23.40037538520366,92.49619923625788,2025-06-01,132.1,553.0,32.51624850771436,332.7838884426925,0,-0.45734801262076163,0.889287802318147
24.22467612349604,92.80660585255475,2024-09-28,0.0,518.0,24.44987767409189,355.9143832200251,0,-0.07124704998790983,0.997458699830735
23.310693778474807,92.52702366554476,2025-06-06,0.0,690.0,24.88235154311221,102.0947570770121,0,0.9778024140774094,-0.20952908873087356
23.3166073048322,92.49520697903009,2025-06-01,135.8,409.0,29.638667693663425,265.1009075462122,0,-0.996346649041751,-0.08540114134643614
25.69150833,91.64160833,2025-05-29,81.8,1338.0,1.3836631565129,132.0233194587546,1,0.7428724268838001,-0.6694330118658425
25.641689879181506,92.14615772897788,2024-05-27,88.5,893.0,21.574737330164155,214.99202019855863,0,-0.5734623443633278,-0.8192319205190409
26.303715165850736,91.61990564144742,2018-08-31,0.2,50.0,3.342217432740406,326.30993247402023,0,-0.5547001962252288,0.8320502943378438
23.43936816788908,92.96175800913892,2024-05-28,76.5,789.0,28.04774875483373,19.536654938128382,0,0.3344098451707648,0.9424277454812465
23.88583333,92.85055556,2024-09-28,0.0,514.0,31.594326471014515,303.50927910665223,1,-0.8337964244057979,0.552072026685021
23.53777778,92.69833333,2024-05-28,60.9,826.0,30.28863262243581,221.6294957438245,1,-0.6643110895049626,-0.7474562036405407
23.46805556,92.71638889,2024-05-28,84.4,1135.0,28.136100633939403,176.21988569913862,1,0.06592758853773606,-0.9978244099387422
23.545,92.70333333,2024-05-28,65.0,858.0,35.267443468277335,273.9332382076492,1,-0.9976446541907974,0.06859405196169897
27.11372649245557,88.62396649867333,2022-08-25,0.1,1439.0,41.65329550366706,146.88865803962798,0,0.5462677805469222,-0.8376105968386143
22.8712380089263,92.9881654467408,2025-05-31,17.2,1330.0,16.15841356153915,26.56505117707799,0,0.4472135954999579,0.8944271909999159
23.52583333,92.63861111,2024-06-02,0.0,229.0,25.295456790666435,300.8779610627406,1,-0.8582623769196943,0.5132111576769903
23.75706412429664,92.53233338278756,2024-05-28,66.5,348.0,27.804234744503912,132.51044707800085,0,0.7371541402007414,-0.6757246285173464
25.25498728957225,92.35344521395032,2010-04-22,106.5,852.0,1.8553855108258317,90.0,0,1.0,6.123233995736766e-17
25.267636413955625,90.9173150596794,2022-06-17,131.5,728.0,6.725013241134402,285.94539590092285,0,-0.9615239476408232,0.27472112789737796
25.54264,92.10214,2009-07-01,106.7,1332.0,6.878235078604374,36.46001000202039,1,0.5942615842852114,0.8042718255930831
23.589021153198,92.45228527124702,2024-05-28,54.7,784.0,17.949166406534854,233.130102354156,0,-0.8000000000000005,-0.5999999999999993
25.525094,94.135798,2024-06-01,15.7,1716.0,13.669238473823958,175.7748157026626,1,0.07367655852832206,-0.9972821891137046
23.788483709897218,93.06268820643989,2024-05-28,83.2,587.0,18.46461733977188,230.9061411137705,0,-0.7761140001162654,-0.6305926250944659
26.188678486735988,94.33325182665467,2025-08-01,8.4,310.0,1.3121849935516046,225.0,0,-0.7071067811865475,-0.7071067811865477
25.20552778,93.02013889,2016-05-22,0.2,346.0,17.21509250417657,332.52060731026194,1,-0.4614295562576119,0.887176850809298
23.07699052001174,93.40446511205904,2024-07-02,3.7,1443.0,8.493137013964589,192.52880770915152,0,-0.21693045781865644,-0.9761870601839527
26.17672,91.76525,2017-06-13,83.4,87.0,18.70176595802712,253.34566228697727,1,-0.9580512046951454,-0.28659708509016735
24.50236646222818,92.83412935785998,2016-05-17,141.0,81.0,19.556409699933383,136.8476102659946,0,0.6839411288813299,-0.729537204140085
27.307072,93.806008,2016-07-17,4.4,718.0,12.318321799031803,90.0,1,1.0,6.123233995736766e-17
23.69777778,92.71944444,2024-09-20,1.1,984.0,37.41669049966793,38.55232816956016,1,0.6232291320438811,0.782039288636978
24.11104722,93.10374167,2024-09-24,17.3,584.0,25.37486920901697,256.1936083912659,1,-0.9711076643586034,-0.23864179060671248
23.648672312504367,92.53784012701274,2024-05-28,54.7,627.0,23.678215865825027,94.23639479905884,0,0.997267754456709,-0.0738716855153119
24.95365336275744,92.30840632385664,2010-04-22,60.3,14.0,0.9279360212320218,90.0,0,1.0,6.123233995736766e-17
25.1775,93.02622222,2016-05-22,0.7,484.0,15.493169534680346,7.406776072825707,1,0.12891287544959124,0.9916559234650485
25.02404230624626,93.27651070670474,2010-04-02,9.7,179.0,11.18366280155205,124.99202019855863,0,0.8192319205190408,-0.5734623443633278
24.33408248803736,93.90973178207211,2024-08-13,0.2,985.0,23.15212745350668,52.69605172201657,0,0.7954317200324987,0.6060432152628561
23.979960752493785,93.0352396651454,2024-06-28,3.1,1160.0,9.769174897063328,228.81407483429035,0,-0.7525766947068777,-0.6585046078685183
24.70918641444528,93.52477540879626,2024-08-18,59.5,491.0,21.39286550861863,119.74488129694222,0,0.8682431421244592,-0.4961389383568338
25.64347535826913,91.75977509292944,2024-08-06,5.0,1020.0,13.91569835366549,168.6900675259798,0,0.19611613513818385,-0.9805806756909202
23.31259,92.856415,2024-05-28,109.9,1000.0,37.32182079638662,223.8544835176869,1,-0.6928291947403349,-0.7211017313219121
23.41346183870296,92.5910408271462,2025-05-31,56.7,417.0,21.30948009368158,355.23635830927384,0,-0.08304547985373935,0.9965457582448797
23.052088733382902,92.48086294358112,2025-06-15,18.3,68.0,21.39286550861863,240.25511870305775,0,-0.8682431421244589,-0.4961389383568344
23.172661607807623,93.4190348861036,2024-07-02,4.8,1371.0,18.785020512595423,90.0,0,1.0,6.123233995736766e-17
23.696734039937688,92.5301539323848,2024-05-28,60.7,533.0,26.697307159375704,14.931417178137554,0,0.2576626505603324,0.9662349396012463
24.064708844263063,92.79964751852816,2024-08-17,52.7,474.0,24.408731306426937,267.9545915111128,0,-0.9993628543475496,-0.035691530512411605
27.11472133015434,88.63271793031697,2015-07-08,2.6,1404.0,30.17858099548764,167.12499844038751,0,0.22282480150214132,-0.9748585065718672
23.51487151832032,92.53956007720996,2024-05-28,54.3,658.0,15.819069972618744,210.96375653207352,0,-0.5144957554275263,-0.8574929257125443
23.7175,92.70666667,2024-05-28,71.2,900.0,23.1816088740264,340.7344282467556,1,-0.3299472160534117,0.9439993827427025
23.09954722,93.18600278,2024-07-02,22.5,913.0,21.15548239673074,245.30171724002463,1,-0.9085207012185263,-0.41783984426739046
23.652652068134767,92.50020868350876,2024-05-28,60.7,233.0,11.036260392791435,311.6335393365702,0,-0.7474093186836599,0.6643638388299196
23.208921,92.541174,2025-06-01,135.8,669.0,22.28744366773108,120.85401435297048,1,0.8584767980067289,-0.5128524030207072
23.219631,92.563324,2025-06-01,135.8,922.0,25.576002821723392,331.45073853529266,1,-0.47791416857204844,0.878406538840694
23.616492262107123,92.55760585049065,2023-10-25,0.4,564.0,20.44957527203876,124.38034472384489,0,0.8253072612498316,-0.5646839155919905
26.126080163738344,91.59759114713482,2017-06-13,95.8,49.0,0.9279360212320218,0.0,0,0.0,1.0
24.37384957544837,93.43756510408096,2024-08-13,0.0,1415.0,44.573506838872255,152.5924245621816,0,0.4603171644550003,-0.8877545314489294
23.495989067413326,92.5428743328188,2024-05-28,54.3,457.0,8.344059777303649,186.3401917459099,0,-0.1104315260748462,-0.9938837346736189
23.71111111,92.87861111,2024-06-28,1.4,592.0,36.68429913036866,64.27120378949743,1,0.9008589553780999,0.4341119009138988
23.71735556,92.70753333,2024-05-28,71.2,900.0,21.69441998735133,339.19755195269204,1,-0.3551469038999506,0.9348105030701567
27.31668392253744,88.71355187324983,2012-06-22,24.6,2727.0,19.310139893239235,236.30993247402023,0,-0.8320502943378439,-0.5547001962252288
24.53549578490425,92.9293918741926,2016-08-31,54.0,36.0,0.9279360212320218,0.0,0,0.0,1.0
25.17188889,93.02061111,2016-05-22,0.7,575.0,45.95699277207127,111.08056516855004,1,0.9330755927160518,-0.35968032789907844
26.19081,91.84528,2017-07-04,24.4,67.0,23.03357865049836,229.7194724741432,1,-0.7628881028359453,-0.646530542628399
23.73555556,92.80027778,2024-05-28,71.0,362.0,7.637463254782611,15.275035646337372,1,0.26345275745747804,0.9646722990674352
23.73194444,92.75,2024-05-28,71.2,923.0,49.28146001468816,289.51245504629844,1,-0.942568905362674,0.3340117642290618
24.48338333,93.58848056,2024-09-28,1.1,862.0,17.711363796861054,242.8911470296005,1,-0.8901424061549031,-0.45568245167524224
25.162667,93.009806,2022-05-14,66.9,570.0,19.96337830840901,249.13832919163588,1,-0.9344429124960617,-0.3561129642204528
23.66194444,92.85416667,2024-11-12,0.0,834.0,15.797410861446426,266.7236453845088,1,-0.9983654876856167,-0.05715201657212625
25.49551944,91.49585278,2025-07-02,35.5,1584.0,18.30803320066323,66.98606603378994,1,0.9204098029274427,0.3909549778108295
24.32773611,93.57937222,2024-07-02,26.4,781.0,23.25176563125633,348.0827281185118,1,-0.206499148730737,0.9784467801436525
23.061801443933792,92.38189447250409,2023-09-12,48.8,59.0,2.932085702984153,251.565051177078,0,-0.9486832980505138,-0.31622776601683805
23.44805556,92.68333333,2024-05-28,74.4,874.0,18.594687929746986,95.51598611898756,1,0.9953694176605186,-0.09612347468834058
24.710833,92.481167,2010-06-03,36.9,48.0,18.28534055299416,255.83756351947,1,-0.9696059668020475,-0.2446717579572002
25.26682972782285,92.86530175100135,2022-05-15,69.4,787.0,12.29302516926036,318.01278750418334,0,-0.66896473162245,0.743294146247166
24.57151389,93.141725,2024-07-02,62.4,378.0,24.37517592571721,357.7511212977001,1,-0.039240260502810695,0.9992298043771871
23.183361,93.066742,2025-05-31,37.8,1033.0,30.441966671090388,155.22622981836588,1,0.4190364609794029,-0.9079694071772778
25.566518,91.914509,2025-08-19,8.6,1540.0,5.818876127851667,61.57549141713292,1,0.879445041540883,0.4760004400304212
25.41733333,93.12908333,2016-05-22,0.3,387.0,3.210280506236405,253.2446068645432,1,-0.9575442292328867,-0.2882864011062556
23.40349126825742,92.53651698646128,2025-05-31,57.9,522.0,32.74104804558254,139.08561677997488,0,0.6549305384178417,-0.7556890827898177
26.11266667,91.85388889,2018-08-24,18.0,188.0,27.16785222381732,245.82158163346315,1,-0.9122744574019859,-0.4095794359729408
23.73472222,92.695,2024-05-28,70.9,917.0,23.21121378927057,81.32528988063144,1,0.9885605557822972,0.15082449254479788
23.4855,92.7033,2024-07-02,39.6,978.0,13.406514124378017,138.26445540803672,1,0.6656934186640452,-0.7462253495743604
26.02547,91.87158,2014-09-20,20.8,179.0,11.762936955883228,71.90450774136146,1,0.9505401711319483,0.3106016469119996
25.40547,91.53712,2007-08-18,6.6,1461.0,17.18691154015709,186.6468416215532,1,-0.11574923448238512,-0.9932784678612246
25.7802266,93.936165,2024-09-03,54.2,907.0,15.100919131026542,273.43541507962254,1,-0.9982029793851184,0.05992338397214346
23.78695542728572,93.0144713185629,2024-05-28,77.8,651.0,20.782093658732848,320.1944289077348,0,-0.6401843996644798,0.7682212795973759
23.77558167155941,92.51751427076944,2024-05-28,66.5,182.0,31.620497847327677,324.63753811293094,0,-0.578747005941122,0.8155071447352175
24.12428889,93.318525,2024-07-02,25.4,606.0,12.002590621056449,90.0,1,1.0,6.123233995736766e-17
23.188245,92.734327,2025-06-02,2.1,812.0,26.223429112072203,145.1526127377208,1,0.5713925151575908,-0.8206769118367363
23.500485027903373,92.52995107779724,2024-05-28,54.3,336.0,36.05321706872178,57.72435568542237,0,0.845488903030971,0.5339929913879818
23.77343082310388,92.9690279000868,2024-05-28,77.8,762.0,16.766544495336266,53.74616226255522,0,0.8064049958557056,0.5913636636275172
23.423174973284915,92.95129863131272,2025-05-31,46.2,971.0,22.18705499943536,276.84277341263095,0,-0.9928768384869221,0.11914522061843055
23.7375,92.69444444,2024-05-28,70.9,979.0,29.817890213282773,45.14361932997546,1,0.7088770130832494,0.7053321064024881
23.73305556,92.75,2024-07-22,9.4,951.0,40.11510715093639,305.1523387922232,1,-0.8176241179022843,0.5757523789134626
25.663444,91.915944,2017-06-17,45.6,948.0,16.127085938359617,18.0718488173912,1,0.3102093744714916,0.9506682617979869
23.71416667,92.85805556,2024-05-28,71.0,879.0,28.221436366306666,334.6719452926494,1,-0.4278004934598901,0.9038731867886527
23.62660641111528,92.5351299490588,2024-05-28,54.7,667.0,19.68733282914024,95.1944289077348,0,0.9958932064677039,-0.09053574604251849
23.037029075953026,92.56217163531063,2025-05-31,44.9,134.0,11.648541470643815,315.0,0,-0.7071067811865477,0.7071067811865474
24.95417696658795,94.4584041321899,2015-07-30,54.4,1989.0,19.481072140033923,105.94539590092286,0,0.9615239476408232,-0.27472112789737807
23.74388889,92.71222222,2024-07-20,38.2,824.0,29.27828046403269,221.424602958445,1,-0.6616339040117638,-0.7498270314293505
22.981093310866903,92.55373837379662,2025-05-31,44.9,390.0,8.243090303924172,333.434948822922,0,-0.4472135954999582,0.8944271909999157
23.51944444,92.70055556,2024-09-25,74.1,789.0,26.55416148224518,205.05142900089533,1,-0.42343159814132225,-0.9059280775511298
25.77512765737792,91.9866976144772,2010-06-28,56.3,1074.0,7.032045647403496,23.19859051364819,0,0.3939192985791677,0.9191450300180579
23.72960613232334,93.05419787042288,2025-06-15,16.9,1052.0,30.1399033659542,157.01128319791937,0,0.3905498468561695,-0.9205817818752566
24.635354995785782,93.76368639824304,2010-06-08,24.6,802.0,6.533604276522507,278.13010235415595,0,-0.9899494936611667,0.14142135623730853
23.70213889,92.71822222,2011-05-22,0.7,1060.0,42.224859082509326,121.11077129460944,1,0.8561699640161928,-0.5166942932881212
23.86613959543461,92.98266990110298,2024-05-28,87.6,831.0,10.384106823209224,135.0,0,0.7071067811865476,-0.7071067811865475
25.15713889,93.01719444,2016-05-27,3.6,651.0,34.00534015339872,349.31816992413,1,-0.18535499497072114,0.9826716266583685
23.66848657347477,92.51636319406872,2024-05-28,60.7,152.0,22.23438363604536,33.690067525979785,0,0.554700196225229,0.8320502943378437
26.15805556,91.71258333,2019-07-16,1.9,85.0,18.82820039971496,198.4812537781418,1,-0.3169943637700324,-0.9484274212284419
23.70333333,92.87638889,2024-07-18,1.0,566.0,1.3716206613864916,312.47844146666955,1,-0.7375314871764425,0.675312746380005
23.43072223800144,92.44620297427326,2025-06-01,119.9,301.0,16.62862834380317,319.3987053549955,0,-0.6507913734559688,0.7592566023652964
25.772672418183948,94.2728179671112,2025-01-19,0.0,711.0,20.50256684545169,355.0302592718897,0,-0.08662961636484258,0.9962405881956828
25.55256111,91.61870278,2024-06-28,8.2,1657.0,15.764281166878575,62.72721415045616,1,0.8888349801827646,0.4582274304354819
23.78365543017532,92.51326003532552,2024-05-28,66.5,244.0,25.92802561114133,358.0908475670036,0,-0.033314830232638745,0.9994449069791543
23.71446389,92.71146389,2024-05-28,71.2,988.0,27.37189268521692,178.04513505763663,1,0.034112210470783416,-0.9994180091917481
23.621332489609728,92.99114791960896,2024-05-28,75.4,759.0,27.81538198732142,252.12130340415865,0,-0.9517086177605508,-0.30700277992275854
25.85519545745609,92.10981223431529,2025-05-30,88.5,1051.0,7.209749706875432,309.8055710922652,0,-0.7682212795973755,0.6401843996644802
22.693196716979536,92.57279656426812,2018-06-14,30.5,336.0,36.19430626059956,207.699472808055,0,-0.46483389898992006,-0.8853979028379437
23.80672301347599,92.9674765566817,2024-05-28,77.8,1125.0,24.01952501448043,199.0934920004856,0,-0.32711056388316606,-0.9449860734402582
23.75024,92.736662,2025-06-01,88.9,1095.0,20.67072564303898,328.9987861977814,1,-0.5150562337510405,0.8571563895078853
27.28577778,88.5535,2021-08-27,34.2,1571.0,65.69996145393037,302.20589672504354,1,-0.8461383194762043,0.5329633611365652
22.910333196460524,93.23992586675196,2024-07-02,11.2,1087.0,17.949166406534854,90.0,0,1.0,6.123233995736766e-17
26.19330556,91.77725,2020-06-28,13.0,172.0,18.853438784643977,6.058539742122221,1,0.10554452273476854,0.9944145783930814
26.10711111,91.78916667,2014-09-23,3.7,68.0,16.167813130045932,83.59554978614199,1,0.9937592582724906,0.11154611870302567
25.117665,92.847709,2022-05-14,88.5,161.0,17.37457633172627,58.88375598628558,1,0.8561206070386608,0.516776069689527
25.31488,91.44913,2007-07-19,48.5,1378.0,24.593272360984496,332.032137140019,1,-0.46897624462374976,0.8832107800398525
25.99373127935862,91.74846032722844,2014-09-20,27.5,385.0,22.68465563786313,305.5376777919744,0,-0.8137334712067351,0.5812381937190961
26.19552778,91.78055556,2016-06-22,8.7,165.0,18.89727680503074,31.76356842391665,1,0.5264152839273594,0.850227586501213
23.66055556,92.72527778,2024-05-28,66.7,888.0,24.706635186657543,147.50819778793738,1,0.5371789317566357,-0.8434683131432975
26.19052,91.77499,2024-05-24,0.0,109.0,10.486950762732516,330.8731099495716,1,-0.4867454055543553,0.8735438799349041
23.610949683394715,92.5618534090046,2024-05-28,60.9,418.0,22.484408950457876,59.42077312751099,0,0.8609265282143156,0.508729312126641
23.40483841413588,92.58753735733212,2024-05-28,76.9,445.0,35.951676843325366,156.29735404903377,0,0.401990062035198,-0.9156440301912844
22.608147398653205,92.77263030319774,2025-06-01,140.0,208.0,36.45308942381296,217.87498365109815,0,-0.6139406135149198,-0.7893522173763268
23.43947920215123,92.54326613566644,2024-05-28,60.4,397.0,23.490243272630188,26.56505117707799,0,0.4472135954999579,0.8944271909999159
25.89639592922104,91.78965561388831,2011-06-26,16.5,366.0,23.562803440429995,15.068488159492212,0,0.25997347344787264,0.9656157585206697
24.997972,94.020444,2007-08-28,16.9,803.0,15.931616884581484,90.0,1,1.0,6.123233995736766e-17
26.156633,91.938576,2024-08-08,43.7,109.0,9.901489173576048,111.7485348987322,1,0.9288190280335792,-0.37053368694729677
22.702165,92.836523,2025-05-31,19.1,815.0,27.32644895300425,288.2356396105761,1,-0.9497775865197595,0.3129257677863886
23.631219,93.118033,2024-08-15,35.1,670.0,7.956909002087609,22.26046791504011,1,0.37881770689639266,0.9254713096264836
26.24698,91.964383,2025-07-05,14.5,62.0,16.3949100701832,232.8046994386441,1,-0.7965795049737734,-0.6045337809053669
25.15069444,93.02583333,2016-05-22,0.7,672.0,16.56974691341318,115.76984075015042,1,0.9005477428310864,-0.4347571309154521
23.631684191132905,92.53878958606192,2024-05-28,54.7,775.0,25.277539722463967,120.96375653207352,0,0.8574929257125443,-0.5144957554275263
23.340857180510003,92.51061686067985,2025-05-31,88.1,327.0,21.2759986799005,73.07248693585296,0,0.9566738804288585,0.29116161578269595
23.281075,93.144075,2024-07-02,22.0,653.0,23.2786441044275,109.77062753766678,1,0.9410542980118816,-0.3382555368258808
23.7025,92.72138889,2024-07-02,33.9,875.0,34.93587914491308,106.12728201263378,1,0.9606469988362768,-0.27777210735935015
23.214589,92.572672,2025-06-01,135.8,818.0,19.19207549796834,106.1838690188846,1,0.9603721944197636,-0.27872073511916506
23.701738684497556,92.988575986629,2024-05-28,74.8,1033.0,27.90428943195433,156.5713071912546,0,0.3976074376343005,-0.9175556253099241
23.307135,92.707624,2025-05-31,49.8,458.0,34.73120128468471,47.43572295190116,1,0.736518964768103,0.6764168940357137
23.428444641113224,92.956941137029,2025-05-31,46.2,763.0,7.607600899610117,255.96375653207352,0,-0.9701425001453319,-0.24253562503633322
24.813306,93.243417,2018-08-02,0.2,122.0,22.896843610997603,49.39505525120861,1,0.7592151412951779,0.6508397415863164
25.43480556,91.85952778,2025-05-30,81.0,1805.0,32.60372644321188,143.99468817377465,1,0.5878602528071608,-0.8089624979994443
26.205355883592308,91.56511048367456,2014-06-27,10.7,48.0,0.9279360212320218,0.0,0,0.0,1.0
23.5925,92.71666667,2024-05-28,65.0,763.0,20.89271235494361,247.58939513448016,1,-0.9244754855286692,-0.3812414938808883
23.563589183603757,92.47993305085326,2024-05-28,54.7,507.0,34.0517195569459,44.02897806892084,0,0.6950220968474751,0.7189883760491118
23.313871,92.792739,2025-06-01,124.7,596.0,18.01989538806097,186.2145025132121,1,-0.1082509883609047,-0.9941235956956697
26.33604602114799,91.62223893366956,2025-06-04,9.0,59.0,1.3121849935516046,225.0,0,-0.7071067811865475,-0.7071067811865477
23.6699807058364,92.5388191606726,2023-08-06,97.8,399.0,29.183421610724324,73.14160123226172,0,0.9570244044334736,0.2900073952828708
26.11464,91.83886,2024-07-05,20.9,175.0,17.698138150743294,210.5236488258427,1,-0.5078939570462937,-0.8614196006568794
23.50878818698684,92.43893558158337,2024-05-28,37.9,379.0,17.282659845200183,218.65980825409008,0,-0.624695047554424,-0.7808688094430305
24.5606,93.13071389,2024-07-07,14.6,464.0,30.090455515960542,192.40171769748213,1,-0.21476460719429039,-0.9766658402425479
24.70553333,93.33064167,2024-09-28,0.3,371.0,24.88986568207209,126.3317424632174,1,0.8056001770697396,-0.5924595806510383
23.712617103499564,92.51189530350608,2024-08-28,15.7,215.0,30.5226686245336,254.05460409907715,0,-0.961523947640823,-0.2747211278973783
23.840628229480878,93.08452562540045,2024-07-02,19.2,1301.0,51.36133623583029,85.54439716667369,0,0.9969778305636354,0.07768658419976375
26.17672222,91.78672222,2014-06-27,9.1,85.0,27.481482454891456,216.07595775899293,1,-0.588857259793745,-0.8082370491311331
23.53111111,92.73361111,2024-05-28,65.0,1043.0,36.58546539372178,196.56581000720743,1,-0.2851164587133986,-0.9584928820657621
25.20738889,93.12277778,2014-08-20,2.7,683.0,15.804640153558848,304.8370894973005,1,-0.8207795949032534,0.571245005746616
23.60111111,92.75888889,2024-05-26,68.8,569.0,37.00314086989941,294.0573862741248,1,-0.9131376204393054,0.40765142724936365
23.34164712156162,93.2198475670184,2024-05-28,61.1,590.0,21.916107296055188,220.10090754621223,0,-0.6441357457827794,-0.7649111981170511
23.76462217690805,92.54361938338523,2024-05-28,66.5,519.0,27.409248698093343,308.6598082540901,0,-0.7808688094430306,0.624695047554424
24.003417,91.45425,2018-05-18,15.9,66.0,17.66183079940329,117.19662245225238,1,0.8894433173619244,-0.45704549576624753
23.084343,92.898597,2025-05-31,41.1,767.0,28.69673349323937,42.39964970826789,1,0.6742978728441633,0.7384594631243049
25.99590095437176,91.62086834030026,2019-07-10,161.0,307.0,11.036260392791435,94.76364169072616,0,0.9965457582448797,-0.08304547985373971
23.40297590137792,93.27231156009567,2025-06-01,69.7,867.0,17.886034144658236,162.47443162627712,0,0.3011313679370975,-0.9535826651341416
22.94853437787894,92.54892850729402,2025-06-01,89.8,257.0,20.44957527203876,87.51044707800085,0,0.9990561583550596,0.04343722427630684
23.330468252490014,92.44693973985387,2025-05-31,79.4,533.0,26.661483651231418,270.0,0,-1.0,-1.8369701987210297e-16
23.50882222,93.09170278,2024-07-02,29.2,685.0,26.4659816013816,286.99662237787743,1,-0.956321989796651,0.29231532944984995
23.297521,92.689449,2025-06-01,136.9,311.0,27.578737894212303,338.23725269255385,1,-0.37076407219518487,0.9287270873454934
23.64638889,92.72527778,2024-05-28,66.7,836.0,20.421279776884475,182.71741122095128,1,-0.04740999431406722,-0.9988755139851713
25.69483,91.11836,2007-09-15,6.8,1095.0,15.404849367237444,245.74566955685933,1,-0.9117309986404463,-0.41078776286312924
23.043600990267368,92.50494835991675,2025-05-31,51.1,203.0,18.15759410950945,32.905242922987895,0,0.5432512781572743,0.8395701571521512
25.23211111,91.37252778,2019-06-27,157.6,418.0,15.64570473068334,191.03883859497347,1,-0.19147435862433687,-0.9814976158857437
26.395483678517625,91.94835823070912,2016-07-14,7.4,58.0,1.3121849935516046,225.0,0,-0.7071067811865475,-0.7071067811865477
22.7298934557576,92.7087105249268,2025-05-31,22.2,347.0,27.94856390450056,121.26373169437744,0,0.854787515221729,-0.5189781342417641
25.177416,93.00975,2022-05-16,71.4,691.0,23.095389930520128,170.35213705196327,1,0.1675923560296502,-0.9858563801083964
23.56416667,92.70805556,2024-05-28,65.0,847.0,28.458786763572483,298.5098375246656,1,-0.878735172887614,0.4773096436593074
23.74361111,92.85416667,2024-09-25,49.3,823.0,29.552490976469446,27.861594788157305,1,0.46733732338379563,0.884079083664165
25.48716667,91.81936111,2025-05-30,81.0,1724.0,7.378349625763024,255.5380573694802,1,-0.9683137358033533,-0.24973687964446448
23.04388485691948,93.0061911370122,2025-05-31,25.4,895.0,38.45472175435729,348.23171106797935,0,-0.20395425411200163,0.9789804197376049
23.841986391088508,92.54117541792972,2024-05-28,66.5,387.0,22.972810499742813,96.58194465517802,0,0.9934089358711311,-0.11462410798513058
24.434429028216325,94.22536661918072,2018-05-18,0.0,980.0,24.24308376604866,322.30575953331083,0,-0.6114475010757655,0.791285001392167
26.19038889,91.80994444,2016-07-14,5.4,94.0,21.292866168991623,185.30571789658347,1,-0.09246995644955476,-0.9957154749998703
23.532065642817383,92.51073582871312,2024-07-02,32.8,293.0,49.90625262738547,174.52263127117112,0,0.09545257331431306,-0.9954339788492633
26.88969,92.12266,2021-04-28,0.8,261.0,46.77437541692691,22.017298212355,1,0.3748865031214178,0.927070714550619
24.62352085111144,92.80204711080933,2024-05-28,104.4,39.0,2.932085702984153,71.56505117707799,0,0.9486832980505138,0.31622776601683794
23.06696669798183,92.5579957865884,2025-06-01,175.5,201.0,17.370473920145663,248.74949449286677,0,-0.932004671541296,-0.3624462611549483
23.57694444,92.71305556,2024-05-28,65.0,906.0,13.701303265728969,149.56558611399709,1,0.5065517292425862,-0.8622095717407373
25.824067193266256,91.40616611668575,2007-09-15,8.6,433.0,12.423944140327988,197.1027289690524,0,-0.2940858488375238,-0.9557790087219499
24.33300556,93.65357222,2024-09-28,1.7,1160.0,4.460253007329031,114.4932048845286,1,0.9100104459087365,-0.41458532093766
23.561391765413184,92.49828151284709,2024-05-28,54.7,666.0,34.68068568299641,302.5740571345725,0,-0.8426962598121401,0.5383892771022005
22.93272024895599,92.5672245845722,2025-05-31,40.6,165.0,17.970147878806134,177.13759477388825,0,0.04993761694389209,-0.9987523388778446
24.478972,92.682861,2016-05-17,129.3,65.0,15.491794668541605,352.6344269136552,1,-0.12819971485920187,0.9917483718716251
22.89594730644236,93.19136057748251,2024-07-02,11.2,1037.0,16.559138713288235,60.64224645720873,0,0.8715755371245493,0.4902612396325591
23.184091,92.738895,2025-06-01,124.1,781.0,26.602852074261182,200.5621011722946,1,-0.3512224061697867,-0.9362920598853252
23.139887,92.751646,2025-05-30,176.7,860.0,13.235235322262588,26.652932974713067,1,0.44858496522514024,0.8937401909805555
24.27442362633313,93.1944250572468,2024-06-07,9.1,866.0,23.32943478978401,304.286876977209,0,-0.8262273428075474,0.5633368246415102
25.14041667,93.02038889,2016-05-22,0.7,732.0,28.00372150945085,34.81924460906291,1,0.5709893445536465,0.8209574705221929
25.650987872132166,92.08790073744662,2024-07-06,0.8,888.0,13.148283597230236,146.30993247402023,0,0.554700196225229,-0.8320502943378437
23.41279503005468,92.44072228023364,2024-05-28,42.0,482.0,31.16280184262426,352.3039482779834,0,-0.13391789600139514,0.9909924304103234
23.76527778,92.85,2024-07-02,18.2,774.0,34.679876281120414,318.40196694552606,1,-0.6639005405951305,0.7478208824294046
23.981935809422364,92.97824270309962,2024-05-28,86.4,481.0,24.51822184981786,286.504361381755,0,-0.9587981127083873,0.28408832969137376
24.35959239389916,93.21450995316285,2024-06-12,14.3,307.0,30.17858099548764,167.12499844038751,0,0.22282480150214132,-0.9748585065718672
23.217324,92.99812,2025-06-01,118.4,1082.0,18.979752380565102,256.4042814008703,1,-0.9719785687515885,-0.23506948310576928
25.447862317984654,92.3759466809556,2009-07-01,39.9,1239.0,20.919948819847768,323.6156481841641,0,-0.5931990380498504,0.8050558373533678
23.56238611,93.12376667,2024-09-12,6.2,762.0,20.94191909049845,201.63882630112687,1,-0.36875452816615206,-0.9295268140064377
23.634158642264413,92.55261485741798,2024-05-28,60.9,680.0,21.309480093681582,311.6335393365702,0,-0.7474093186836599,0.6643638388299196
23.52937918849425,92.5028256549349,2023-06-02,6.0,513.0,33.58714879015505,180.0,0,1.2246467991473532e-16,-1.0
23.534619157040645,92.4823256961721,2024-05-28,54.3,487.0,16.925694978512283,25.201123645475075,0,0.42579703632987964,0.904818702200994
23.03016667,92.67336111,2023-09-12,37.3,307.0,36.15278954122611,149.6683481808442,1,0.5050045110787075,-0.8631167034591299
24.15364444,93.02183611,2024-06-07,6.1,306.0,29.33054480746272,149.69345904460243,1,0.5046261868060706,-0.8633379474977135
23.67472222,92.71722222,2024-05-28,66.7,1099.0,18.82565942789109,241.68735162760228,1,-0.8803726743608116,-0.47428256792632845
23.68027778,92.72472222,2024-05-28,66.7,905.0,32.47922845088707,35.6248494554118,1,0.5824755611121558,0.8128482150482212
23.30859800331404,92.53926405925708,2024-05-28,70.6,776.0,32.279833980725925,0.0,0,0.0,1.0
24.034549054070148,92.83114971421202,2024-09-25,42.8,244.0,33.89832413789678,254.62374875117385,0,-0.9642053928037905,-0.2651564830210421
25.40586111,93.11097222,2017-05-20,8.7,252.0,19.86479622695564,333.5185193270988,1,-0.4459085262291825,0.8950785363509274
23.6978114121737,92.9995140105633,2024-05-28,74.8,937.0,32.21165894240489,342.030860259843,0,-0.30850469803743624,0.9512228189487626
22.951633745693016,92.59877008805816,2025-05-31,44.9,83.0,5.550672705250968,90.0,0,1.0,6.123233995736766e-17
23.85194444,92.83305556,2024-09-25,46.1,165.0,15.087856288666517,280.3658712138687,1,-0.9836788242939916,0.17993323938502997
23.82075637905387,93.05298022729792,2024-05-28,83.2,900.0,25.04158696046686,123.6900675259798,0,0.8320502943378435,-0.5547001962252293
24.40520278,93.06672222,2024-07-09,13.1,349.0,31.588625753486188,119.97387868043292,1,0.8662532652916097,-0.49960512444492006
24.89512575390944,92.50795863154384,2016-05-18,68.7,19.0,0.9279360212320218,270.0,0,-1.0,-1.8369701987210297e-16
25.14872222,93.03191667,2016-05-17,116.3,451.0,29.97321754452676,38.276435864478,1,0.619456223036687,0.7850312017627848
25.24207448754032,92.88382894664026,2016-05-22,0.4,845.0,4.721262686570613,281.30993247402023,0,-0.9805806756909201,0.1961161351381844
23.367366,92.767304,2025-06-01,124.7,1144.0,51.59363657187181,296.65759765850214,1,-0.893703666881589,0.4486577267833485
24.17924426766377,93.70720450516492,2024-07-02,20.3,1318.0,9.200273103792917,270.0,0,-1.0,-1.8369701987210297e-16
26.348612684522827,92.02879735487146,2017-07-04,19.0,52.0,2.6229949491577687,45.0,0,0.7071067811865476,0.7071067811865476
25.5208,91.25985,2007-07-25,176.3,1358.0,20.856325744899504,70.15185851403682,1,0.9405958199707269,0.3395283544177066
27.339267,93.802581,2016-07-16,84.3,789.0,26.337683060221995,156.14230486582414,1,0.40446642858743276,-0.9145528460104025
23.201335,92.734857,2025-06-02,2.4,774.0,24.4001702437956,141.64665056924426,1,0.6205094865200209,-0.7841989397714461
23.71444444,92.72861111,2024-05-28,71.2,855.0,15.591557405625078,117.61756788557422,1,0.8860614829285784,-0.4635677388153845
23.33471830150845,93.23709555275664,2024-09-24,3.9,833.0,11.924651814200722,85.60129464500447,0,0.9970544855015816,0.07669649888473697
26.40908,94.96308,2013-08-17,18.6,695.0,28.4831222622431,273.4170407315704,1,-0.9982221450573079,0.05960326431653624
27.531657608937603,88.27774357794979,2025-09-11,7.9,4449.0,35.20821759717783,238.13402230639636,0,-0.849285325289044,-0.5279341211256218
23.421842311794936,92.58091802417252,2025-05-30,158.6,520.0,25.316533246751884,51.95295746817391,0,0.7875050010075858,0.6163082616581107
25.047854002179527,93.05307700414372,2022-05-14,70.7,543.0,39.186066051934496,40.971736333514855,0,0.655686655446243,0.7550331183926436
26.154839572990912,91.27562843817402,2009-08-20,35.4,48.0,1.3121849935516046,45.0,0,0.7071067811865476,0.7071067811865476
23.76223999649545,91.3066571077268,2018-05-18,56.1,47.0,9.895474196375124,291.8014094863518,0,-0.9284766908852594,0.37139067635410355
24.396768271237985,93.76222131519144,2024-08-13,0.6,1050.0,42.51938136737401,215.65532809790028,0,-0.5829078754517305,-0.8125382506296857
24.73117,92.64739,2020-06-02,47.5,39.0,11.538080943005752,217.62096844299683,1,-0.6104350759843571,-0.7920662964726957
23.58027778,92.715,2024-05-28,65.0,918.0,11.025137220804485,5.195365632122517,1,0.09055202781350914,0.9958917261725099
24.24449722,93.55275833,2024-07-02,27.0,1018.0,20.92309909439171,13.410081566171344,1,0.2319190661673591,0.9727350855952818
25.57188889,91.90127778,2010-06-28,58.9,1515.0,9.822757146803747,55.92033934538667,1,0.8282593028643113,0.5603450073113216
23.114225,92.746024,2025-05-31,50.3,802.0,30.65161673618484,197.25752095971808,1,-0.29666693360047136,-0.9549810105484263
23.554892942594847,92.50333594139684,2024-05-28,54.7,541.0,40.884115101163566,197.41797079220285,0,-0.2993400745373252,-0.9541464875877229
23.63111111,92.72388889,2024-05-28,66.7,867.0,23.327527437708348,70.27766957267093,1,0.9413390939813348,0.33746216105276133
23.818629450093468,92.5536350265019,2024-07-02,40.4,442.0,28.82046524388704,47.38594403038881,0,0.7359310117618297,0.6770565308208832
25.879790184795684,94.6527843117386,2009-06-21,25.6,1866.0,26.225371458157145,332.5924245621816,0,-0.4603171644550004,0.8877545314489294
23.827211671202097,92.5336280865352,2024-05-28,66.5,236.0,14.36451703319288,341.565051177078,0,-0.3162277660168381,0.9486832980505138
22.922528,92.752404,2025-06-01,128.0,1126.0,16.079386208869764,282.96680790220387,1,-0.9745002179862968,0.22438655294972568
23.193401,92.900218,2025-05-29,45.1,830.0,21.572039109250447,78.20033920575453,1,0.9788685994137658,0.2044902566914434
23.110975,93.21260278,2024-05-28,58.5,1020.0,30.342673162148785,106.03574800435636,1,0.961089533088156,-0.27623705288825795
23.74629644324959,92.43797074664492,2024-07-02,31.9,275.0,7.8789400986195055,290.55604521958344,0,-0.9363291775690445,0.3511234415883915
23.66083333,92.67277778,2024-05-28,65.6,1025.0,11.503192797238803,37.3886750734336,1,0.6072188060455861,0.7945346572583055
22.977371877700985,92.44866641968336,2023-09-12,49.9,108.0,24.855659070831365,36.46923439005187,0,0.5943910610838057,0.8041761414663254
23.459837284665905,92.55028219738116,2024-05-28,74.4,398.0,24.408731306426937,182.0454084888872,0,-0.03569153051241219,-0.9993628543475496
27.56941667,88.65272222,2012-06-22,25.0,1482.0,17.47890050384906,135.96298844935217,1,0.6951228998836064,-0.7188909194428634
25.52164,94.13426,2024-06-01,15.7,1729.0,21.729660741393392,35.76457832622183,1,0.5844561434383237,0.8114252993327246
23.299628,92.855609,2025-05-31,50.1,950.0,25.88004842495293,78.46438189762934,1,0.979800577575199,0.1999770691437055
23.57166667,92.71083333,2023-06-09,119.3,871.0,31.57889549748841,193.27338354179705,1,-0.22959762716692786,-0.9732856361825732
23.60633828720162,92.56812118599774,2018-06-22,4.4,373.0,12.71296273832878,248.96248897457815,0,-0.9333456062030592,-0.35897907930886996
24.60853333,93.41668333,2024-08-18,46.8,944.0,26.52483815879108,238.7792732612079,1,-0.8551768080116218,-0.518336403351196
25.15859,93.01292,2022-05-14,66.9,586.0,14.726699616701769,287.9140663727824,1,-0.9515189177641513,0.3075902292611686
23.200475,92.735007,2025-06-01,130.1,749.0,15.217157898774758,26.918060457024403,1,0.45271579428857284,0.8916548713497092
24.60372222,93.37223056,2024-07-02,28.5,815.0,30.449843849919848,133.4435179245273,1,0.7260525971353073,-0.6876391686001279
23.69944444,92.71972222,2024-05-28,66.7,1070.0,12.503311586040557,18.573943423988567,1,0.3185282568055166,0.9479133660923021
27.3699335,88.4859279,2021-08-23,14.9,807.0,33.9983282611063,267.2517364435074,1,-0.9988498400828922,-0.04794785674439121
25.522800724888416,93.15427773935158,2017-05-20,11.0,239.0,9.245369559420672,5.710593137499642,0,0.09950371902099892,0.9950371902099892
23.76972222,92.76,2024-07-02,33.9,1166.0,43.121613889143205,228.9958420880409,1,-0.754661968521438,-0.6561137959739516
23.81971079319032,93.07391949950384,2024-05-28,83.2,1243.0,17.886034144658236,342.4744316262771,0,-0.3011313679370976,0.9535826651341416
23.75048355284577,93.31842836584302,2024-09-12,17.6,1217.0,28.29854340732082,316.2188752351313,0,-0.6919053632356148,0.7219882051154243
22.90068832137913,93.37032475967472,2024-05-28,65.6,1097.0,17.970147878806134,272.8624052261117,0,-0.9987523388778446,0.04993761694389178
25.665122099093782,91.39603349505778,2014-07-18,7.4,1536.0,8.493137013964589,347.4711922908485,0,-0.21693045781865639,0.9761870601839527
25.7746019,93.9148756,2024-09-03,54.2,669.0,25.40728951164917,17.60318957549289,1,0.30242295306627365,0.9531738338092766
23.204981,92.534603,2025-06-01,135.8,776.0,6.302461175818009,28.54662403775376,1,0.47787373344556405,0.8784285371518835
23.71638889,92.72111111,2024-05-28,71.2,983.0,29.58061685939544,165.5869991737772,1,0.24890965927623626,-0.9685267066627476
23.73361111,92.84833333,2024-06-07,17.1,727.0,23.424155606044547,214.8052980316048,1,-0.5707894953478134,-0.8210964328266129
24.94474813161003,92.41501084739326,2018-05-07,16.0,19.0,3.342217432740406,146.30993247402023,0,0.554700196225229,-0.8320502943378437
22.5967770434888,93.01790417758876,2025-05-30,193.4,1032.0,18.03290603130827,174.28940686250036,0,0.09950371902099886,-0.9950371902099892
23.72428333,92.70737778,2024-05-28,71.2,978.0,26.91431603362032,333.1084604360351,1,-0.4523030193582989,0.8918643275069176
23.286141,92.868152,2025-05-31,50.1,985.0,35.3278023335693,276.54989054631386,1,-0.9934729068344689,0.11406832770699639
24.599425,93.30004722,2024-08-24,15.6,520.0,23.933067426288662,341.3038757339616,1,-0.3205489164584297,0.9472319632261819
24.72074444,93.30899167,2024-07-02,22.7,372.0,8.340773865987591,6.973832667617288,1,0.1214160288226443,0.992601706599852
25.450591989570288,93.0204039204638,2022-05-15,79.8,243.0,17.30466568558618,117.89727103094764,0,0.8837879163470618,-0.46788772041903265
23.199961,92.488796,2025-06-01,121.3,725.0,13.951320720259972,112.9874548040804,1,0.9205903839107864,-0.3905295700084577
23.272548,92.874296,2025-05-31,50.1,1024.0,34.42690302226077,330.7949947068481,1,-0.48793591474197456,0.87287945508238
23.73638889,92.79805556,2024-05-28,71.2,346.0,21.60394523321905,302.0601975200633,1,-0.8474908712114387,0.5308099690221317
23.73027778,92.76861111,2024-08-28,1.1,728.0,32.89414421898478,0.0,1,0.0,1.0
23.04766391029256,92.5721947535028,2025-06-02,1.6,93.0,4.629981483311581,306.869897645844,0,-0.8000000000000002,0.5999999999999998
24.28569798508343,92.6920897406508,2025-06-01,46.2,369.0,38.6450815492411,96.9810574068298,0,0.9925863886954069,-0.12154119045249892
28.49535775851041,95.99308657176068,2024-04-24,13.3,3607.0,24.531855912784607,27.47443162627713,0,0.46135273664198945,0.8872168012345951
25.880776988605884,91.80390307911466,2025-05-30,115.1,630.0,12.776185407118922,270.0,0,-1.0,-1.8369701987210297e-16
23.557339646278887,92.44285166865046,2024-05-28,56.6,644.0,12.29302516926036,311.98721249581666,0,-0.7432941462471663,0.6689647316224496
22.60356589491487,93.12924023214724,2025-05-31,8.3,554.0,21.85166221171883,226.63657704161676,0,-0.727013152549818,-0.6866235329637159
25.89025586600296,91.73235420007116,2025-05-29,65.1,499.0,13.449413880326745,331.6992442339936,0,-0.47409982303501713,0.8804710999221754
26.27261202992416,91.56107438630004,2016-07-14,2.0,50.0,0.0,180.0,0,1.2246467991473532e-16,-1.0
24.0711570325923,93.7888832982174,2024-07-02,22.1,941.0,19.575184147076893,300.06858282186244,0,-0.8654262854811262,0.5010362705417046
23.069407352185447,92.5661489055782,2025-06-01,175.5,88.0,0.9279360212320218,90.0,0,1.0,6.123233995736766e-17
24.98455136243039,93.6765838501746,2010-06-08,59.2,1129.0,26.85164374315548,277.3523793598924,0,-0.9917778666340251,0.12797133763019733
25.72175900547239,92.0874548492203,2007-09-08,93.9,1022.0,2.07420285773972,296.565051177078,0,-0.894427190999916,0.4472135954999578
25.92978991350203,91.76480192381388,2025-05-30,115.1,283.0,19.23352658896059,68.19859051364818,0,0.9284766908852593,0.3713906763541038
23.39899373680433,92.52698552803288,2025-05-31,57.9,577.0,27.317619002877883,221.18592516570965,0,-0.658504607868518,-0.7525766947068779
25.02627648417988,93.15587894173908,2010-04-02,19.3,271.0,11.924651814200722,85.60129464500447,0,0.9970544855015816,0.07669649888473697
23.612326995000515,92.58917660112604,2024-05-28,60.9,732.0,31.235441368322917,55.885527054658745,0,0.8279186904883321,0.5608481451695151
25.302818814455915,93.81289826408548,2018-06-14,36.7,1428.0,14.770857145745182,137.48955292199918,0,0.6757246285173462,-0.7371541402007415
25.549541667537547,93.81002934854284,2022-11-12,0.0,1174.0,19.098480621106376,10.784297867562602,0,0.18711210788999522,0.9823385664224747
23.475493366508086,93.37319950768602,2025-06-14,0.4,1426.0,11.472211019708872,208.6104596659652,0,-0.4788521306805731,-0.8778955729143845
24.412287946620395,92.47368695605822,2016-05-18,47.4,62.0,9.769174897063328,311.18592516570965,0,-0.7525766947068776,0.6585046078685183
23.022804,92.755698,2025-05-31,48.3,852.0,20.53455079886937,155.03040663254433,1,0.4221372284670518,-0.9065319411593593
25.16344444,93.02316667,2016-05-22,0.7,557.0,20.11945486984009,77.25012360674029,1,0.9753427966266617,0.22069533087150345
25.6032619,94.1122188,2024-06-01,11.0,1620.0,30.995763435647785,53.69131392353289,1,0.8058385234147291,0.5921353512337945
24.10687222,93.08849722,2024-09-24,16.6,216.0,30.844129596529893,223.02234868444884,1,-0.6822835786289453,-0.7310876269868611
23.62545187739054,92.52171366530584,2024-05-28,54.7,228.0,29.62868608986357,70.01689347810003,0,0.9397934234884371,0.3417430630867044
23.73583333,92.85194444,2024-05-28,71.0,711.0,23.478979288948945,158.5319746737248,1,0.3659819377508868,-0.9306219539856697
22.29122567008813,92.94802115877177,2025-06-01,87.8,765.0,15.008452298581508,244.9831065219,0,-0.9061831399952656,-0.4228854653311235
24.712587771165985,93.47784228028512,2024-08-24,32.7,440.0,59.570551013848416,111.19405648154228,0,0.9323613089501445,-0.3615278544908721
25.14677778,93.03097222,2016-05-17,116.3,483.0,23.56965703813817,100.67986140883322,1,0.9826779948243376,-0.1853212305377315
26.11956,92.052125,2025-06-05,1.3,72.0,2.1198563330787907,209.1120754851215,1,-0.48651952321080194,-0.8736697050571995
26.39094,94.94406,2013-08-16,46.9,547.0,23.50546509285206,303.89464842985296,1,-0.8300643762730253,0.5576675813085009
23.319412,92.855415,2025-05-31,45.3,950.0,24.2890610282604,304.97919496572035,1,-0.8193602652619283,0.5732789510438199
23.322039,92.859147,2025-05-31,45.3,1006.0,25.659103176275405,72.36604563362411,1,0.9530113113458676,0.3029347131756771
24.15817222,93.02488611,2024-09-28,0.0,570.0,21.70542023695197,192.8618950319037,1,-0.222601794780595,-0.974909452698279
25.308231215457983,92.35973911916088,2007-07-31,35.9,1048.0,4.721262686570613,11.309932474020211,0,0.196116135138184,0.9805806756909202
24.44393490989743,93.4899978731223,2024-09-28,1.7,1408.0,14.114104628064394,345.06858282186244,0,-0.2576626505603324,0.9662349396012463
25.63696061491957,92.05849610533784,2025-05-30,82.9,1024.0,11.71824894100145,141.34019174590992,0,0.6246950475544242,-0.7808688094430304
27.2525,88.4606,2024-08-21,0.2,550.0,36.3312893330964,285.29832324989235,1,-0.9645651402394604,0.2638448222626893
23.55944444,92.70833333,2023-07-06,0.1,763.0,16.720001757535172,130.23571757991095,1,0.7633935087881767,-0.6459337046013902
27.479260369235813,88.38443878461239,2021-05-18,2.2,3194.0,26.57758948670846,240.94539590092285,0,-0.8741572761215377,-0.48564293117863216
23.72669444,92.69519444,2024-05-28,70.9,897.0,32.32712913432364,4.803012560447243,1,0.08373023791304507,0.9964884581664882
23.64333333,92.73444444,2024-05-28,66.7,724.0,12.116146325255537,138.8691072192827,1,0.6577814570861565,-0.7532088387118229
23.190022,92.554302,2025-06-01,114.6,631.0,17.2024728386766,340.0677033740224,1,-0.3409095200343397,0.9400961116555882
27.746068446677032,91.66788269142454,2016-04-23,4.4,3973.0,34.53311837735696,26.56505117707799,0,0.4472135954999579,0.8944271909999159
22.437107,92.946912,2025-05-31,12.3,344.0,24.118337487782867,334.5438509621312,1,-0.42982018285616924,0.9029145089151516
24.44347778,93.15817778,2024-07-07,11.9,65.0,3.440758131698669,143.78456843420213,1,0.5908229861339268,-0.8068012140891893
25.376176065020648,94.13872536994076,2024-06-01,19.5,1259.0,16.2537900442643,270.0,0,-1.0,-1.8369701987210297e-16
23.72222222,92.80138889,2024-05-28,71.0,203.0,28.71208159148693,268.3084056718444,1,-0.9995642015979582,-0.02951960168830586
23.729346714536955,92.5295940023405,2024-05-28,60.7,326.0,29.183421610724324,119.5387822595581,0,0.8700221858486122,-0.4930125719808804
23.750615841414515,93.01501872622276,2025-06-01,116.8,549.0,22.80662735466274,254.35775354279127,0,-0.9629640197141817,-0.269629925519971
24.27388115217337,92.66709379413844,2025-06-14,47.5,166.0,5.848894052728543,161.565051177078,0,0.31622776601683755,-0.9486832980505139
25.93047371951233,94.0092800851774,2022-09-12,29.9,542.0,20.868399469699217,102.26477372789242,0,0.9771763639228008,-0.212429644331044
23.432316978238084,93.35413224184042,2024-09-13,24.6,1084.0,24.312311376863388,14.534455080540122,0,0.25096215878372613,0.9679968981658008
23.73,92.75833333,2024-05-28,71.2,910.0,35.215607712043266,203.60256739749883,1,-0.4003900939469353,-0.9163447891864527
24.90139,93.45389,2008-06-19,4.0,971.0,25.62906653286527,219.1761580523155,1,-0.6317067776760635,-0.7752074219446847
25.64787358986244,92.17455852110936,2020-05-25,39.1,1049.0,12.68121731505888,149.74356283647072,0,0.5038710255240864,-0.8637789008984333
26.4527822,94.375268,2025-07-08,7.9,258.0,13.481936249599656,101.67351968996788,1,0.9793164279573132,-0.20233470768241532
25.16023,93.01084,2022-05-14,66.9,591.0,21.41394512450336,294.3496617492387,1,-0.9110462497110136,0.41230417277478226
25.65748767840164,91.38720470552543,2024-08-06,7.2,1590.0,8.493137013964589,192.52880770915152,0,-0.21693045781865644,-0.9761870601839527
24.30711944,93.59375833,2024-08-13,0.0,905.0,24.21411006287148,339.2019973921118,1,-0.3550743731701391,0.9348380552362172
26.19244444,91.76422222,2016-07-20,14.6,101.0,15.151353433007086,86.57658287738205,1,0.9982155056869426,0.05971435510964964
24.81722,93.51722,2007-06-16,39.8,444.0,35.7052293713189,136.04932278639933,1,0.6940388730617253,-0.719937526928004
27.32888889,88.60777778,2021-05-18,1.3,1445.0,30.09160702331836,289.5628905930949,1,-0.9422745208999236,0.3348413464057559
23.173606,92.739793,2025-05-31,50.3,787.0,18.413428035962653,57.70587533148485,1,0.845316623340381,0.5342656701533576
24.1788676060576,93.66154744576212,2024-07-02,20.3,990.0,15.394799155421085,151.92751306414704,0,0.47058823529411786,-0.8823529411764705
26.217206492493453,94.83937627225616,2013-08-17,9.9,1894.0,19.72452770068585,251.565051177078,0,-0.9486832980505138,-0.31622776601683805
23.07828417710974,92.51776398403074,2025-06-01,114.7,437.0,15.794492433669824,66.37062226934319,0,0.9161573349021891,0.40081883401970775
25.47924190157676,94.41605184178552,2024-06-01,19.6,820.0,23.778520446085015,252.8972710309476,0,-0.9557790087219498,-0.2940858488375241
23.193237,92.734819,2025-06-02,2.1,793.0,27.213649022990825,97.22562041497048,1,0.9920585580448507,-0.12577685562126192
23.56095942775727,92.45329693273813,2024-05-28,54.7,616.0,15.571183877747195,54.46232220802562,0,0.813733471206735,0.5812381937190964
26.08945,94.264217,2024-07-23,0.9,1473.0,15.519868565308132,256.5315948824907,1,-0.9724985024322192,-0.23290912984915585
26.382851120927597,91.96336668699816,2017-06-16,61.8,54.0,2.07420285773972,206.565051177078,0,-0.44721359549995826,-0.8944271909999157
24.311888845921292,93.45612962505828,2024-08-13,0.0,1032.0,37.86944124749796,268.806510576018,0,-0.9997830567281121,-0.020828813681835086
26.361366417454843,91.669521090208,2022-06-17,45.8,49.0,1.8553855108258317,90.0,0,1.0,6.123233995736766e-17
23.52972222,92.69611111,2023-08-03,9.7,803.0,31.694126557273087,271.5005657674845,1,-0.9996570664424035,0.026186819428255723
23.83773737402932,92.59442331508669,2024-05-28,70.9,483.0,13.771943767699913,352.4053566314085,0,-0.13216372009101876,0.9912279006826346
24.27138889,92.96,2023-07-24,36.6,776.0,22.112277867712784,253.8248126868272,1,-0.9604144163727496,-0.2785752121481573
24.22920810093006,93.83304020419811,2024-08-13,0.0,1092.0,24.88235154311221,282.0947570770121,0,-0.9778024140774094,0.20952908873087386
23.584032123257643,92.54562116702704,2024-05-28,54.7,366.0,30.794735986199903,312.7974018382342,0,-0.7337606740181697,0.6794080314983046
27.847378776621383,91.89782809196755,2016-04-23,3.1,4887.0,21.2759986799005,16.927513064147043,0,0.291161615782696,0.9566738804288584
25.45966375072112,91.14227714173632,2024-07-02,1.3,1004.0,25.789908497682188,346.4295656148385,0,-0.23464053310389668,0.9720822085732869
23.688932662054995,92.55698134932848,2024-05-28,65.6,607.0,12.423944140327988,107.10272896905238,0,0.95577900872195,-0.2940858488375232
23.73888889,92.69638889,2024-05-28,70.9,1044.0,26.72854136776827,216.60692651791288,1,-0.5963219236493373,-0.8027453913758421
23.332393143201777,92.42524374193692,2025-06-01,128.3,632.0,24.40873130642694,55.175510843043206,0,0.8209052017854871,0.5710644881985998
25.68176111,94.06811944,2019-10-26,91.7,1161.0,25.520866076128705,169.16946408237,1,0.18790480020146957,-0.9821872459267865
26.195306,91.765639,2018-08-24,24.4,85.0,7.180918242081233,59.112290009260576,1,0.8581750411598743,0.5133571843563194
25.743891411468447,92.0822913305811,2024-06-30,109.5,887.0,2.932085702984153,18.434948822922014,0,0.316227766016838,0.9486832980505138
27.372611,88.541022,2025-07-19,55.2,1848.0,35.719425708452114,99.0562485285767,1,0.9875342895041369,-0.15740402489631394
23.833301251856057,92.97704307904635,2024-05-28,77.8,1173.0,18.03290603130827,174.28940686250036,0,0.09950371902099886,-0.9950371902099892
24.297775,93.34159722,2024-09-24,8.7,562.0,24.99179453148146,223.2421692655032,1,-0.6850834359374118,-0.7284646084774401
23.300837,92.855693,2025-05-31,45.3,937.0,37.124751704087394,156.71021903380716,1,0.39538168604600105,-0.9185169145635923
24.75714588460293,94.2358873440518,2007-08-28,17.9,1062.0,15.190206068732346,162.6459753637387,0,0.2982749931359463,-0.9544799780350299
24.84833,93.45917,2007-09-12,0.7,988.0,32.90405719147133,1.5781302705321991,1,0.027540086731708845,0.9996206998771133
23.977882100247967,93.0191663021837,2024-09-24,11.0,966.0,26.37203811934741,218.36748538486157,0,-0.6207029443655616,-0.7840458244617611
23.940181898082336,92.94546241229506,2024-05-28,81.6,1191.0,38.8048086466392,214.3302171955033,0,-0.5639616461575324,-0.8258009818735299
27.179,88.53313889,2015-07-08,2.2,370.0,43.42164171409346,55.67849478739343,1,0.8258867242663731,0.5638360742986918
25.703771600413244,92.0866922211907,2025-05-30,87.0,1084.0,23.032809237825163,310.3645365730973,0,-0.7619393177594598,0.64764842009554
25.255323003791133,93.39867847793658,2018-06-14,83.6,791.0,32.005425092310496,121.21840276434638,0,0.855197831554018,-0.5183017160933442
23.04722937225292,92.99898293032798,2025-05-31,25.4,723.0,22.04420029646475,126.86989764584402,0,0.8000000000000002,-0.5999999999999999
22.902089,92.879909,2025-05-31,34.1,431.0,13.884543649585757,301.55467424469464,1,-0.8521411842802202,0.5233119548161534
23.381533,92.854115,2024-05-28,109.9,863.0,23.61060608868113,233.70993619732005,1,-0.8060309366747569,-0.591873406332143
23.307093,92.856289,2025-06-01,128.0,981.0,18.778945505164906,357.0318629505403,1,-0.05178059691655828,0.9986584850603157
23.18675,92.735178,2025-06-02,2.1,850.0,27.369937305047,117.93803283411116,1,0.8834548244469055,-0.4685163531420088
23.206253,92.533605,2025-06-01,135.8,791.0,15.200621284158178,283.7712349758148,1,-0.9712539119002735,0.23804587502919605
23.56555556,92.7075,2024-07-19,5.9,834.0,39.97175276182281,255.4773144619681,1,-0.9680484297036012,-0.25076331021182496
23.0983,93.17597222,2024-07-02,22.5,979.0,19.16363784470442,310.6464505969677,1,-0.7587434648962766,0.6513895566227574
23.73794444,92.78613889,2024-07-02,33.9,546.0,44.73413955320186,231.67118081184844,1,-0.7844645287902633,-0.620173687824524
23.50539054164415,92.48748345809098,2024-05-28,54.3,782.0,32.415343349030124,185.8560135854289,0,-0.10202886549856882,-0.9947814386110524
25.687056,91.6485,2007-09-15,8.5,1139.0,26.677440748169843,116.7781593177183,1,0.8927576244272339,-0.4505372615301003
24.66895556,93.33700556,2024-07-02,28.5,832.0,32.91537428205914,314.38141457590405,1,-0.7146995966261022,0.6994315453155417
23.567255771026584,91.67813950613304,2018-05-20,67.1,69.0,3.820639749004604,14.03624346792648,0,0.242535625036333,0.9701425001453319
25.73425,94.00119444,2015-07-15,29.2,931.0,30.992977558931035,174.85676259655037,1,0.08964591898301091,-0.9959736990551966
25.71711111,94.08561111,2017-10-29,54.4,1361.0,18.639531127377168,253.284155959944,1,-0.9577429942284863,-0.2876253761514336
23.916628096852847,92.52766526531455,2025-05-31,111.3,81.0,10.463140171287812,74.74488129694222,0,0.9647638212377322,0.26311740579210874
24.612731749418973,92.22786822183453,2020-06-02,21.4,110.0,8.344059777303649,276.3401917459099,0,-0.9938837346736189,0.11043152607484659
23.066906910844,92.56691447560642,2025-06-01,175.5,81.0,2.07420285773972,63.43494882292201,0,0.8944271909999159,0.44721359549995804
23.319184,92.856725,2025-05-31,45.3,1024.0,28.722603333827266,264.9215178523067,1,-0.9960743800759092,-0.08852022004261625
27.37211111,88.61671944,2022-05-29,4.6,1872.0,24.97058422791016,205.4739192981782,1,-0.43010020070872323,-0.9027811569535088
24.285871,92.94599,2025-06-14,28.1,904.0,23.87242608582307,320.1085649220419,1,-0.6413349438838569,0.7672610310406036
23.63324415518421,93.01641374900854,2024-05-28,75.4,539.0,21.574737330164155,214.99202019855863,0,-0.5734623443633278,-0.8192319205190409
26.19530556,91.76563889,2018-08-31,0.2,85.0,7.180918222310011,59.11228991389815,1,0.8581750403054487,0.5133571857846557
23.700835,92.877449,2025-06-15,72.5,527.0,23.80962697820156,42.870412017595605,1,0.6803424874071702,0.7328943306020483
23.60972222,92.79972222,2024-07-02,24.6,397.0,39.9222901529043,300.1593713683486,1,-0.8646312777840498,0.5024069600209786
25.52036,94.1311201,2024-06-01,15.7,1723.0,16.040662826379585,25.86415107723259,1,0.43623886603296747,0.899830901760031
25.6291966,94.10177,2024-06-01,11.0,1495.0,33.69596405296433,62.56571931198154,1,0.8875398837083125,0.4607308919825489
23.82140631505606,92.55382274495594,2024-05-28,70.9,502.0,22.83697312304369,90.0,0,1.0,6.123233995736766e-17
25.380727539707408,92.3115995924196,2020-05-26,251.4,1291.0,3.820639749004604,14.03624346792648,0,0.242535625036333,0.9701425001453319
24.98834140411201,92.18437832771556,2010-04-22,35.8,15.0,0.9279360212320218,0.0,0,0.0,1.0
22.444376,92.947323,2025-05-30,196.0,469.0,42.333772331741095,207.4446418628168,1,-0.460891384156188,-0.8874565521819043
23.305323,92.852358,2025-05-31,45.3,1070.0,29.48726064115841,94.92108169662473,1,0.9963138000159196,-0.0857835176350222
23.1915,93.011024,2025-05-31,37.8,875.0,40.60066037479898,317.36921835678675,1,-0.6772713335332812,0.7357333353695827
24.148549239932656,93.64847805201188,2024-07-02,28.2,909.0,17.457734943636545,168.11134196037204,0,0.2060104810498414,-0.9785497849867492
24.69078703284504,93.70743130627956,2024-08-19,27.9,1277.0,14.66379508848332,68.19859051364818,0,0.9284766908852593,0.3713906763541038
27.61942344880947,88.53402031906002,2014-06-24,8.2,3714.0,30.34195925670409,255.57922687248904,0,-0.9684929325968499,-0.24904103981061768
23.015005,92.765065,2025-05-30,191.4,959.0,25.130591937432435,145.82150539920485,1,0.561772901824392,-0.8272914883980145
27.294886,93.803328,2016-07-17,4.8,646.0,49.619658148872645,70.72853555031699,1,0.9439654436838131,0.3300443017699623
26.02551180816213,93.75762254780616,2019-05-09,0.0,141.0,0.9279360212320218,180.0,0,1.2246467991473532e-16,-1.0
22.6074436491767,93.08115704041668,2025-05-31,8.3,1117.0,25.054786060505464,345.96375653207355,0,-0.24253562503633241,0.970142500145332
23.469247,92.744068,2025-06-01,114.7,1365.0,14.31228009615645,104.68569622418688,1,0.9673310727923041,-0.25351646023580005
23.750049206081187,92.47322343679842,2024-05-28,66.5,623.0,19.556409699933383,46.8476102659946,0,0.7295372041400852,0.6839411288813297
25.01145501827964,93.25818915711838,2008-06-19,5.0,120.0,12.901576560483171,81.86989764584403,0,0.9899494936611666,0.14142135623730923
24.73838889,93.30909722,2024-08-18,63.7,264.0,27.32661660692917,339.846103836787,1,-0.3445429159777538,0.9387705678436805
24.3309,93.66054444,2024-08-13,0.0,1049.0,7.972415620443094,62.4951348805466,1,0.8869716218193191,0.4618239297472651
23.01134537377873,92.5271805050729,2025-05-30,188.5,378.0,25.62515395752319,101.68936917543918,0,0.9792604195071029,-0.20260560403595218
23.58638889,92.71583333,2024-05-28,65.0,919.0,23.320635072240577,259.1906844766611,1,-0.9822567720635551,-0.18754101880731375
25.67469444,91.88652778,2011-06-26,8.7,1062.0,4.622196164454146,0.0,1,0.0,1.0
25.17597222,93.02016667,2016-05-22,0.7,590.0,28.49235651399749,107.33162216245309,1,0.9545965296784567,-0.2979017716057549
26.022574184788912,94.64085142992757,2018-06-14,23.6,2128.0,17.194283995818935,312.87890360333853,0,-0.7327934916262994,0.6804510993672777
23.61,92.72083333,2024-05-28,66.7,912.0,29.588258913349456,160.00938644608115,1,0.3418661941671011,-0.9397486394167868
23.61916667,92.7225,2024-05-28,66.7,830.0,35.119088706928586,351.34081046132445,1,-0.15055670055603165,0.9886013756401927
24.057947416350952,92.88633272709994,2024-09-28,0.1,601.0,24.518221849817856,96.1155035662854,0,0.994309153919809,-0.10653312363426506
24.985167,93.508306,2018-05-03,1.6,1238.0,18.56177123660997,140.3945023241833,1,0.6374979195202208,-0.7704520767753112
23.234898,92.911307,2025-06-01,118.4,670.0,10.082605703032954,117.0441910268917,1,0.8906561059041302,-0.45467757918737406
24.83011967755292,92.85383392201626,2020-02-02,0.0,24.0,2.932085702984153,161.565051177078,0,0.31622776601683755,-0.9486832980505139
24.315512576091056,93.11758728869307,2024-07-07,13.8,447.0,21.12442035770617,326.97613244420336,0,-0.544988350595414,0.8384436163006372
25.97141219877608,91.6774645707164,2008-12-26,1.0,421.0,28.5562403739111,143.47114463301483,0,0.5952275506257376,-0.8035571933447456
22.857170313950373,93.15485862955096,2024-07-02,11.2,1150.0,34.53311837735696,206.565051177078,0,-0.44721359549995826,-0.8944271909999157
23.967688032310168,92.99847942540364,2024-09-25,57.2,336.0,9.467405787657809,150.94539590092285,0,0.4856429311786321,-0.8741572761215378
23.54027778,92.70138889,2024-05-28,65.0,883.0,31.790974852484947,223.07452481141684,1,-0.682949057079765,-0.7304660056661499
25.164,93.04019444,2016-05-22,0.7,450.0,17.506517277103256,13.09425000281732,1,0.2265535615906428,0.9739987082797363
23.709045606218982,93.0403110790952,2024-07-02,24.3,772.0,29.797559454134504,28.739795291688043,0,0.48083261120685233,0.8768124086713189
25.115902408728378,93.32733702509545,2016-05-22,1.5,580.0,21.80315195374203,21.370622269343183,0,0.3643993485805122,0.9312427797057534
23.44619244202992,92.56385908743692,2024-05-29,3.5,196.0,9.467405787657809,119.05460409907714,0,0.8741572761215378,-0.48564293117863194
23.183856,92.735346,2025-05-30,176.7,835.0,18.41436792142049,57.7078573181512,1,0.8453351042558225,0.5342364284778769
23.214239,92.740856,2025-05-31,56.8,842.0,17.455245454568505,287.97130778252506,1,-0.9512111446111478,0.30854069159115816
25.43561,91.862056,2009-07-17,15.7,1635.0,21.90629407236058,101.59847857945238,1,0.9795805886364651,-0.2010519096319072
25.365263,91.878497,2023-04-13,0.0,1545.0,20.75207349993693,262.64464681314854,1,-0.9917712231926106,-0.12802281377564315
25.63706601101233,90.97686795495822,2024-07-02,3.6,783.0,13.056391486086502,65.22485943116808,0,0.9079593845004517,0.4190581774617469
23.628386929118843,93.0115114386096,2024-05-28,75.4,864.0,22.89748983690034,147.52880770915152,0,0.536875492193159,-0.8436614877321077
27.771561182404493,91.72799039776427,2016-04-22,13.9,2412.0,30.06227570412638,342.07208023799274,0,-0.30782028541466316,0.9514445185544111
23.82150234667979,92.97170825358516,2024-05-28,77.8,1283.0,19.780145646776432,215.83765295427827,0,-0.5854905538443581,-0.8106792283998813
26.19044,91.77502,2024-05-24,0.0,109.0,10.486949094280645,330.8731266802389,1,-0.4867451504749524,0.8735440220670713
24.31974978786496,92.79623057849044,2025-06-14,29.6,247.0,24.882351543112208,204.77514056883192,0,-0.41905817746174695,-0.9079593845004517
27.40251944,88.51868056,2023-10-04,44.1,574.0,37.69081197086177,55.593905397773305,1,0.825053397575669,0.5650547682737003
23.72138889,92.85777778,2024-07-02,18.2,792.0,35.5018291176447,243.0412900119435,1,-0.8913334595319024,-0.4533482810366557
24.32027217846936,93.19139510675448,2024-07-09,16.5,847.0,24.88235154311221,257.9052429229879,0,-0.9778024140774095,-0.20952908873087336
23.044076542992627,92.57007457469489,2025-06-06,0.0,73.0,4.142983183641761,153.434948822922,0,0.4472135954999581,-0.8944271909999159
24.739432536242376,93.14410321325838,2024-07-17,6.6,58.0,15.420145229307996,310.23635830927384,0,-0.7633862853691147,0.6459422414661736
23.281443,92.840145,2025-06-01,124.5,662.0,42.887819448813694,238.5174072764167,1,-0.8527988675300181,-0.522239496341974
25.777725567266383,91.76915924923298,2025-08-19,3.7,698.0,2.07420285773972,63.43494882292201,0,0.8944271909999159,0.44721359549995804
23.067473,92.767201,2025-05-30,191.4,843.0,24.03330972410964,146.5116174071661,1,0.551767893605763,-0.8339977167749678
23.861218475285384,93.00487665058525,2024-05-28,87.6,580.0,19.310139893239235,123.6900675259798,0,0.8320502943378435,-0.5547001962252293
24.60719444,93.46784722,2024-08-19,15.2,1112.0,23.29278677380059,124.28960273044072,1,0.8262005420422451,-0.5633761304218525
24.86297222,93.62397222,2010-06-08,48.6,351.0,20.71508405911664,31.22355494877872,1,0.5183786155948749,0.8551512210679121
23.170678,92.899334,2025-06-01,123.8,869.0,4.210824850958265,331.45954360701023,1,-0.47777917161503564,0.8784799731188243
23.65416667,92.71777778,2024-05-28,66.7,872.0,30.569076654930804,56.80431261148453,1,0.8368055257725763,0.5475002393026712
23.75676536706943,92.97540465402206,2024-07-02,18.2,748.0,22.89748983690034,184.3987053549955,0,-0.07669649888473679,-0.9970544855015816
24.99185139134872,93.24254831958214,2007-08-28,27.3,149.0,1.3121849935516046,135.0,0,0.7071067811865476,-0.7071067811865475
23.76166667,92.85083333,2024-07-02,18.2,808.0,30.84156762614809,225.2445861253524,1,-0.7101188501454053,-0.7040818266850575
23.33529167,93.11214167,2024-07-02,33.6,1144.0,31.2494347148088,328.50795114571326,1,-0.5223802356786517,0.8527126651881725
23.05648382120236,92.54398550086296,2025-09-13,15.3,413.0,20.782093658732848,50.19442890773481,0,0.768221279597376,0.6401843996644798
23.394979220705864,92.47050229495252,2025-06-01,132.1,233.0,41.81282576102362,312.06432655357884,0,-0.742393117548652,0.6699645207146371
24.54263333,93.39741944,2024-08-18,56.3,560.0,44.14556349723593,304.50046708369314,1,-0.8241215711669739,0.5664129553049421
22.954821870180304,92.58438582635024,2025-06-01,135.6,166.0,25.316533246751884,141.9529574681739,0,0.6163082616581107,-0.7875050010075859
24.679891146217653,93.68907103111724,2010-06-10,2.8,810.0,13.68485075850491,86.18592516570965,0,0.9977851578566089,0.06651901052377394
23.69333333,92.72055556,2024-05-28,66.7,990.0,26.894786477346987,102.89437973574772,1,0.9747830885778642,-0.22315449854887492
23.186501,92.735632,2025-09-13,17.6,838.0,32.04211760590972,119.3968184217667,1,0.8712410691791771,-0.49085537521302985
25.18407743685364,91.73355023987946,2024-05-28,89.5,251.0,15.190206068732346,342.64597536373867,0,-0.29827499313594724,0.9544799780350296
23.652969510110218,92.54563567784147,2024-05-28,60.7,686.0,32.91379211227729,121.70142966950571,0,0.8507979973592925,-0.5254928807219156
25.64502905691173,91.43735784007954,2025-05-30,70.7,1176.0,10.463140171287812,74.74488129694222,0,0.9647638212377322,0.26311740579210874
24.32836667,93.00923056,2024-09-28,0.0,430.0,42.68223688511626,28.754778672886324,1,0.4810618893927612,0.8766866364750103
23.321076543590326,92.48423027841687,2025-05-30,124.3,399.0,14.198148890428074,140.1944289077348,0,0.64018439966448,-0.7682212795973756
23.863138025664,92.58465527428764,2024-09-25,63.3,777.0,11.147013511080369,350.5376777919744,0,-0.1643989873053576,0.9863939238321436
23.54166667,92.66472222,2023-08-12,2.3,701.0,20.12785504977552,13.92326690257643,1,0.24062221514586035,0.9706188487652088
26.19322,91.77033,2022-06-16,146.0,164.0,22.497355063537416,192.56516790134577,1,-0.217549907353668,-0.9760491984579519
23.66694444,92.72194444,2024-05-28,66.7,978.0,43.66174011172057,121.68425961665424,1,0.8509554356840902,-0.5252378951291503
26.505679151906364,94.60698664133656,2024-07-01,102.0,367.0,15.989834468358282,132.70938995736148,0,0.7348034446274879,-0.6782801027330658
23.63258155537437,92.46147824827104,2024-05-28,54.7,698.0,19.310139893239235,33.690067525979785,0,0.554700196225229,0.8320502943378437
23.274148,92.871011,2025-05-31,50.1,1089.0,25.39070345368147,292.0083073382753,1,-0.9271295304595596,0.3747410222404756
24.39231722196315,93.87209320762152,2024-08-13,0.8,804.0,19.481072140033923,285.94539590092285,0,-0.9615239476408232,0.27472112789737796
23.51444444,92.69805556,2024-05-28,60.9,821.0,37.37646154709746,314.3076022225865,1,-0.7156000589998753,0.698510240124921
25.665699932878205,93.82155182465212,2018-07-08,3.7,450.0,2.07420285773972,153.434948822922,0,0.4472135954999581,-0.8944271909999159
26.18841667,91.85125,2017-06-16,78.8,96.0,29.649489323527888,20.378275169743688,1,0.34821663323245616,0.9374140901118636
23.755925,92.726753,2025-05-24,6.8,1006.0,41.18621033860588,191.64812675135693,1,-0.20190066420031264,-0.9794060045739318
24.450125,93.35963889,2024-08-08,15.2,328.0,7.10615660059619,238.7472204915229,1,-0.854886703159425,-0.5188147306709872
25.65716576080456,93.89446045873558,2015-07-15,17.6,1479.0,14.636885137320926,277.1250163489018,0,-0.9922778767136676,0.12403473458920852
23.25828611,93.15288333,2024-11-28,0.6,1207.0,32.349694676753195,217.6843410297591,1,-0.6113107754931257,-0.7913906341156642
23.51980556,92.70066667,2023-08-13,0.8,773.0,32.978613073804205,209.28730931475303,1,-0.48918928142357143,-0.8721776464346526
26.273428021062244,91.49074319080027,2014-09-22,168.7,47.0,3.706887929602367,270.0,0,-1.0,-1.8369701987210297e-16
24.073060512468388,92.91517402424392,2024-09-28,0.1,832.0,15.794492433669824,256.7594800848128,0,-0.973417168333576,-0.22903933372554716
26.042904507892008,91.59280636418524,2016-07-20,56.8,156.0,25.471576768695083,324.6887865603668,0,-0.5780173407803392,0.816024481101655
23.722489416142096,92.5126558731426,2024-05-28,60.7,204.0,16.014049341663906,253.6104596659652,0,-0.9593655015712704,-0.28216632399155045
24.78380556,92.45563889,2020-06-02,32.4,33.0,15.29453113577931,237.84885664993345,1,-0.8466472470445058,-0.5321545255580936
23.62,92.72472222,2024-05-28,66.7,819.0,30.29275147158508,149.09820492211384,1,0.5135681349963075,-0.8580488160451097
25.531739,91.296177,2024-07-02,4.9,1460.0,25.18694524152053,4.370566334956919,1,0.07620681770376769,0.9970920323297467
26.66271599429442,94.38909867636148,2025-07-07,25.9,121.0,2.6229949491577687,225.0,0,-0.7071067811865475,-0.7071067811865477
24.288014,92.946017,2025-06-14,28.1,923.0,28.708998885544567,283.66160107766615,1,-0.9717076277937946,0.23618697272998856
23.61110285112132,92.47094061075056,2024-05-28,54.7,460.0,22.484408950457876,239.42077312751096,0,-0.8609265282143154,-0.5087293121266412
27.23772,88.51384,2014-08-26,9.3,434.0,37.348844060503176,45.63645292078939,1,0.7149176772526814,0.6992086346374957
25.085402754730588,91.31250643238478,2007-07-19,18.5,8.0,0.9279360212320218,180.0,0,1.2246467991473532e-16,-1.0
23.844741650234702,92.60185711734698,2024-05-28,70.9,379.0,4.984909337853947,291.8014094863518,0,-0.9284766908852594,0.37139067635410355
23.39185563714846,92.49232240779806,2024-05-28,60.4,330.0,13.538255793378935,227.72631099390625,0,-0.7399400733959436,-0.6726727939963126
23.72864746803575,92.49353156592105,2011-05-22,1.0,776.0,32.16890584978993,124.5085229876684,0,0.8240419241993676,-0.5665288228870652
23.75481515915576,92.43982425492808,2023-06-04,0.0,275.0,5.626749308445709,99.46232220802564,0,0.9863939238321436,-0.16439898730535774
25.437740263021546,91.1855216505018,2007-08-18,5.9,960.0,27.12119296363576,304.695153531234,0,-0.8221921916437787,0.5692099788303082
23.87777778,92.84083333,2024-09-25,46.1,374.0,43.69579272815957,183.18275634731944,1,-0.05552101322060388,-0.9984575189215401
23.437225832391544,92.47934462615063,2025-06-01,132.1,425.0,27.54574307148414,64.23067237566129,0,0.9005516363645785,0.43474906583117573
24.66748248102568,93.64283094786865,2024-09-28,2.2,896.0,25.277539722463967,329.03624346792645,0,-0.5144957554275267,0.8574929257125441
25.71145176338674,91.46558800952124,2024-08-28,13.6,811.0,21.574737330164155,55.007979801441344,0,0.8192319205190405,0.5734623443633282
25.630077050281223,93.87497941352764,2022-10-15,1.3,1281.0,29.55864566561018,178.36342295838327,0,0.028559773898877146,-0.9995920864606948
27.52642870188449,88.81110606465586,2014-07-08,0.6,4512.0,8.293737346460786,180.0,0,1.2246467991473532e-16,-1.0
23.86222222,92.83666667,2024-07-02,15.7,239.0,20.232384623223112,331.3330563871108,1,-0.479717354388608,0.8774230791917857
23.637040264016765,92.5760706254925,2025-06-01,115.8,584.0,20.28947282670434,61.18920625702695,0,0.8762159086766472,0.4819187497721556
23.501204549651376,92.4881851038862,2024-05-28,54.3,847.0,22.437832659372194,48.17983011986424,0,0.7452413135250994,0.6667948594698256
23.410771,92.753123,2024-05-28,84.4,1132.0,31.754495904475675,118.05076269876317,1,0.8825313057312172,-0.4702536490069512
25.175963048402934,92.58921146136538,2010-04-22,92.1,661.0,29.81731402116416,132.70938995736148,0,0.7348034446274879,-0.6782801027330658
27.596639,91.878972,2016-04-23,1.0,2895.0,12.97538739377385,60.57852201877087,1,0.8710297290004232,0.49123030362290293
22.54735,92.882032,2025-05-31,14.5,822.0,36.97380584933522,270.0,1,-1.0,-1.8369701987210297e-16
23.51492522689496,93.45930609774436,2024-09-24,6.9,1022.0,18.68565764433915,73.30075576600639,0,0.9578262852211514,0.28734788556634516
23.65530556,92.7025,2022-04-05,0.0,912.0,23.08175168655056,240.4453466605952,1,-0.8698855867079031,-0.49325355147008043
25.13561111,92.3805,2010-04-22,116.1,178.0,23.974060782155856,133.69936914561669,1,0.7229747528169218,-0.6908744508152772
23.616701313189587,93.00980597742864,2024-05-28,75.4,943.0,30.942947387681112,321.581944655178,0,-0.621394711002044,0.7834976790895339
25.739454,91.572107,2025-05-31,32.7,903.0,23.6420218286175,109.41645443975324,1,0.9431272276404815,-0.3324319967800624
25.702167424679025,94.20574194893778,2023-10-02,0.0,895.0,16.46592430515794,9.462322208025617,0,0.16439898730535726,0.9863939238321437
23.182466,92.487731,2025-06-01,121.3,785.0,8.37681402868043,208.54257461605323,1,-0.4778116486639149,-0.8784623090383966
23.05805556,92.67583333,2023-08-12,10.0,706.0,4.125604162320886,77.04575985974819,1,0.9745494134692813,0.22417279207495258
23.792039062130225,93.14881389873769,2024-07-09,19.5,636.0,41.4299578942419,312.76882539196873,0,-0.7340994395864078,0.679041981617427
26.027581986961263,91.62069080622032,2022-06-16,147.1,299.0,7.209749706875432,219.8055710922652,0,-0.6401843996644799,-0.7682212795973759
23.203903,92.576807,2025-06-01,135.8,756.0,21.645970783058434,153.68528532169682,1,0.4433014114827768,-0.8963726114609805
23.56413333,93.11378889,2024-09-12,6.2,740.0,16.91578396649147,196.8593269496802,1,-0.29002289887837707,-0.9570197062371196
23.62066523581589,92.52229097183115,2024-08-25,7.8,257.0,19.310139893239235,56.30993247402022,0,0.8320502943378437,0.554700196225229
23.47519657678208,92.5078983776756,2024-05-28,54.3,400.0,12.901576560483171,188.130102354156,0,-0.14142135623730992,-0.9899494936611665
23.50052621051313,92.48167647212104,2024-05-28,54.3,514.0,25.159993081563847,43.60281897270362,0,0.6896551724137931,0.7241379310344828
23.73132778,92.70821944,2024-05-28,71.2,885.0,13.997159186796242,247.0953584401128,1,-0.9211538794163031,-0.38919857455583634
23.09426302472396,92.55468216830388,2025-06-01,175.5,174.0,17.08301051739769,71.56505117707799,0,0.9486832980505138,0.31622776601683794
25.250088533738705,92.8990323061708,2016-05-22,0.2,629.0,15.989834468358282,227.2906100426385,0,-0.7348034446274875,-0.6782801027330663
23.468408210030372,92.55119839143612,2024-05-28,74.4,322.0,10.142982071736864,354.8055710922652,0,-0.09053574604251814,0.9958932064677039
23.64444444,92.72527778,2024-05-28,66.7,816.0,24.705862098621783,327.51139489610034,1,-0.5371318653345235,0.8434982864489147
23.794253,91.553533,2018-05-20,21.6,145.0,9.249894954435392,299.7641636132097,1,-0.8680761224075738,0.49643110872086865
23.42250047464873,92.9588547023847,2025-06-01,128.0,770.0,21.80315195374203,31.759480084812797,0,0.5263546146162954,0.8502651466878618
23.301381,92.853078,2025-05-31,45.3,980.0,24.91650742870185,150.48235570574997,1,0.4926915636820568,-0.8702040123307464
23.8544322692605,92.50568335918284,2024-06-28,2.3,407.0,29.42777828852253,230.82634202955575,0,-0.7752349855172888,-0.6316729511622364
23.199095,92.586671,2025-06-01,114.6,719.0,7.635342257674028,164.7840508368052,1,0.26245779569203337,-0.964943472686602
23.197825,92.73502,2025-06-15,30.6,741.0,12.635796333836003,59.67604467893892,1,0.8631845325401853,0.5048885647183761
24.76916227504521,93.01942337919088,2018-04-28,2.4,28.0,4.629981483311581,143.13010235415598,0,0.6,-0.8
23.246611,92.655112,2025-06-01,136.9,405.0,21.66224847531248,248.50658753531368,1,-0.9304597000106182,-0.36639425030443695
23.620313297558983,92.50719783299547,2024-05-28,54.7,159.0,23.77852044608502,216.0273733851036,0,-0.5881716976750462,-0.8087360843031886
27.591389,91.9025,2016-04-23,1.4,2527.0,21.52597082674048,329.4158554905598,1,-0.5088032026780399,0.8608828613374583
23.59027778,92.71583333,2024-05-28,65.0,788.0,34.362319984448966,206.0199630684729,1,-0.4386842791405498,-0.8986412539133379
25.748097565257577,90.89615112591731,2007-09-15,13.2,632.0,5.848894052728543,161.565051177078,0,0.31622776601683755,-0.9486832980505139
24.12682222,93.54013889,2024-09-28,1.0,765.0,23.27005612560501,138.7630037893067,1,0.6591751613552328,-0.7519894325403136
27.24297222,88.47055556,2022-06-15,29.5,494.0,34.28437320248375,118.3172215141946,1,0.8803348160381886,-0.47435283457676153
22.641087,92.867635,2025-05-31,18.0,1049.0,30.80282331110542,75.87161450192241,1,0.9697512044194313,0.24409547625276126
23.379441,92.844081,2024-05-28,109.9,930.0,16.879279881784164,148.49945768168052,1,0.5225066351365615,-0.852635218741443
23.60555556,92.725,2024-05-28,66.7,906.0,22.480238378831043,125.88248910693773,1,0.8102208113376137,-0.5861247622097355
26.39936,94.94553,2023-08-17,1.5,645.0,28.207759780861306,230.7227277034061,1,-0.7740913940911067,-0.6330738610889625
23.092076,92.752286,2025-09-13,19.8,754.0,21.15459727720713,245.3005077231692,1,-0.9085118803954678,-0.41785902309306555
23.5,92.70111111,2023-08-09,4.1,885.0,26.258299002369267,285.2014682057362,1,-0.9650097755514312,0.26221390712579773
23.43194444,92.76083333,2024-05-28,84.4,1460.0,24.414586511388656,321.59827472056327,1,-0.621171378422593,0.7836747530886623
23.3849706227095,92.55339810386424,2025-05-30,158.6,482.0,24.40873130642694,214.8244891569568,0,-0.5710644881985997,-0.8209052017854872
23.38087736815368,92.46613183777497,2024-05-28,60.4,237.0,16.766544495336266,36.25383773744479,0,0.5913636636275174,0.8064049958557056
23.201843,92.579666,2025-06-01,135.8,728.0,17.82521674875031,138.96384378683277,1,0.6565351540122301,-0.7542954272340098
24.200581900708958,93.79820340802598,2024-10-07,0.7,860.0,28.84142176739362,180.0,0,1.2246467991473532e-16,-1.0
26.4219453,94.3854377,2025-07-07,11.5,798.0,47.77476323046326,268.31816379489175,1,-0.9995692146252542,-0.029349364106441535
23.61610249122044,92.53902190249762,2025-01-02,0.0,583.0,15.369402999947548,225.0,0,-0.7071067811865475,-0.7071067811865477
25.17136,93.01102,2022-05-14,66.9,700.0,4.19063872821723,102.74907582816812,1,0.975345880196241,-0.22068170287592917
23.09758333,93.21623333,2024-07-02,12.5,878.0,30.98881767010576,354.96256154032017,1,-0.08780666200639659,0.9961375357385618
23.420795158313,92.95304588421573,2025-06-01,128.0,850.0,5.626749308445709,99.46232220802564,0,0.9863939238321436,-0.16439898730535774
22.926437247307515,93.24493876512408,2024-09-28,0.5,1065.0,27.409248698093343,255.5297058999341,0,-0.9682773237093575,-0.2498780190217702
23.239287,92.74818,2025-06-02,2.4,748.0,11.535121053361726,71.52383931807283,1,0.948455595521803,0.3169100555731578
23.609116918439664,92.5175590393925,2024-05-28,54.7,157.0,28.93539856755345,5.042451069170913,0,0.08789381029635715,0.996129850025381
24.65409167,93.204625,2024-07-17,4.5,134.0,23.122193897214576,270.0,1,-1.0,-1.8369701987210297e-16
24.70619444,92.28997222,2014-05-10,1.5,44.0,10.30921431562581,51.51863164552738,1,0.7828105469960456,0.6222601124222505
23.73222222,92.76555556,2024-07-02,33.9,892.0,38.87201316927674,61.22168736879935,1,0.8764889687330526,0.4814219435061825
23.04816464490941,92.3721808500973,2025-06-01,101.6,54.0,4.629981483311581,323.13010235415595,0,-0.6000000000000008,0.7999999999999994
23.39136587194851,92.5755910409669,2025-05-31,56.7,266.0,13.148283597230236,123.6900675259798,0,0.8320502943378435,-0.5547001962252293
26.338250695558663,94.23492851162092,2025-07-29,8.3,333.0,14.198148890428074,140.1944289077348,0,0.64018439966448,-0.7682212795973756
23.48555556,92.70305556,2024-05-28,84.4,979.0,9.655971649957367,211.2047244608489,1,-0.5180975387225062,-0.8553215420937795
23.74,92.715,2024-05-28,71.2,1065.0,42.64511486079487,226.78757279998413,1,-0.7288201350500029,-0.6847051998821796
25.22194444,91.38422222,2019-06-27,157.6,240.0,20.48643689543949,5.490417292357819,1,0.09567927136576615,0.995412214628149
25.24194444,93.14319444,2016-05-22,0.5,624.0,23.36612614341044,124.152432364692,1,0.8275469374705722,-0.5613965321259804
23.304123,92.671521,2025-06-01,129.9,574.0,31.37999466652601,142.68606599567198,1,0.606181836923048,-0.7953260844361886
23.150939,92.748258,2025-05-31,50.3,881.0,25.18323851803131,128.24232080891886,1,0.785399899235972,-0.6189886899452405
23.55881111,93.10900556,2024-09-12,6.2,756.0,7.469813637505652,317.725801695243,1,-0.6726793712515807,0.7399340940195809
27.36977778,88.54466667,2012-07-13,15.2,1735.0,34.86776828710086,104.78960130847128,1,0.9668697338905725,-0.2552702835944157
25.66667,94.10972,2007-08-12,7.6,1425.0,13.77621728160674,351.58527967729424,1,-0.14633718570472998,0.9892347689401234
24.645417,93.005361,2016-08-31,36.7,359.0,31.7008523338746,303.35184109684667,1,-0.8353102646622695,0.5497788298487395
23.846518499348587,92.53279288986631,2024-05-28,66.5,308.0,20.782093658732848,39.80557109226519,0,0.6401843996644798,0.7682212795973759
23.4688,92.7208,2025-01-02,0.0,1136.0,24.617566935781724,188.8521575668127,1,-0.1538853780872253,-0.9880887057400017
24.5716,93.17273056,2024-06-12,9.6,208.0,31.33593977228785,244.8551280713408,1,-0.905236304083716,-0.4249085004666933
23.77833333,92.84666667,2024-05-28,71.0,665.0,34.08076305108583,308.4178371382443,1,-0.7835000456179047,0.6213917271067755
23.666468988596662,93.01794578856496,2024-05-28,74.8,623.0,32.423775774539365,199.3589941756947,0,-0.33148599501255965,-0.9434601396511318
25.623067,94.114196,2025-07-07,28.8,1593.0,27.739422966967663,121.5136183915963,1,0.8525159497956923,-0.5227012103907437
23.62333333,92.78888889,2024-05-28,66.7,229.0,23.90175380897992,293.66218788393473,1,-0.9159276577179363,0.40134340137510044
25.27480556,93.14555556,2016-05-22,0.5,497.0,14.853673897386862,336.1380095909914,1,-0.4045349884487838,0.9145225219319327
23.353485,92.780193,2025-05-31,49.8,884.0,46.59385108104151,271.75285036825085,1,-0.9995320703603948,0.03058823827981567
23.301375965135318,93.29125168475426,2024-10-28,0.0,1342.0,27.12119296363576,34.69515353123397,0,0.5692099788303083,0.8221921916437787
23.583094886626608,92.55828202101333,2024-05-28,60.9,717.0,15.420145229307996,40.23635830927382,0,0.6459422414661738,0.7633862853691146
24.62604722,93.22583889,2024-06-12,10.9,128.0,4.124769639503506,312.2723043219685,1,-0.7399563298631122,0.6726549114482946
23.104623,92.747711,2025-06-01,124.1,739.0,21.46916903899876,314.3415733324112,1,-0.7151857811315077,0.6989344021203386
25.857991,94.159346,2018-08-23,26.7,1489.0,41.69802598929909,218.69969639698547,1,-0.6252385209259201,-0.7804337204083174
23.725305300376966,92.98014646135358,2024-07-02,24.3,994.0,22.53084716070403,308.6598082540901,0,-0.7808688094430306,0.624695047554424
23.271227,92.874544,2025-06-01,124.5,945.0,29.83991562866481,312.57197741557377,1,-0.7364280498736325,0.6765158736935287
23.62027778,92.72611111,2024-05-28,66.7,771.0,34.21462412313348,135.5117048895378,1,0.7007635405531348,-0.7133936222250903
25.229556,93.1556,2010-04-02,18.3,466.0,18.566834655931444,43.7729140168995,1,0.6918018919105007,0.7220873509133447
23.82638889,92.8325,2024-05-28,81.7,395.0,40.76432241513161,295.5560619484109,1,-0.9021636120597121,0.43139403922095787
26.11464,91.83886,2024-07-05,20.9,175.0,17.698138150743294,210.5236488258427,1,-0.5078939570462937,-0.8614196006568794
23.078128748037347,92.55718788371776,2025-09-13,14.4,142.0,3.342217432740406,236.3099324740202,0,-0.8320502943378434,-0.5547001962252295
23.73222222,92.75,2024-05-28,71.2,944.0,46.4582858214401,277.9495390645221,1,-0.9903902557431169,0.13830090863433817
23.180345,92.900082,2025-06-01,127.1,791.0,33.75896097743671,90.0,1,1.0,6.123233995736766e-17
23.49780980373896,92.41952097143827,2024-05-28,37.9,816.0,18.03290603130827,264.2894068625004,0,-0.9950371902099893,-0.09950371902099804
23.853285578050837,92.58661820523348,2024-05-28,74.8,764.0,30.28448045047508,176.82016988013575,0,0.05547001962252306,-0.9984603532054124
23.69972222,92.7175,2024-06-20,0.7,998.0,31.578981895876275,1.6462019482441832,1,0.028727691282073062,0.9995872747057167
23.73789001654382,93.01981601743113,2024-05-28,74.8,503.0,17.886034144658236,252.47443162627712,0,-0.9535826651341416,-0.30113136793709755
26.25999567828466,94.40801616655632,2025-07-07,17.6,1578.0,16.993337545769563,32.005383208083494,0,0.5299989400031799,0.847998304005088
25.29739,91.46201,2024-06-17,186.6,1082.0,14.853795176358265,312.11679780510804,1,-0.7417792554219452,0.6706441203989374
24.60921944,93.30050278,2024-09-24,7.5,720.0,40.46542455587033,113.4570644863566,1,0.9173586258961778,-0.39806174331864225
24.83476035757528,94.0686760477156,2018-06-12,115.4,903.0,8.344059777303649,173.6598082540901,0,0.11043152607484645,-0.9938837346736189
27.591806,91.865028,2016-04-22,26.5,2925.0,18.78474648095148,334.5883542723908,1,-0.42911873312232685,0.9032480904399905
23.51509777979752,92.44995628524748,2024-05-28,37.9,301.0,2.78186346598435,270.0,0,-1.0,-1.8369701987210297e-16
23.44333333,92.68527778,2024-05-28,74.4,837.0,24.761281007937225,348.9857725807778,1,-0.19105274254921262,0.9815797723896027
25.925561342573765,94.6732566725034,2009-06-21,25.6,1656.0,36.22104069814366,215.0958167870261,0,-0.5749455167129003,-0.8181916968606661
25.88372947857741,91.94772991623675,2020-07-12,25.5,628.0,12.42394414032799,126.02737338510362,0,0.8087360843031886,-0.5881716976750462
23.61611111,92.79777778,2024-05-28,66.7,397.0,24.64751236588564,17.920132150125198,1,0.30769096273871677,0.9514863485352386
24.001126583077355,92.89353837785043,2024-05-28,91.2,664.0,21.39286550861863,209.74488129694225,0,-0.49613893835683415,-0.868243142124459
23.57936659143574,92.4927998949816,2024-08-25,7.8,572.0,27.2370218822711,192.72435568542235,0,-0.22026087143464296,-0.9754410020677067
24.31883783394197,93.15613203531052,2024-10-22,2.9,772.0,22.107853151924704,184.57392125990089,0,-0.07974522228289033,-0.996815278536125
25.316197,93.006158,2022-06-16,115.6,666.0,10.135297180421611,354.25722012892953,1,-0.10006267983697106,0.9949811355517469
27.457149293746664,88.83253371970902,2024-07-21,2.5,4212.0,22.437832659372194,281.30993247402023,0,-0.9805806756909201,0.1961161351381844
23.263109700460955,93.29716479644412,2024-09-28,0.0,1400.0,18.804811394848315,2.726310993906266,0,0.04756514941544941,0.9988681377244376
23.293863,92.741368,2025-06-01,130.1,771.0,26.65543113029633,312.567124718027,1,-0.7364853451161085,0.6764534990885971
24.86469444,93.62116667,2010-06-08,48.6,350.0,9.239664063817289,6.289567391950698,1,0.10955332552245216,0.9939809197700787
26.38778,94.82583,2009-08-20,27.2,1648.0,20.681744512657662,340.4454544177613,1,-0.3347041025348437,0.9423232798495137
23.306105,92.671296,2025-06-01,129.9,517.0,28.018830928070567,83.01866499112849,1,0.9925857998082249,0.12154599960124735
24.05808333,93.49808333,2024-10-07,9.6,1244.0,9.74265928047435,55.59472628680263,1,0.8250614931529073,0.5650429474971749
23.50861111,92.69805556,2024-05-28,60.9,834.0,30.501542986394643,201.05105288849205,1,-0.3591996656052456,-0.9332607353944983
24.99306,93.4975,2007-08-28,11.0,1196.0,13.226694360499222,245.62094144725472,1,-0.9108345884888789,-0.41277154990659753
25.67761389,91.89865833,2025-05-30,110.8,997.0,25.20478590565478,241.2514986577932,1,-0.8767393363965099,-0.4809658366401998
23.667553,92.89259,2025-06-15,54.3,372.0,22.1804721783708,7.4643801484759535,1,0.1299098019381497,0.9915258157811075
23.048212555038017,92.53448691194166,2025-06-02,8.6,736.0,29.498374004168262,13.240519915187209,0,0.22903933372554733,0.9734171683335759
26.097142200509676,94.10197057120116,2021-09-18,4.5,576.0,20.502566845451685,107.65012421993012,0,0.952925780013262,-0.3032036572769468
23.747519,92.853155,2025-06-15,72.5,808.0,31.71607864360277,283.61988963614215,1,-0.9718793148687037,0.23547950511740742
24.90597037842125,92.86925425401948,2020-06-05,4.0,22.0,1.3121849935516046,45.0,0,0.7071067811865476,0.7071067811865476
25.124583,92.989111,2010-06-16,17.6,526.0,19.67298441264933,354.26619854158923,1,-0.0999067622169614,0.9949968034437716
27.48383751373826,88.42486292762744,2012-07-13,9.8,2600.0,31.576182468736523,288.434948822922,0,-0.9486832980505139,0.3162277660168377
23.66,92.72638889,2024-05-28,66.7,891.0,21.659329772237225,153.60665470385433,1,0.4445311424064016,-0.8957633970144457
23.7375,92.78805556,2024-07-02,33.9,569.0,27.13562703574945,91.80796926299924,1,0.9995021817788643,-0.031549780019679195
23.420820293233632,92.4855624809902,2025-06-01,132.1,440.0,19.72452770068585,341.565051177078,0,-0.3162277660168381,0.9486832980505138
23.26764592272092,92.41391245687534,2025-06-01,128.3,89.0,10.463140171287812,232.1250163489018,0,-0.7893522173763263,-0.6139406135149204
25.01841878545866,91.41703805187323,2019-06-27,144.4,13.0,2.07420285773972,206.565051177078,0,-0.44721359549995826,-0.8944271909999157
23.298137,92.857412,2025-05-29,47.7,929.0,23.28077684121684,47.43379212537247,1,0.7364961695874453,0.6764417138105995
23.62418333,93.14208611,2024-08-15,35.1,1381.0,26.791322583693944,302.9823822415784,1,-0.8388379982035202,0.5443811282271924
25.54261,92.10867,2009-07-01,106.7,1138.0,15.680038196899789,106.73892023587683,1,0.9576270738231121,-0.2880110891632192
23.680282769201344,92.44768988289287,2025-05-29,40.0,435.0,9.200273103792917,216.869897645844,0,-0.5999999999999994,-0.8000000000000004
23.670833107411237,92.5503243935305,2024-05-28,65.6,381.0,26.661483651231418,0.0,0,0.0,1.0
27.73478833181141,88.7265744398755,2021-06-18,7.8,3705.0,25.277539722463967,275.9061411137705,0,-0.9946917938265513,0.1028991510855051
23.451147820860427,92.53303514850532,2025-05-30,144.9,580.0,29.498374004168262,193.2405199151872,0,-0.2290393337255473,-0.9734171683335759
23.55879774258669,92.52044335506912,2024-05-28,54.7,265.0,11.328952775354065,104.03624346792648,0,0.9701425001453319,-0.242535625036333
23.21795,92.998007,2025-06-01,118.4,1110.0,32.068995328729336,296.0227897554573,1,-0.8986196103330956,0.43872861306825595
23.73666667,92.79722222,2024-05-28,71.2,335.0,5.13067775590181,79.62512833944969,1,0.9836505469073314,0.18008776074155566
23.307524,92.857678,2025-06-01,128.0,960.0,29.242885114253543,41.33037598054956,1,0.6603998660384711,0.7509141208795912
27.07080431235492,88.47235092601306,2024-08-21,1.6,1188.0,8.493137013964587,310.6012946450045,0,-0.7592566023652967,0.6507913734559685
23.68277778,92.8575,2024-05-28,55.2,946.0,34.86962950264145,310.5215424665382,1,-0.760161727854009,0.6497339051534924
23.196417332930817,93.50653990173676,2025-06-01,41.9,2326.0,30.67332805601737,34.99202019855867,0,0.5734623443633284,0.8192319205190404
27.37441667,88.54505556,2012-07-13,15.2,1631.0,34.057419710483885,56.62094542655394,1,0.8350490448784924,0.5501755107668076
25.7491204,94.0804548,2022-09-25,12.8,1262.0,25.588231842987497,300.43066814437066,1,-0.8622426859831306,0.5064953607572299
24.982564768089382,93.76173850986828,2007-08-28,13.9,2037.0,34.256544571104186,177.27368900609375,0,0.04756514941544903,-0.9988681377244376
23.358810178384797,92.46230208917008,2025-06-01,132.1,156.0,4.142983183641761,333.434948822922,0,-0.4472135954999582,0.8944271909999157
25.587941515663683,91.42020919645527,2025-05-30,70.7,1639.0,13.771943767699913,172.40535663140858,0,0.13216372009101776,-0.9912279006826347
25.521463662991856,93.95023981438467,2024-06-01,18.7,1548.0,30.033071142420983,101.3099324740202,0,0.9805806756909202,-0.19611613513818388
25.34726285443041,93.29720785497696,2016-05-17,96.4,396.0,12.807663988498392,85.91438322002513,0,0.997458699830735,0.07124704998790964
25.780972663362576,94.3674497828789,2008-08-16,7.7,1637.0,28.82046524388704,47.38594403038881,0,0.7359310117618297,0.6770565308208832
23.73327413750203,92.55104221816896,2024-05-28,65.6,521.0,27.2370218822711,24.145541960421653,0,0.4090559040929092,0.9125093245149513
28.38919722,95.92776111,2024-04-24,8.2,605.0,36.94069806854797,351.5664546864953,1,-0.1466621988678494,0.9891866352833764
23.827097937035425,92.99672563383614,2024-05-28,77.8,780.0,13.538255793378935,227.72631099390625,0,-0.7399400733959436,-0.6726727939963126
23.303906,92.853173,2025-06-01,128.0,1037.0,38.85214208110415,79.59171151704622,1,0.9835453463845347,0.18066142810607255
25.414482554480443,93.98013809057966,2024-06-01,23.2,906.0,27.500370667412927,174.64417495714483,0,0.09334070869305819,-0.9956342260592881
23.140846,92.751229,2025-05-31,50.3,861.0,35.4076877582892,300.0278073385569,1,-0.8657826369930448,0.5004202488722549
24.01173656882169,92.78560714117636,2024-07-02,20.9,621.0,20.59047488312973,97.4314079711725,0,0.9916004111862218,-0.12933918406776806
23.68235712923059,92.5493017242072,2024-07-02,31.6,675.0,11.18366280155205,304.99202019855863,0,-0.8192319205190409,0.5734623443633277
26.17755556,91.76588889,2017-06-13,83.4,96.0,18.48184206269169,283.99775898902647,1,-0.9703051878297569,0.24188394421842072
23.03416876288953,92.57222313476404,2025-06-02,1.6,124.0,19.90911667556813,243.434948822922,0,-0.8944271909999157,-0.44721359549995815
25.57711111,91.88141667,2010-08-27,28.0,1484.0,3.451902956985981,143.53211016076358,1,0.5943721894483541,-0.8041900897240464
26.1895,91.78716667,2016-04-18,14.7,70.0,11.871018033453302,180.0,1,1.2246467991473532e-16,-1.0
25.615918197762284,91.4678576193456,2007-06-16,74.8,1366.0,17.194283995818935,276.00900595749454,0,-0.994505452921406,0.10468478451804263
25.17708178165648,92.04059082108128,2007-07-19,55.4,40.0,6.468497581602584,0.0,0,0.0,1.0
23.67506700158502,92.44588015909356,2024-05-28,55.6,512.0,26.887054488102763,333.434948822922,0,-0.4472135954999582,0.8944271909999157
23.5625,92.70777778,2024-08-25,9.3,806.0,20.39799164567342,274.9891345482868,1,-0.9962112082114503,0.08696682490399747
23.41694444,92.71805556,2024-05-28,84.4,1095.0,22.91084995564245,163.03140093969148,1,0.2918475582241013,-0.9564648465880122
23.624585249370394,92.52916906458248,2024-05-28,54.7,418.0,26.898841100011303,16.69924423399362,0,0.28734788556634544,0.9578262852211514
23.367990631651427,92.52753840839796,2025-05-30,128.2,805.0,22.60793981651591,346.50426671920417,0,-0.2333729524753247,0.9723873019805174
23.01753963299375,92.38251713061396,2025-06-01,101.6,50.0,2.932085702984153,71.56505117707799,0,0.9486832980505138,0.31622776601683794
23.67583333,92.715,2024-05-28,66.7,997.0,24.657330403071544,270.0,1,-1.0,-1.8369701987210297e-16
25.7853,93.8014,2024-09-03,45.9,237.0,24.04683114618837,217.13350201279064,1,-0.6036742482181334,-0.7972310844656469
23.573656944806583,92.45373165314729,2024-05-28,54.7,608.0,16.277527661788852,356.8201698801358,0,-0.055470019622522744,0.9984603532054124
24.266826872524906,93.1895487235867,2024-07-09,16.5,998.0,7.439815764419437,60.25511870305777,0,0.8682431421244592,0.4961389383568339
23.04112370795044,92.5489461154342,2025-09-13,16.9,444.0,29.498374004168262,293.6293777306568,0,-0.9161573349021891,0.40081883401970775
23.58555556,92.71583333,2024-05-28,65.0,924.0,29.45874416248447,271.6404733957862,1,-0.9995901419645177,0.028627750302029725
26.26480209995573,91.46916917757932,2019-07-16,2.8,47.0,2.07420285773972,296.565051177078,0,-0.894427190999916,0.4472135954999578
23.317025676759812,93.26982054005768,2024-07-02,3.0,1034.0,24.07570789634213,46.46880071438583,0,0.7249994335944138,0.688749461914693
23.132082,92.746268,2025-05-31,50.3,858.0,19.375005415620063,270.0,1,-1.0,-1.8369701987210297e-16
25.50754834103652,94.2791664651645,2024-06-01,21.9,2293.0,26.887054488102763,63.43494882292201,0,0.8944271909999159,0.44721359549995804
23.45083333,92.6825,2024-05-28,74.4,903.0,18.77899633980856,2.9713520811669696,1,0.05183663444757873,0.9986555779292219
23.35772062016284,93.36964819859084,2025-05-31,17.9,762.0,38.39075296648487,130.85537625889572,0,0.7563631724521442,-0.6541519329315842
23.479431116696286,92.51777959483452,2024-05-28,54.3,352.0,30.710779389504204,11.003540851749502,0,0.19086965910222412,0.9816153896685813
25.04305556,92.42041667,2010-04-22,73.9,149.0,16.936655320419153,31.83481485742745,1,0.5274721217876054,0.8495723399080749
23.788000816837112,92.95564851468298,2024-05-28,77.8,1304.0,50.33729360133113,345.21727395738435,0,-0.25515426123101725,0.9669003583491185
25.093845395846483,91.41203617158482,2013-08-06,40.4,8.0,2.07420285773972,243.434948822922,0,-0.8944271909999157,-0.44721359549995815
23.28579852869567,92.36663181671722,2025-06-01,128.3,90.0,6.533604276522508,315.0,0,-0.7071067811865477,0.7071067811865474
24.737074997277663,93.45891274500066,2024-08-18,59.5,392.0,29.54861563123153,180.0,0,1.2246467991473532e-16,-1.0
23.677002861386026,93.01936327078238,2023-09-23,0.2,681.0,34.8269267877785,167.90524292298792,0,0.20952908873087286,-0.9778024140774096
23.68305556,92.8575,2024-05-28,55.2,960.0,26.622116449110884,315.21006211389147,1,-0.704509586402121,0.709694471351942
23.352591847211848,92.54980344806104,2025-09-13,13.7,588.0,19.556409699933383,294.22774531795415,0,-0.9119215051751067,0.4103646773287971
24.74274371320689,93.42754502057684,2024-10-21,0.0,555.0,26.11450074572037,7.594643368591447,0,0.13216372009101798,0.9912279006826347
23.38151,92.844938,2024-05-28,109.9,928.0,16.409918392923572,21.03258167067185,1,0.358898779018859,0.9333764869648111
23.780196706636303,92.55760201839038,2024-05-28,70.9,677.0,22.107853151924704,94.57392125990086,0,0.996815278536125,-0.07974522228288994
23.551774613895883,92.52887742109412,2023-07-06,2.5,256.0,9.895474196375124,201.80140948635184,0,-0.37139067635410405,-0.9284766908852592
27.08130556,93.61283333,2020-06-25,90.7,273.0,13.386922645793309,302.92449238974285,1,-0.8393875955021449,0.5435333150020589
25.211254209594063,91.79211041039856,2025-05-30,36.0,407.0,34.14307026704531,130.15599962491933,0,0.7642914835078908,-0.6448709392097829
23.3722163141408,93.22868431844743,2024-07-02,20.5,955.0,30.091428789837806,153.434948822922,0,0.4472135954999581,-0.8944271909999159
25.804219110891825,93.28848364641529,2025-06-05,0.5,444.0,8.687697741509377,147.9946167919165,0,0.5299989400031797,-0.8479983040050881
26.165952692210983,94.6282626780721,2025-07-07,16.5,1589.0,32.69135739684458,349.8244891569568,0,-0.17666406279377422,0.984271206993884
23.73388889,92.79388889,2024-07-02,33.9,320.0,18.9224325250654,55.52773336153956,1,0.8244002544768891,0.5660072618071613
23.724998461835504,93.05951857673024,2024-05-28,74.8,1063.0,38.07884684953316,7.125016348901798,0,0.12403473458920845,0.9922778767136676
24.979,93.496,2024-07-29,94.0,1154.0,9.120620553441194,270.0,1,-1.0,-1.8369701987210297e-16
26.4231373,94.3822611,2025-07-07,11.5,526.0,34.26582389564249,184.5603164849832,1,-0.07950852812683859,-0.9968341857877385
23.50527778,92.6975,2024-05-28,60.9,848.0,33.32093493153935,277.0641977969357,1,-0.9924089785488168,0.12298137784109482
23.3945333518513,92.56989757461912,2025-06-01,129.9,276.0,27.8710053372462,27.34987578006988,0,0.45942291887376663,0.8882176431559489
23.86679709721796,93.3897111509524,2024-10-07,33.4,737.0,19.90911667556813,63.43494882292201,0,0.8944271909999159,0.44721359549995804
25.12186,92.388583,2007-07-31,62.6,113.0,34.56487607115223,214.7700026405797,1,-0.5702835746093242,-0.8214478952014006
25.65308889,91.89803889,2024-07-01,185.4,1044.0,18.23282115346042,119.39668696936462,1,0.8712421953351928,-0.49085337634319465
23.56332778,93.10553333,2024-10-22,2.4,724.0,25.50659719520276,315.37298058533975,1,-0.7024887505474955,0.7116948470757806
23.62111111,92.72444444,2024-05-28,66.7,795.0,17.97282796955214,49.60982012140801,1,0.7616493798576657,0.6479893688652872
26.158193,91.755807,2025-06-06,4.0,59.0,10.98094614147074,180.0,1,1.2246467991473532e-16,-1.0
25.300389,91.726722,2009-06-29,88.8,1519.0,23.460644711510888,47.883907382313815,1,0.7417875095478719,0.6706349906460041
24.577475,93.19105,2024-10-22,3.8,129.0,12.400942991281775,53.96337046041944,1,0.8086410543938128,0.588302341614295
25.09293101309539,91.4860496260928,2007-07-19,28.8,9.0,1.3121849935516046,45.0,0,0.7071067811865476,0.7071067811865476
23.617807291191305,92.5573215048743,2023-07-25,21.1,512.0,28.222617478311435,174.8055710922652,0,0.09053574604251846,-0.9958932064677039
23.793310253252592,92.50124253945508,2024-05-28,66.5,792.0,22.80662735466274,195.64224645720876,0,-0.2696299255199711,-0.9629640197141817
23.632817903666268,92.9837612197093,2024-05-28,75.4,771.0,38.05505467518173,24.44395478041654,0,0.41380294430118403,0.9103664774626047
25.86237746958194,93.87611369394791,2018-08-23,5.3,161.0,3.342217432740406,146.30993247402023,0,0.554700196225229,-0.8320502943378437
25.6125,94.1272,2024-07-06,4.7,1424.0,15.0279636172941,164.50437480975157,1,0.2671647974557264,-0.9636508553415187
23.528942213493945,92.43038306615588,2024-05-28,37.9,595.0,27.72599208586669,213.69006752597977,0,-0.5547001962252289,-0.8320502943378438
23.80560324849829,92.55127552428002,2024-09-26,2.9,397.0,17.457734943636545,191.888658039628,0,-0.2060104810498425,-0.9785497849867489
23.350187,92.778852,2025-05-30,172.3,837.0,28.81292592874905,181.83487056697464,1,-0.032019059118600215,-0.9994872584746439
23.69829370540372,92.566494312633,2024-05-28,65.6,961.0,29.81731402116416,222.70938995736145,0,-0.6782801027330655,-0.7348034446274883
23.71388889,92.85722222,2024-07-02,18.2,840.0,34.79011545458922,329.44282056334833,1,-0.5083979896439251,0.8611222236860545
24.511306,92.693028,2016-05-18,53.0,45.0,5.047019743663306,336.26881191184566,1,-0.40244614412084545,0.9154436635218268
23.426102060905343,92.94645000212743,2025-05-31,46.4,1042.0,30.67332805601737,124.99202019855868,0,0.8192319205190404,-0.5734623443633285
24.03503889,93.54139444,2024-09-28,0.3,1012.0,26.16501353025112,235.9788679219472,1,-0.8288312722187009,-0.5594986346652954
23.823673049614687,92.54136879175282,2024-05-28,66.5,279.0,36.56460009815666,31.6075022462489,0,0.5240974256643347,0.851658316704544
25.242428093100457,93.34058554574344,2016-05-17,128.2,1428.0,5.921040829137082,51.34019174590991,0,0.7808688094430304,0.6246950475544242
22.917176445258928,92.53821310243966,2025-09-13,7.8,96.0,18.444353069704626,150.94539590092285,0,0.4856429311786321,-0.8741572761215378
25.309441374349955,91.16578638905192,2024-07-02,2.8,441.0,17.970147878806134,92.86240522611176,0,0.9987523388778446,-0.04993761694389235
23.47692945071145,92.41306638352648,2024-05-28,37.9,642.0,28.5562403739111,53.47114463301483,0,0.8035571933447457,0.5952275506257376
26.36083,94.84,2009-06-04,4.2,2004.0,23.08605527596001,256.843709702578,1,-0.9737528234594801,-0.22760808158914408
26.587353277116563,94.21269615834116,2025-07-07,15.0,105.0,2.07420285773972,243.434948822922,0,-0.8944271909999157,-0.44721359549995815
23.51838536229916,92.50281829773095,2024-05-28,54.3,421.0,36.30097835002506,345.96375653207355,0,-0.24253562503633241,0.970142500145332
23.68240380766725,93.34127221403544,2024-09-12,23.5,1243.0,36.380520365769215,33.340707346477004,0,0.5496165014762764,0.8354170822439402
23.72083333,92.86472222,2024-07-02,18.2,826.0,34.27324838350243,141.53688843938463,1,0.6220106451731299,-0.7830087849387813
23.77361111,92.84944444,2024-05-28,71.0,737.0,26.108527277974456,226.14223578883644,1,-0.721062059500239,-0.6928704830985902
26.020235023691487,91.73111625432848,2018-08-24,28.1,479.0,10.264313835624147,10.304846468766032,0,0.17888543819998318,0.9838699100999074
25.70087778,91.642902,2024-10-08,0.4,1247.0,17.920793557669114,180.0,1,1.2246467991473532e-16,-1.0
23.73361111,92.84305556,2024-05-28,71.0,676.0,37.46207690252283,306.21685880891675,1,-0.8067864963841415,0.5908430834428051
24.967876063208383,91.3093497444512,2008-08-12,24.0,9.0,1.8553855108258317,180.0,0,1.2246467991473532e-16,-1.0
25.18415345497625,91.53495515371866,2024-06-15,74.9,125.0,24.22920232981964,329.74356283647074,0,-0.503871025524086,0.8637789008984335
24.24755556,93.54809722,2024-07-02,27.0,1166.0,28.677523295354806,18.91845123625465,1,0.32422207382846613,0.9459809970831172
25.423289628997665,93.40635289844174,2016-05-22,0.9,411.0,6.201003022931327,26.56505117707799,0,0.4472135954999579,0.8944271909999159
23.59976440909972,92.58147602228394,2024-05-28,60.9,452.0,27.81538198732142,197.87869659584132,0,-0.3070027799227578,-0.951708617760551
23.270548,92.877577,2025-06-01,124.5,1087.0,33.0691107905097,308.3770864923513,1,-0.7839418016799201,0.6208343189441453
25.03576450069851,93.08238674754718,2016-05-22,0.8,160.0,17.886034144658236,287.5255683737229,0,-0.9535826651341417,0.30113136793709716
24.84419731709769,93.14819775381685,2018-08-02,0.6,89.0,12.68121731505888,239.74356283647077,0,-0.8637789008984336,-0.503871025524086
25.09218101842915,94.20924616372076,2018-06-06,0.9,966.0,18.94259587231848,70.70995378081128,0,0.9438583563660174,0.33035042472810605
23.36783968204162,92.4244476211029,2025-06-01,119.9,712.0,39.96388708360825,131.08175113593262,0,0.7537727299077843,-0.6571352004324272
25.1935733456637,92.17365110408998,2010-04-22,120.1,494.0,4.629981483311581,306.869897645844,0,-0.8000000000000002,0.5999999999999998
23.99283424725864,93.16706444536943,2024-09-28,0.5,502.0,21.05656710065641,337.7509763427876,0,-0.37863284572050465,0.9255469562056765
25.61784817029991,91.76243810236382,2024-07-01,188.1,1351.0,27.409248698093343,128.6598082540901,0,0.7808688094430303,-0.6246950475544244
23.58144812591452,92.42345181342412,2024-05-28,56.6,533.0,27.8710053372462,49.9697407281103,0,0.7657048647896111,0.6431920864232733
24.71002746054473,92.18290837367384,2014-05-10,4.2,19.0,2.07420285773972,243.434948822922,0,-0.8944271909999157,-0.44721359549995815
25.69878671039818,94.30144148200256,2024-06-01,16.3,1315.0,25.484430462823976,170.21759296819272,0,0.16990691650764622,-0.985460115744348
27.329843643345363,88.78168710072626,2014-08-26,10.5,3627.0,28.51356928993191,10.304846468766032,0,0.17888543819998318,0.9838699100999074
23.657175787802704,92.48153645214298,2024-05-28,60.7,682.0,27.086284398499632,79.04593735660167,0,0.9817798505902814,0.1900219065658608
23.2066,93.148665,2025-06-01,101.4,830.0,32.64921389808645,278.70896610061084,1,-0.9884702042057022,0.15141550580286484
24.35137778,93.34095556,2024-09-24,8.0,315.0,11.24243153138511,333.48384829571285,1,-0.44645007774934564,0.8948085426936889
23.838008482327904,92.54334136756944,2024-05-28,66.5,463.0,33.141328266782416,133.9949139947458,0,0.7194014606174096,-0.6945945136995667
23.508001237657982,92.5401339542092,2024-05-28,54.3,501.0,21.376224601154032,294.44395478041656,0,-0.9103664774626045,0.41380294430118464
23.43241758829325,92.97269041594028,2024-05-28,76.5,801.0,13.858403928440394,66.80140948635182,0,0.9191450300180579,0.3939192985791677
26.387181,94.444132,2025-08-01,9.2,936.0,25.34887960082171,82.15309230033101,1,0.9906363989565504,0.13652664597945102
23.5266,93.192968,2025-06-14,15.2,1187.0,29.308090803217244,133.73346915071596,1,0.7225634457809759,-0.6913046121798427
23.70277778,92.72083333,2024-07-02,33.9,899.0,38.65147154010461,135.04250042921836,1,0.7065820743896098,-0.7076310989147353
23.582708128715005,92.5617302945262,2024-05-28,60.9,836.0,22.437832659372194,64.4400348281762,0,0.9021342216356465,0.4314554973040049
26.555243433011743,94.8057588793519,2013-08-18,0.0,884.0,20.642975392486505,205.4633450618716,0,-0.4299335803923474,-0.9028605188239305
23.619281977452214,92.47912849355222,2024-06-30,95.3,681.0,18.444353069704626,299.05460409907715,0,-0.8741572761215379,0.48564293117863183
24.01946499293748,92.98434126584296,2024-07-02,22.5,582.0,30.28448045047508,86.82016988013577,0,0.9984603532054124,0.05547001962252301
26.18866667,91.76694444,2014-06-27,9.1,111.0,9.71256903814226,328.2379420738292,1,-0.5263928690593723,0.850241464175585
23.212919,92.558022,2025-06-01,135.8,863.0,14.316036001250898,63.67051824378261,1,0.896258327786788,0.4435324225722742
23.60861111,92.80972222,2024-05-28,55.2,498.0,27.283217341410616,28.62003004552823,1,0.47899876296551525,0.8778155757774557
23.239137,92.744468,2025-06-01,130.1,764.0,12.100620980622358,41.04407991844816,1,0.656639462828238,0.754204624658748
25.60966499105457,91.74079825148335,2025-05-30,120.1,1648.0,20.502566845451685,197.6501242199301,0,-0.30320365727694637,-0.9529257800132621
23.81904395457004,93.04994655217703,2024-05-28,77.8,742.0,28.211742334718924,118.88658176691072,0,0.8755776840267941,-0.48307734291133475
23.180354,92.486971,2025-06-01,121.3,744.0,8.909008679176942,308.2362020347396,1,-0.7854659982651174,0.6189048113962133
25.315176,91.923021,2007-07-19,73.1,1031.0,36.37450497669938,58.20668801836315,1,0.8499541976615934,0.5268565856828944
23.62277778,92.72444444,2024-05-28,66.7,816.0,7.073184559909984,58.58331729026044,1,0.8533990596523943,0.5212581366121869
23.194007,92.734654,2025-05-30,176.7,778.0,30.392612560861927,131.42548690488513,1,0.7498168238005881,-0.6616454720963469
23.61972222,92.72527778,2024-05-28,66.7,818.0,25.030235175024536,142.79207969379362,1,0.6047092177339832,-0.7964463334007847
26.318463077833123,94.73148063732452,2009-06-20,37.1,1421.0,33.73569503565634,104.03624346792648,0,0.9701425001453319,-0.242535625036333
23.206239,92.491221,2025-06-01,128.3,645.0,20.28221299365866,45.568052034992014,1,0.7140824382783129,0.700061619675368
25.133430984115936,91.84727402795508,2025-05-31,122.5,14.0,2.6229949491577687,315.0,0,-0.7071067811865477,0.7071067811865474
23.293453,92.858089,2025-05-30,209.0,892.0,22.90922270046461,163.04628041958543,1,0.2915991583718785,-0.9565406059529371
25.83528601788084,91.53644251727434,2025-05-31,32.7,328.0,7.932039610301627,305.5376777919744,0,-0.8137334712067351,0.5812381937190961
23.95731266922073,92.93336460267096,2024-06-28,3.0,1049.0,28.341773293875576,221.34777721969365,0,-0.6606278948920247,-0.7507135169227553
22.89397122886181,93.07537005782844,2025-05-31,11.3,466.0,24.3949924102524,90.0,0,1.0,6.123233995736766e-17
24.56917222,93.14073611,2024-07-02,62.4,355.0,25.23889012621452,202.15822157844264,1,-0.3771655684394091,-0.9261458491964305
23.789177922782915,92.96345397433603,2023-09-27,0.0,1094.0,33.73569503565634,345.96375653207355,0,-0.24253562503633241,0.970142500145332
23.58388889,92.71722222,2023-08-08,39.1,976.0,6.316300770630261,106.98747993596297,1,0.95636862112588,-0.29216272952891015
23.36966389,93.04609444,2024-07-09,6.8,568.0,39.82168944176523,71.92396592328534,1,0.95064559953551,0.3102788166855268
23.375520669078764,92.53063740810768,2024-05-28,60.4,735.0,33.68112415116932,334.0577045101283,0,-0.43746571884930663,0.8992350887457959
25.20283,91.20908,2008-08-10,22.6,50.0,15.021053780407591,248.80500182558785,1,-0.9323553668821434,-0.3615431783979112
23.3854149235258,92.44474433506424,2025-06-01,119.9,292.0,20.868399469699217,192.2647737278924,0,-0.21242964433104353,-0.9771763639228009
23.41733822192319,92.5493949592323,2025-06-01,132.1,390.0,35.392038959833194,155.77225468204583,0,0.41036467732879817,-0.9119215051751063
23.066146709848656,92.55195525598587,2025-06-02,2.0,195.0,13.538255793378935,132.27368900609375,0,0.7399400733959437,-0.6726727939963124
23.728876566204868,92.9781451267206,2024-05-28,74.8,1139.0,17.949166406534854,0.0,0,0.0,1.0
23.71,92.71611111,2024-05-28,71.2,949.0,16.619943771513,225.23322720330896,1,-0.7099792515543739,-0.7042225943281649
26.25444583556252,94.94492282288871,2023-08-17,4.2,1718.0,15.794492433669824,293.6293777306568,0,-0.9161573349021891,0.40081883401970775
23.66666667,92.72388889,2024-05-28,66.7,829.0,33.937730870513114,103.9034852282944,1,0.9707018670206398,-0.24028708946309227
23.593303154157308,92.51438161512986,2024-05-28,54.7,260.0,0.0,180.0,0,1.2246467991473532e-16,-1.0
23.62833333,92.72333333,2024-05-28,66.7,797.0,20.774202994758785,257.6945755189685,1,-0.977025401393116,-0.2131228871628306
25.795329827450534,92.10816370060718,2024-07-02,6.3,843.0,19.271883297492856,193.3924977537511,0,-0.2316205273060394,-0.972806214685367
25.770064,93.937891,2022-11-12,0.0,791.0,25.895214359847,15.004673055252413,1,0.2588978253454426,0.9659047137432349
25.03786859081721,92.20507919274108,2010-04-22,35.8,14.0,1.3121849935516046,135.0,0,0.7071067811865476,-0.7071067811865475
23.74068205095585,93.09942703450598,2024-08-15,35.1,1203.0,24.895681254017045,119.24882633654698,0,0.87250601594972,-0.4886033689318433
26.42608,94.398916,2025-07-07,11.5,865.0,48.59567094739326,209.5746785035084,1,-0.49355755074024343,-0.8697131389758879
26.20461153632173,92.11438752721654,2025-07-05,19.7,53.0,1.3121849935516046,135.0,0,0.7071067811865476,-0.7071067811865475
25.15572222,93.02277778,2016-05-22,0.7,613.0,26.6226679449848,180.0,1,1.2246467991473532e-16,-1.0
24.838587936260616,93.02976430461958,2024-07-17,5.9,29.0,0.9279360212320218,90.0,0,1.0,6.123233995736766e-17
26.425346,94.387013,2025-07-07,11.5,776.0,24.960148494987024,243.1532622994158,1,-0.8922177286496745,-0.45160549673715855
23.387941,92.842291,2024-05-28,109.9,964.0,27.073858713800085,268.1872170307945,1,-0.9994995275958833,-0.03163375310654691
23.70666667,92.71444444,2024-05-28,71.2,1029.0,49.74190134971497,181.71390567788933,1,-0.029908836251012073,-0.9995526306874042
23.11320165003642,92.37498330822284,2025-06-01,116.1,73.0,1.8553855108258317,0.0,0,0.0,1.0
23.54130278,93.10256944,2024-09-12,6.2,635.0,6.761234377964211,17.309768991471955,1,0.29753765748844707,0.9547100828923342
23.959524626866333,92.971802238772,2025-06-15,54.5,414.0,21.40948841806286,218.29016319224303,0,-0.61964428857902,-0.7848827655334268
24.05823611,93.28901944,2024-07-02,20.5,585.0,28.53264082165127,326.37999394850846,1,-0.5536823478355438,0.832727961398751
23.61372222,92.85188889,2016-09-17,5.9,1066.0,22.84926864886222,105.58186274570892,1,0.9632476463997296,-0.2686149134083616
23.1351,92.748694,2025-05-31,50.3,921.0,36.904728286347655,253.7446645142633,1,-0.9600237920437457,-0.2799184143816675
23.751694,92.731528,2007-09-08,120.0,946.0,23.18220130390684,340.7297448931005,1,-0.3300243774052167,0.9439724097230274
25.441897722022684,94.32568333559946,2025-07-07,22.3,1583.0,38.20906690122591,216.6341138759674,0,-0.5967027663445604,-0.8024623409461337
23.204282,92.576174,2025-06-01,135.8,770.0,26.10228764281159,142.37940272645622,1,0.6104299448638728,-0.7920702509332674
25.268015665861856,92.8692804668232,2022-05-14,85.4,741.0,8.735619977400724,341.565051177078,0,-0.3162277660168381,0.9486832980505138
23.65388889,92.72444444,2024-05-28,66.7,742.0,23.82615193954124,298.4251024918677,1,-0.8794401074313367,0.4760095560397491
23.24231111,93.17726667,2024-07-17,12.9,647.0,15.549956429163457,297.7018898713608,1,-0.8853782927006913,0.46487124971803634
23.06171908020004,92.47402246479278,2025-05-30,223.9,83.0,6.725013241134402,254.05460409907715,0,-0.961523947640823,-0.2747211278973783
23.301901,92.649401,2025-06-01,129.9,725.0,23.438189695862903,282.9314482843513,1,-0.9746385107123249,0.22378510548394745
23.320429511823694,93.37460583453657,2024-05-28,68.6,794.0,30.25566596245347,88.40885972880542,0,0.9996144206527183,0.02776706724035303
25.296,91.932,2022-04-04,64.1,1090.0,26.363911000919963,229.2695942431911,1,-0.7577881735090392,-0.6525006391489854
28.38919722,95.92776111,2024-04-24,8.2,605.0,36.94069806854797,351.5664546864953,1,-0.1466621988678494,0.9891866352833764
23.86154100857256,92.55358812282384,2024-05-28,74.8,378.0,16.46592430515794,279.4623222080256,0,-0.9863939238321437,0.16439898730535718
24.10864167,93.54198333,2024-09-28,1.0,741.0,5.144919550419527,100.34567996990424,1,0.983742172348969,-0.1795865761746444
25.71371689255721,92.15103541404028,2019-07-10,106.3,817.0,7.932039610301627,35.53767779197438,0,0.5812381937190965,0.813733471206735
25.74697,93.98167,2013-09-08,5.2,885.0,16.088110608651256,43.210825952440985,1,0.6846848312476334,0.7288392702505813
23.207082,92.509726,2025-06-01,135.8,735.0,10.141735214130286,280.4156845993152,1,-0.9835220172237016,0.18078838910787629
23.7106929357337,92.57000070648982,2024-05-28,65.6,1047.0,15.571183877747195,305.5376777919744,0,-0.8137334712067351,0.5812381937190961
24.44835069090076,93.7940722281094,2024-09-28,14.8,772.0,2.07420285773972,206.565051177078,0,-0.44721359549995826,-0.8944271909999157
23.746521103560525,93.23254453295434,2025-06-14,25.9,667.0,23.749926322957805,83.6598082540901,0,0.9938837346736189,0.1104315260748466
26.89074,92.12068,2021-04-28,0.8,228.0,42.32496267748874,340.21925146404305,1,-0.33842176384299016,0.9409945322675363
23.34297778,93.057775,2024-09-13,9.5,875.0,26.94808715208362,232.8207281023217,1,-0.796748593912859,-0.604310911781247
25.191610981956305,92.10322222186976,2020-05-26,106.2,387.0,17.30466568558618,8.972626614896393,0,0.1559625734730109,0.987762965329069
27.52119719419436,91.7832618299463,2016-04-22,21.6,1395.0,52.936635709382834,172.26640190097714,0,0.1345672723702748,-0.9909044601811137
22.79358994923193,92.50571102408064,2025-06-02,11.7,97.0,5.395220320479603,30.96375653207352,0,0.5144957554275266,0.8574929257125442
25.885905940218983,91.38170559913878,2014-07-17,7.3,332.0,2.6229949491577687,45.0,0,0.7071067811865476,0.7071067811865476
23.976048008592574,93.12592816660616,2024-09-24,8.1,1293.0,13.771943767699913,82.40535663140857,0,0.9912279006826347,0.1321637200910177
25.5667327,91.9146185,2024-10-04,20.1,1537.0,6.878718858790413,143.5344839390558,1,0.5943388711442728,-0.8042147140204235
24.74301270147396,93.43815091069698,2024-07-17,3.7,286.0,11.924651814200722,302.4711922908485,0,-0.8436614877321076,0.5368754921931591
25.30705686844893,94.06183917180132,2024-06-01,23.2,1231.0,31.16280184262426,187.69605172201656,0,-0.13391789600139478,-0.9909924304103234
23.52861111,92.6975,2024-05-28,60.9,825.0,39.31640225931685,330.3113608031811,1,-0.49528642346530244,0.8687297386016833
24.982574397937302,93.16583862227394,2016-05-17,118.4,93.0,14.770857145745182,227.48955292199915,0,-0.7371541402007412,-0.6757246285173465
23.427907705147152,92.56062329777504,2025-06-01,129.9,383.0,6.661843268442887,123.6900675259798,0,0.8320502943378435,-0.5547001962252293
24.309977221935902,93.11976118972898,2024-05-28,91.8,608.0,25.714075185067003,132.27368900609375,0,0.7399400733959437,-0.6726727939963124
23.72972222,92.85305556,2024-05-28,71.0,767.0,34.237369045200666,290.8788093458509,1,-0.9343363487913682,0.3563924625005625
25.724065899881627,92.10548303802604,2024-07-01,183.4,1027.0,15.008452298581508,25.016893478100023,0,0.42288546533112387,0.9061831399952655
26.39227399985661,91.96892784287944,2017-07-04,19.2,54.0,2.07420285773972,153.434948822922,0,0.4472135954999581,-0.8944271909999159
23.85136255180463,92.60171133870654,2024-07-02,32.2,382.0,20.50256684545169,265.0302592718897,0,-0.9962405881956828,-0.08662961636484252
23.595,92.81611111,2024-05-28,81.0,622.0,24.935908311201302,136.9135665935517,1,0.6831008654444015,-0.7303240428940496
25.67469444,91.88652778,2011-06-26,8.7,1062.0,4.622196164454146,0.0,1,0.0,1.0
23.786185275359653,92.99751583156764,2024-05-28,77.8,807.0,17.194283995818935,222.87890360333856,0,-0.680451099367278,-0.732793491626299
23.286735,92.85703,2025-05-31,50.1,882.0,34.728970329215684,47.43134662184546,1,0.7364672969715573,0.6764731483890606
23.41172886630037,93.33294497286052,2024-07-19,1.3,1237.0,33.65768082551752,4.184916125118416,0,0.072975638311578,0.9973337235915658
23.237356,92.744978,2025-06-05,0.0,774.0,7.118981445024938,25.004683152558016,1,0.42269233869325623,0.906273240700632
23.71972222,92.79777778,2024-05-28,71.2,215.0,19.473667981984324,92.62095390164806,1,0.998953913080432,-0.04572832318479129
23.10100556,93.19393611,2024-07-02,22.6,1048.0,22.64928275683389,320.80682729969084,1,-0.631936956677258,0.7750197950926707
23.065307154181543,92.55511059215686,2025-09-13,14.4,269.0,11.036260392791435,94.76364169072616,0,0.9965457582448797,-0.08304547985373971
26.11,94.76,2018-06-14,5.7,1005.0,22.80235356397969,180.0,1,1.2246467991473532e-16,-1.0
23.66055556,92.67277778,2024-05-28,65.6,1017.0,15.227539776531248,26.99862880670076,1,0.45396917618596744,0.8910173887601937
26.379798,94.450751,2025-07-07,15.7,896.0,20.82720351854668,85.1232885074183,1,0.9963799325458216,0.08501194045535
25.94024576178817,93.90040384954432,2013-09-08,5.6,153.0,1.8553855108258317,270.0,0,-1.0,-1.8369701987210297e-16
23.305939,92.857538,2025-06-01,128.0,922.0,28.11723382542493,81.29742137172913,1,0.9884870782306489,0.15130530780853352
27.4432,88.6087,2024-07-21,4.0,1570.0,29.779265083040315,325.0312998781485,1,-0.5731288595519392,0.8194652587808061
25.56891513461821,91.41895949669696,2024-06-28,7.6,1659.0,15.794492433669824,23.629377730656817,0,0.40081883401970775,0.9161573349021891
27.601454200345756,88.50888879891926,2014-07-01,7.6,3687.0,43.22797476213293,271.97493401088195,0,-0.9994059993535875,0.034462275839778636
23.56233889,93.11890833,2024-09-12,6.2,816.0,35.55767681200191,254.24949558096068,1,-0.9624528467162331,-0.2714489230920233
23.70620208380148,92.49028271634585,2024-05-28,60.7,873.0,32.823533556686016,61.50436138175503,0,0.8788534316656945,0.477091862904234
26.2272613,91.6922458,2008-12-26,1.5,67.0,11.871018033453302,180.0,1,1.2246467991473532e-16,-1.0
22.91746944289632,92.59616396407154,2025-06-01,100.2,96.0,16.834979945322214,285.52411099675425,0,-0.9635179096299407,0.2676438637860944
25.156817773756284,91.87470706162878,2025-05-30,36.7,13.0,1.8553855108258317,90.0,0,1.0,6.123233995736766e-17
25.762051,91.658959,2024-05-29,15.9,796.0,6.417324584152889,253.2901234757964,1,-0.9577729460219437,-0.2875256229772345
24.60022502873929,92.78397332190502,2010-04-02,13.0,62.0,1.8553855108258317,90.0,0,1.0,6.123233995736766e-17
23.73277778,92.79722222,2024-05-28,71.2,256.0,15.593195105026448,297.61425869722586,1,-0.8860882553766947,0.4635165624694391
23.437096963841427,92.97211786141123,2025-06-01,128.0,913.0,12.42394414032799,306.0273733851036,0,-0.8087360843031886,0.5881716976750462
23.799604049800173,92.52371069588848,2024-05-28,66.5,94.0,9.597985496774518,286.6992442339936,0,-0.9578262852211513,0.2873478855663458
23.191747,92.73459,2025-06-02,2.1,785.0,17.824673317331925,41.03401365724492,1,0.6565069469357405,0.754319977612361
25.76939,93.80278,2013-07-16,22.9,290.0,24.478947644622064,60.18392631466616,1,0.8676259987784616,0.49721738328791065
25.097777122775263,93.1993913077392,2016-05-22,1.1,474.0,17.949166406534854,270.0,0,-1.0,-1.8369701987210297e-16
23.316491,92.788798,2025-05-31,49.8,641.0,30.90617844493602,124.55710324498084,1,0.8235612765099103,-0.5672273123125922
