slno,slide_no,state,district,slide_name,nh_sh_location,latitude,longitude,material_involved,movement_type,history,label,event_date,rainfall_eligible,rainfall_mm,rainfall_raw,rainfall_status,elevation_m,slope_deg,aspect_deg
8,ASM/HLKD/83D10/2016/58,Assam,Hailakandi,Terracherra Slide,Terracherra area,24.478972,92.682861,Debris,Slide,17 May 2016,1,2016-05-17,True,129.3,1293.0,ok,65.0,15.491794668541605,352.6344269136552
14,ASM/HLKD/83D10/2016/59,Assam,Hailakandi,Lalcherra Slide (Rabinala),Near Patakhouri Durga Mandir Under Bilaipur Forest Village; Lala Police Station,24.511306,92.693028,Debris,Slide,18 May 2016,1,2016-05-18,True,53.0,530.0,ok,45.0,5.047019743663306,336.26881191184566
15,ASM/HLKD/83D10/2016/60,Assam,Hailakandi,Ramchandi (Koyabasti),Ramchandi area,24.515944,92.540889,Earth,Slide,18 May 2016,1,2016-05-18,True,50.3,503.0,ok,57.0,14.741657344455357,222.4867577487745
25,AS/CAC/83D10/2009-10/AS-1,Assam,Cachar,Palgana slide,Paglagaon (near Mursabarti) under Baghbahar GP part 3,24.57025,92.685,Debris,Slide,02 April 2010,1,2010-04-02,True,28.9,289.0,ok,49.0,6.2737099863105374,306.0382012919582
30,ASM/CCR/83H2/2016/66,Assam,Cachar,Khasiapunji slide,Khasiapunji village,24.645417,93.005361,Debris,Slide,31 August 2016,1,2016-08-31,True,36.7,367.0,ok,359.0,31.7008523338746,303.35184109684667
31,ASM/KRGJ/83D06/2016/61,Assam,Karimganj,Rakhalbasti,"Rakhalbasti, near Sonaicherra TG. Under Ram Krishna",24.659389,92.497361,Earth,Slide,18 May 2016,1,2016-05-18,True,57.2,572.0,ok,33.0,4.922640937629667,235.7215364215081
34,ASM/HLK/83D10/2020/004,Assam,Hailakandi,Mohanpur Grant Slide 2,"Mohanpur Grant, Hailakandi Circle.",24.70656,92.65008,Debris,Slide,02 June 2020,1,2020-06-02,True,47.5,475.0,ok,49.0,2.957906787565736,20.149156583516188
35,AS/KAR/83D06/2009-10/AS-2,Assam,Karimganj,Rongpur slide,Rongpur Village,24.710833,92.481167,Debris,Slide,03 June 2010,1,2010-06-03,True,36.9,369.0,ok,48.0,18.28534055299416,255.83756351947
36,ASM/CHR/83D14/2020/0002,Assam,Cachar,Govindnagar Slide,"Govindnagar Pt. II, Sonai",24.72192,92.90381,Debris,Slide,05 June 2020,1,2020-06-05,True,5.6,56.0,ok,39.0,10.281304858387433,11.318940832048485
37,ASM/HLK/83D10/2020/005,Assam,Hailakandi,Mohanpur Grant Slide 3,"Mohanpur Grant, Hailakandi Circle.",24.73117,92.64739,Debris,Slide,02 June 2020,1,2020-06-02,True,47.5,475.0,ok,39.0,11.538080943005752,217.62096844299683
38,ASM/KGJ/83D05/2020/0008,Assam,Karimganj,Karimpur Slide 2,"Karimpur, Nilam Bazar",24.78002778,92.45372222,Earth,Slide,02 June 2020,1,2020-06-02,True,32.4,324.0,ok,44.0,14.844340767609422,23.776643185034544
39,ASM/KGJ/83D05/2020/007,Assam,Karimganj,Karimpur Slide 1,"Karimpur, Nilam Bazar",24.78380556,92.45563889,Earth,Slide,02 June 2020,1,2020-06-02,True,32.4,324.0,ok,33.0,15.29453113577931,237.84885664993345
40,ASM/HLK/83D09/2020/006,Assam,Hailakandi,Chandipur Grant Slide,"Bowarthar, Chandipur, Algapur Circle.",24.79489,92.55506,Debris,Slide,02 June 2020,1,2020-06-02,True,44.9,449.0,ok,45.0,8.52084935664267,193.75484316306856
43,ASM/CHR/83H01/2020/001,Assam,Cachar,Kanakpur Slide,"Kanakpur Pt. III, Lakhipur, Joypur",24.92097,93.07306,Earth,Slide,02 June 2020,1,2020-06-02,True,83.9,839.0,ok,61.0,15.610303841618816,106.81988941330911
132,AS/NC/83C16/2009-10/AS-4,Assam,Dima Hasao,Mailongdisa-Harangajao slide,Between Mailongdisa and Harangajao Railway stations. CHainage:128.400 km to 128.600 km,25.121,92.915028,Debris,Slide,20 June 2010,1,2010-06-20,True,2.4,24.0,ok,306.0,18.023469976701968,19.227718282585712
137,AS/NC/83C16/2009-10/AS-5,Assam,Dima Hasao,Mailongdisa-Harangajao-2 slide,Between Mailongdisa and Harangajao railway station (Chainage: 130.100 Km to 130.400 Km),25.124306,92.904278,Debris,Slide,02 April 2010,1,2010-04-02,True,38.3,383.0,ok,283.0,21.93473740626112,52.9657884939593
138,AS/NC/83C16/2009-10/AS-3,Assam,Dima Hasao,Jatinga-Longrangajao slide,Between Jatinga and Longrangajao Railway stations (Chainage:120.100 km to 120.400 km),25.124583,92.989111,Debris,Slide,16 June 2010,1,2010-06-16,True,17.6,176.0,ok,526.0,19.67298441264933,354.26619854158923
163,AS/DH/83C16/2018/002,Assam,Dima Hasao,Jatinga Lampur landslide.,Between Jatinga Lampur Railway Station and Harangajao Railway Station.,25.146306,93.942167,Debris,Slide,14 June 2018,1,2018-06-14,True,20.2,202.0,ok,1287.0,14.82258207865847,322.5915961947721
242,AS/DH/83G04/2018/003,Assam,Dima Hasao,Phiding slide,"Near Phiding Railway Station. Between Mahur and Phiding RS, NFR.",25.224278,93.222861,Debris,Slide,14 June 2018,1,2018-06-14,True,75.3,753.0,ok,619.0,11.159846913366854,274.7014586388309
243,AS/NC/83G04/2009-10/AS-6,Assam,Dima Hasao,Mahur-Wadringdisa slide,,25.229556,93.1556,Debris,Slide,02 April 2010,1,2010-04-02,True,18.3,183.0,ok,466.0,18.566834655931444,43.7729140168995
452,AS/DH/83G04/2018/004,Assam,Dima Hasao,Dautohaja Tunnel No. 3 slide.,"Between Phiding and Dautohaja Railway Station, NFR.",26.098167,91.881278,Debris,Slide,14 June 2018,1,2018-06-14,True,56.3,563.0,ok,83.0,5.2261642648353295,280.1822354691988
469,AS/DH/83C16/2018/001,Assam,Dima Hasao,Bandarkhal landslide.,Between NFR Bridge No. 305 and Tunnel No. 19 (~2 km SW of Bandarkhal Railway Station).,26.11,94.76,Debris,Slide,14 June 2018,1,2018-06-14,True,5.7,57.0,ok,1005.0,22.80235356397969,180.0
474,AS/KRP/78N16/2018/001,Assam,Kamrup,Shankardev Nagar slide,NH37 towards Shillong.,26.112667,91.853889,Debris,Slide,24 August 2018,1,2018-08-24,True,18.0,180.0,ok,188.0,27.167852278503283,245.82158169390303
490,ASM/KMP/78N16/2017/03,Assam,Kamrup (Metro),Anandapur-Gangapur slide,Hengrabari,26.15428,91.79264,Debris,Slide,13 June 2017,1,2017-06-13,True,83.4,834.0,ok,78.0,8.251325040595896,276.4018857448293
503,ASM/KMP/78N16/2017/05,Assam,Kamrup (Metro),Dakshin Saraniya-1,Ganpat Mandir road,26.17672,91.76525,Debris,Slide,13 June 2017,1,2017-06-13,True,83.4,834.0,ok,87.0,18.70176595802712,253.34566228697727
504,ASM/KMP/78N16/2017/0004,Assam,Kamrup (Metro),Dakshin Saraniya-2,Ganpat Mandir road,26.17756,91.76589,Debris,Slide,13 June 2017,1,2017-06-13,True,83.4,834.0,ok,96.0,18.48184268050404,283.99775847676966
506,ASM/KMP/78N16/2017/06,Assam,Kamrup (Metro),Bonda-Hajongdisa slide,Tuinang colony,26.18842,91.85125,Earth,Slide,16 June 2017,1,2017-06-16,True,78.8,788.0,ok,96.0,29.64948940890271,20.378275704335778
513,ASM/KAM/78N16/2017/08,Assam,Kamrup (Metro),Bonda colony slide no. 2,"Babubasti–Panikhaiti road section/Bonda colony, Amgaon",26.19081,91.84528,Earth,Slide,04 July 2017,1,2017-07-04,True,24.4,244.0,ok,67.0,23.03357865049836,229.7194724741432
517,AS/KRP/78N16/2018/003,Assam,Kamrup,Hastinapur landslide,Hastinapur Near Jorabat opposite of Cow bazaar,26.195306,91.765639,Debris,Slide,24 August 2018,1,2018-08-24,True,24.4,244.0,ok,85.0,7.180918242081233,59.112290009260576
519,AS/KAM/78N16/2014/05,Assam,Kamrup (Metro),Karghuli,Chandmari Road,26.19622,91.76336,Earth,Flow,23 March 2011,1,2011-03-23,True,0.0,0.0,ok,90.0,5.230395958110139,79.82613665283452
521,AS/NC/83G04/2009/B-5,Assam,Dima Hasao,Phaiding Landslide,,26.20261,91.14528,Debris,,20 August 2009,1,2009-08-20,True,6.1,61.0,ok,37.0,9.385768575579982,119.28257114096712
522,ASM/KAM/78N16/2017/09,Assam,Kamrup (Metro),Panikhaiti–Bongaon slide,"Panikhaiti, Bongaon, near railway line.",26.20536,91.86497,Debris,Slide,03 July 2017,1,2017-07-03,True,8.1,81.0,ok,69.0,15.829895204726135,242.85599144984684
548,ASM/KAM/78N16/2017/07,Assam,Kamrup (Metro),Bonda colony slide no. 1,"Babubasti–Panikhaiti road section/Bonda colony, Amgaon",26.37456,91.84561,Earth,Slide,04 July 2017,1,2017-07-04,True,16.0,160.0,ok,61.0,4.236120339487068,150.8344486076349
589,AS/UDA/83B01/2021/02,Assam,Udalguri,,,26.88969,92.12266,Rock-cum- debris,Falls,28 April 2021,1,2021-04-28,True,0.8,8.0,ok,261.0,46.77437541692691,22.017298212355
590,AS/UDA/83B01/2021/01,Assam,Udalguri,,,26.89074,92.12068,Rock-cum- debris,Falls,28 April 2021,1,2021-04-28,True,0.8,8.0,ok,228.0,42.32496267748874,340.21925146404305
614,AS/KAM(M)/76N16/2024/2,Assam,Kamrup (Metro),Garo Basti Slide,"Garo Basti Slide, 8th Mile, Guwahati",26.11464,91.83886,Earth,Slide,05 July 2024,1,2024-07-05,True,20.9,209.0,ok,175.0,17.698138150743294,210.5236488258427
615,AS/K(M)/76N16/2024/01,Assam,Kamrup (Metro),Rudra Nagar Slide,"Rudra Nagar, Near Rajohuwa Namghar, Chandmari",26.19044,91.77502,Earth,Slide,24 May 2024,1,2024-05-24,True,0.0,0.0,ok,109.0,10.486949094280645,330.8731266802389
623,ASM/DH/83G04/2022-23/014,Assam,Dima Hasao,South Bagetar Slide 1,South Bagetar,25.16736,93.00953,Debris,Slide,15 May 2022,1,2022-05-15,True,73.9,739.0,ok,630.0,18.851772462572853,353.9930210648017
624,ASM/DH/83G04/2022-23/017,Assam,Dima Hasao,Kana Basti Slide 2,"Kana Basti, Haflong",25.16023,93.01084,Debris,Slide,14 May 2022,1,2022-05-14,True,66.9,669.0,ok,591.0,21.41394512450336,294.3496617492387
632,ASM/DH/83G04/2022-23/015,Assam,Dima Hasao,South Bagetar Slide 2,South Bagetar,25.16579,93.00948,Debris,Slide,14 May 2022,1,2022-05-14,True,66.9,669.0,ok,581.0,17.93729219281879,318.5265767349201
633,ASM/DH/83G04/2022-23/016,Assam,Dima Hasao,Kana Basti Slide 1,"Kana Basti, Haflong",25.15859,93.01292,Debris,Slide,14 May 2022,1,2022-05-14,True,66.9,669.0,ok,586.0,14.726699616701769,287.9140663727824
634,AS/KAMRUP(M)/78N16/2014- 15/0006,Assam,Kamrup (Metro),"Dakhingaon, slide.",Near Kahilipara-Ganesh mandir road.,26.13441667,91.74875,Debris,Flow,22 September 2014,1,2014-09-22,True,170.5,1705.0,ok,107.0,7.1488730223194645,25.518733585664705
636,AS/KAMRUP(M)/78N16/2014- 15/0007,Assam,Kamrup (Metro),Ganeshpur-Lalmati Slide,"About 500 m south of Game village, Lalmati, NH-37",26.10711111,91.78916667,Earth,Flow,23 September 2014,1,2014-09-23,True,3.7,37.0,ok,68.0,16.167813130045932,83.59554978614199
637,AS/KAMRUP/78N12/2015- 16/0004,Assam,Kamrup,Jorabat-Khanapara,"About 200 m North of NH-31, In front of IIT(G) approach",26.09961111,91.87811111,Earth,Slide the loose soil from top (already cut in the area) due to heavy rain.,25 September 2014,1,2014-09-25,True,5.2,52.0,ok,86.0,9.240795097969604,353.6460174080705
640,ASM/DH/83G04/2022-23/027,Assam,Dima Hasao,Mahadev Tilla Slide 1,"Mahadev Tilla, Haflong",25.15556,93.021583,Debris,Slide,14 May 2022,1,2022-05-14,True,66.9,669.0,ok,610.0,10.63509550805223,301.10837793024643
642,ASM/DH/83G04/2022-23/026,Assam,Dima Hasao,Lower Songpijang Slide 1,"Lower Sonpijang, Haflong",25.158138,93.024778,Earth,Slide,15 May 2022,1,2022-05-15,True,73.9,739.0,ok,543.0,7.359783929182829,75.50036284415934
643,ASM/DH/83G4/ PD/2016/55,Assam,Dima Hasao (N.C. Hills),Nutan Lampur slide -1,"NH 54, near Nutan Lampur",25.24194444,93.14319444,Debris,Slide,22 May 2016,1,2016-05-22,True,0.5,5.0,ok,624.0,23.36612614341044,124.152432364692
644,ASM/DH/83G4/ PD/2016/04,Assam,Dima Hasao (N.C. Hills),Mupa – Langting RF Rock slide,"NH 54, Mupa – Langting Reserved Forest,",25.41733333,93.12908333,Rock,Slide,22 May 2016,1,2016-05-22,True,0.3,3.0,ok,387.0,3.210280506236405,253.2446068645432
647,ASM/DH/83G04/2022-23/025,Assam,Dima Hasao,Tularam Raji Slide 2,"Tularam Raji, Haflong",25.16804,93.02503,Debris,Slide,14 May 2022,1,2022-05-14,True,66.9,669.0,ok,485.0,22.40055043431101,85.5000258176482
649,ASM/DH/83G04/2022-23/044,Assam,Dima Hasao,Tularam Raji Slide 3,"Tularam Raji, Haflong",25.168083,93.024922,Earth,Slide,14 May 2022,1,2022-05-14,True,66.9,669.0,ok,485.0,22.400557509193817,85.50002739801769
650,ASM/DH/83G4/ PD/2016/56,Assam,Dima Hasao (N.C. Hills),Nutan Lampur slide -2,"NH 54, near Nutan Lampur,",25.27480556,93.14555556,Rock,Slide,22 May 2016,1,2016-05-22,True,0.5,5.0,ok,497.0,14.853673897386862,336.1380095909914
651,ASM/DH/83G4/ PD/2016/53,Assam,Dima Hasao (N.C. Hills),Mahur railway station slide,"Mahur railway station, Haflong, Dima Hasao (NC Hills)",25.18955556,93.09641667,Debris,Slide,22 May 2016,1,2016-05-22,True,0.7,7.0,ok,535.0,24.01906447738133,11.565664278212893
654,ASM/KAMRUP(M)/78N16/2016- 17/62,Assam,Kamrup (Metro),Piyali Phukan Nagar Slide,"Njiura Par Path, Piyali Phukan Nagar, Guwahati.",26.19552778,91.78055556,Earth,Slide,22 June 2016,1,2016-06-22,True,8.7,87.0,ok,165.0,18.89727680503074,31.76356842391665
655,ASM/DH/83G04/2022-23/032,Assam,Dima Hasao,Moulhoi Slide 3,Moulhoi village,25.17483,93.019861,Debris,Slide,15 May 2022,1,2022-05-15,True,73.9,739.0,ok,650.0,32.70225009879591,103.10057606182568
656,ASM/DH/83G04/2022-23/033,Assam,Dima Hasao,Mahadev Tilla slide 2,Mahadev Tilla village,25.1568056,93.019722,Debris,Slide,13 May 2022,1,2022-05-13,True,74.8,748.0,ok,638.0,27.76280076081021,17.78343843396101
666,ASM/DH/83G04/2022-23/047,Assam,Dima Hasao,Natun Basti Slide 5,"Natun Basti, Haflong",25.162667,93.009806,Debris,Slide,14 May 2022,1,2022-05-14,True,66.9,669.0,ok,570.0,19.96337830840901,249.13832919163588
668,ASM/DH/83G4/ PD/2016 /01,Assam,Dima Hasao (N.C. Hills),Migrendisa slide,"Near Migrendisa Railway Station, Migrendisa.",25.17986111,93.07077778,Debris,Slide,17 May 2016,1,2016-05-17,True,116.3,1163.0,ok,512.0,4.801742482699243,39.65026340918259
669,ASM/DH/83G4/PD/2016/02,Assam,Dima Hasao (N.C. Hills),New Haflong R. S slide(1),West slope of New Haflong Railway Station.,25.14677778,93.03097222,Debris,Slide,17 May 2016,1,2016-05-17,True,116.3,1163.0,ok,483.0,23.56965703813817,100.67986140883322
670,ASM/DH/83G4/ PD/2016/25,Assam,Dima Hasao,Mahadev Tila slide-2,"Haflong town, Dima Hasao (NC Hills)",25.15561111,93.02222222,Debris,Slide,17 May 2016,1,2016-05-17,True,116.3,1163.0,ok,617.0,17.93667776662697,221.4710507195244
671,ASM/DH/83G4/PD/2016/26,Assam,Dima Hasao,Haflong-Jatinga road section slide-01,"Haflong town, Dima Hasao (NC Hills)",25.15658333,93.01961111,Debris,Slide,22 May 2016,1,2016-05-22,True,0.7,7.0,ok,624.0,22.80235356397969,0.0
672,ASM/DH/83G4/ PD/2016/29,Assam,Dima Hasao (N.C. Hills),Haflong-Jatinga road section slide-04,"Haflong town,",25.15713889,93.01719444,Debris,Slide,27 May 2016,1,2016-05-27,True,3.6,36.0,ok,651.0,34.00534015339872,349.31816992413
673,ASM/DH/83G4/ PD/2016/42,Assam,Dima Hasao (N.C. Hills),96 km Migrendisa slide,"96 km, Migrendisa – Haflong rail section, near Diyung bridge.",25.164,93.04019444,Debris,Slide,22 May 2016,1,2016-05-22,True,0.7,7.0,ok,450.0,17.506517277103256,13.09425000281732
683,ASM/DH/83G4/PD/2016/43,Assam,Dima Hasao (N.C. Hills),New Haflong R.S. slide - (2),New Haflong Railway Station,25.14872222,93.03191667,Debris,Creep,17 May 2016,1,2016-05-17,True,116.3,1163.0,ok,451.0,29.97321754452676,38.276435864478
684,ASM/DH/83G4/PD/2016/44,Assam,Dima Hasao (N.C. Hills),New Haflong R. S slide(3),"New Haflong Railway Station, Dima Hasao (NC Hills)",25.14525,93.02916667,Debris,Slide,17 May 2016,1,2016-05-17,True,116.3,1163.0,ok,542.0,29.13955886646751,83.33779388315354
685,ASM/DH/83G4/ PD/2016/24,Assam,Dima Hasao,Mahadev Tilla-1,"Mahadev Tilla, Haflong,Dima Hasao (NC Hills)",25.15572222,93.02277778,Earth,Slide,22 May 2016,1,2016-05-22,True,0.7,7.0,ok,613.0,26.6226679449848,180.0
686,ASM/DH/83G4/ PD/2016 /35,Assam,Dima Hasao,Haflong – Gunjung road section soil creep-6,Haflong – Gunjung road section,25.23230556,93.03333333,Earth,Creep,17 May 2016,1,2016-05-17,True,81.4,814.0,ok,554.0,20.129412443477364,282.7429038553116
694,ASM/DH/83G4/ PD/2016/07,Assam,Dima Hasao (N.C. Hills),Haflong – Gunjung slide-1,Near Gunjung village road section,25.20552778,93.02013889,Debris,Slide,22 May 2016,1,2016-05-22,True,0.2,2.0,ok,346.0,17.21509250417657,332.52060731026194
695,ASM/DH/83G4/ PD/2016/31,Assam,Dima Hasao,Haflong – Gunjung road section slide- 02,Haflong – Gunjung road section,25.24597222,93.02827778,Debris,Slide,22 May 2016,1,2016-05-22,True,0.2,2.0,ok,604.0,20.557592327289576,287.56621417897225
700,AS/K(M)/76N16/2024/01,Assam,Kamrup (Metro),Rudra Nagar Slide,"Rudra Nagar, Near Rajohuwa Namghar, Chandmari",26.19052,91.77499,Earth,Slide,24 May 2024,1,2024-05-24,True,0.0,0.0,ok,109.0,10.486950762732516,330.8731099495716
701,ASM/DH/83G4/ PD/2016/30,Assam,Dima Hasao,Gadhi Rojai Slide,"Haflong town, Dima Hasao (NC Hills)",25.15933333,93.017,Earth,Slide,22 May 2016,1,2016-05-22,True,0.7,7.0,ok,685.0,7.138222640252902,154.6628155344973
705,ASM/DH/83G4/ PD/2016/28,Assam,Dima Hasao,Haflong-Jatinga road section slide-03,"Haflong town, Dima Hasao (NC Hills)",25.15736111,93.01608333,Rock,Slide,22 May 2016,1,2016-05-22,True,0.7,7.0,ok,641.0,27.336082242973617,339.78297995842814
706,ASM/DH/83G4/ PD/2016/33,Assam,Dima Hasao,Haflong – Gunjung road section slide- 04,Haflong – Gunjung road section,25.23880556,93.03219444,Rock,Slide,22 May 2016,1,2016-05-22,True,0.2,2.0,ok,569.0,17.427559021713506,294.3357762118202
707,ASM/DH/83G4/ PD/2016/40,Assam,Dima Hasao (N.C. Hills),Lungkok slide (Haflong – Gunjung road 11),"-Haflong – Gunjung road section, Lungkok village, Lower Haflong",25.19669444,93.01858333,Rock,Slide,22 May 2016,1,2016-05-22,True,0.7,7.0,ok,453.0,23.598226652834537,128.993772223926
708,ASM/DH/83G4/ PD/2016/41,Assam,Dima Hasao (N.C. Hills),Lower Haflong slide (Haflong – Gunjung road-12),"Haflong – Gunjung road section, Lower Haflong",25.18844444,93.01966667,Rock,Slide,22 May 2016,1,2016-05-22,True,0.7,7.0,ok,522.0,28.065101109021,123.08574348693264
709,ASM/DH/83G4/ PD /2016/03,Assam,Dima Hasao (N.C. Hills),Heuwangberam subsidence zone-1,"NH 54, Heuwangberam,",25.20738889,93.12277778,Debris,"Initially started as a subsidence, now movement of slope mass has already been initiated.",20 August 2014,1,2014-08-20,True,2.7,27.0,ok,683.0,15.804640153558848,304.8370894973005
710,ASM/DH/83G4/ PD/2016/10,Assam,Dima Hasao,N.D Raji.-1,"N.D Raji village, Haflong, Dima Hasao (NC Hills)",25.17597222,93.02016667,Debris,Slide,22 May 2016,1,2016-05-22,True,0.7,7.0,ok,590.0,28.49235651399749,107.33162216245309
711,ASM/DH/83G4/ PD/2016/11,Assam,Dima Hasao,N.D Raji (Hamar)-2,"N.D Raji (Hamar)village, Haflong, Dima Hasao (NC Hills)",25.17505556,93.02041667,Debris,Slide,22 May 2016,1,2016-05-22,True,0.7,7.0,ok,574.0,25.75272720869977,90.0
712,ASM/DH/83G4/ PD/2016/12,Assam,Dima Hasao,"Huonveng, N.D Raji-3","N.D Raji (Hmar)village, Haflong, Dima Hasao (NC Hills)",25.17188889,93.02061111,Debris,Slide,22 May 2016,1,2016-05-22,True,0.7,7.0,ok,575.0,45.95699277207127,111.08056516855004
713,ASM/DH/83G4/ PD/2016/13,Assam,Dima Hasao,Songpiang-1,"Songpiang village, Haflong, Dima Hasao (NC Hills)",25.16563889,93.02544444,Debris,Fall,22 May 2016,1,2016-05-22,True,0.7,7.0,ok,516.0,13.62725831030783,117.83246950543528
714,ASM/DH/83G4/ PD/2016/14,Assam,Dima Hasao,Songpiang-2,"Songpiang village, Haflong, Dima Hasao (NC Hills)",25.16344444,93.02316667,Debris,Slide,22 May 2016,1,2016-05-22,True,0.7,7.0,ok,557.0,20.11945486984009,77.25012360674029
715,ASM/DH/83G4/ PD/2016/15,Assam,Dima Hasao,Boro Haflong-1,"Near Boro Haflong village, Haflong, Dima Hasao (NC Hills)",25.15069444,93.02583333,Debris,slide,22 May 2016,1,2016-05-22,True,0.7,7.0,ok,672.0,16.56974691341318,115.76984075015042
716,ASM/DH/83G4/ PD/2016/16,Assam,Dima Hasao,"Vidya Mandir, Boro Haflong-2","Boro Haflong, Haflong, Dima Hasao (NC Hills)",25.14586111,93.02419444,Debris,Slide,22 May 2016,1,2016-05-22,True,0.7,7.0,ok,704.0,18.74651482736755,90.0
717,ASM/DH/83G4/ PD/2016/17,Assam,Dima Hasao,"Near and below Assam rifles camp, Boro Haflong-3.","Boro Haflong, Haflong, Dima Hasao (NC Hills)",25.14041667,93.02038889,Debris,Slide,22 May 2016,1,2016-05-22,True,0.7,7.0,ok,732.0,28.00372150945085,34.81924460906291
718,ASM/DH/83G4/ PD/2016/18,Assam,Dima Hasao,Jatinga-Haflong Road section-1.,"Jatinga-Haflong Road section, Haflong, Dima Hasao (NC Hills)",25.13961111,93.01955556,Debris,Slide,22 May 2016,1,2016-05-22,True,0.7,7.0,ok,741.0,20.11601679349404,77.24771459983062
722,ASM/DH/83G4/ PD/2016/23,Assam,Dima Hasao,Mahur,"Mahur, Dima Hasao (NC Hills)",25.17638889,93.11613889,Debris,Slide,22 May 2016,1,2016-05-22,True,0.8,8.0,ok,564.0,15.024275874900376,164.5575929777429
723,ASM/DH/83G4/ PD/2016/05,Assam,Dima Hasao (N.C. Hills),Khongsai slide-1,"Khongsai village, Haflong,",25.1775,93.02622222,Earth,Shallow rotational,22 May 2016,1,2016-05-22,True,0.7,7.0,ok,484.0,15.493169534680346,7.406776072825707
724,ASM/DH/83G4/ PD/2016/08,Assam,Dima Hasao,Khongsai slide- 2,"Khongsai village, Haflong, Dima Hasao (NC Hills)",25.17691667,93.02655556,Earth,Slide,22 May 2016,1,2016-05-22,True,0.7,7.0,ok,452.0,24.89511064718753,25.05557532480367
725,ASM/DH/83G4/ PD/2016/09,Assam,Dima Hasao,Muolhoi /Gilgal,"Muolhoi /Gilgal village, Haflong, Dima Hasao (NC Hills)",25.17702778,93.02088889,Earth,Slide,22 May 2016,1,2016-05-22,True,0.7,7.0,ok,571.0,8.994537860685414,52.19882681400998
727,ASM/DH/83G4/ PD/2016/19,Assam,Dima Hasao,Jatinga-2,"Jatinga, Haflong, Dima Hasao (NC Hills)",25.13447222,93.01897222,Rock,Slide,22 May 2016,1,2016-05-22,True,0.7,7.0,ok,757.0,12.359158906317498,63.71950304425975
728,ASM/KAM (M)/78N16/2017/0006,Assam,Kamrup (Metro),"Bonda, Hajongdisa slide",Tuinang colony,26.18841667,91.85125,Earth,Slide,16 June 2017,1,2017-06-16,True,78.8,788.0,ok,96.0,29.649489323527888,20.378275169743688
729,ASM/KAM(M)/78N16/2016/63,Assam,Kamrup (Metro),Mandakini slide,"Mandakini path, Kharghuli",26.19244444,91.76422222,Earth,Slide,20 July 2016,1,2016-07-20,True,14.6,146.0,ok,101.0,15.151353433007086,86.57658287738205
730,ASM/KAM/78N16/2019/03,Assam,Kamrup (Metro),Amiya Nagar Slide,Chandmari,26.19236111,91.78080556,Debris,Subsidence,10 July 2019,1,2019-07-10,True,55.1,551.0,ok,91.0,12.039212769849623,9.728840464100315
731,ASM/KAM/78N12/2019/04,Assam,Kamrup (Metro),Bezbaruah Nagar slide,"Nilachalpur, Bezbaruah Nagar",26.15805556,91.71258333,Debris,Slide,16 July 2019,1,2019-07-16,True,1.9,19.0,ok,85.0,18.82820039971496,198.4812537781418
732,ASM/West Sarania/78N16/2016- 17/65,Assam,Kamrup (Metro),West Sarania slide (Guwahati),"Pub Sarania hill, Guwahati.",26.1755,91.76175,Debris,Slide,14 July 2016,1,2016-07-14,True,10.8,108.0,ok,62.0,6.457665776341533,0.0
733,ASM/ Nijabara/78N16/2016- 17/64,Assam,Kamrup (Metro),Nijabara slide (Guwahati),"Noonmati, Guwahati.",26.19038889,91.80994444,Earth,Slide,14 July 2016,1,2016-07-14,True,5.4,54.0,ok,94.0,21.292866168991623,185.30571789658347
734,AS/KAMRUP(M)/78N16/2014- 15/0004,Assam,Kamrup (Metro),"Nabragraha Slide, Bapuji Nagar Housing Complex.","SH: Chandmari Road. Localtiy: Bapuji Nagar Housing Complex, Guwahati.",26.18866667,91.76694444,Earth,Flow,27 June 2014,1,2014-06-27,True,9.1,91.0,ok,111.0,9.71256903814226,328.2379420738292
736,AS/KAMRUP(M)/78N16/2014- 15/0005,Assam,Kamrup (Metro),"Karghuli Landslide, Bankuwar Nagar, Guwahati.(Twin Slide in same road)","SH: Chandmari Road. Localtiy: Bankuwar Nagar, Karghuli Pahar, Guwahati.",26.19622222,91.76336111,Earth,Flow,27 June 2014,1,2014-06-27,True,9.1,91.0,ok,90.0,5.230396054167387,79.82613684272154
759,AS/KAM/76N16/2024/1,Assam,Kamrup (Metro),Garo Basti Slide,"Garo Basti Slide, 8th Mile, Guwahati",26.11464,91.83886,Earth,Slide,05 July 2024,1,2024-07-05,True,20.9,209.0,ok,175.0,17.698138150743294,210.5236488258427
761,ASM/KAM (M)/78N16/2017/0004,Assam,Kamrup (Metro),Dakshin Saraniya-2,Ganpat Mandir road,26.17755556,91.76588889,Debris,Slide,13 June 2017,1,2017-06-13,True,83.4,834.0,ok,96.0,18.48184206269169,283.99775898902647
762,ASM/KAM (M)/78N16/2017/04,Assam,Kamrup (Metro),Dakshin Saraniya-1,Ganpat Mandir road,26.17672222,91.76525,Debris,Slide,13 June 2017,1,2017-06-13,True,83.4,834.0,ok,87.0,18.701766262232105,253.3456625866084
763,ASM/KAM (M)/78N16/2017/0003,Assam,Kamrup (Metro),Anandapur-Gangapur slide,Hengrabari,26.15427778,91.79263889,Debris,Slide,13 June 2017,1,2017-06-13,True,83.4,834.0,ok,78.0,8.251324887683426,276.4018858656277
764,AS/KAMRUP (M)/78N16/2014- 15/0002,Assam,Kamrup (Metro),Udayachal Slide.,"Guwahati-Shillong Road (Merges with NH-37), Udayachal pahar, Near Guwahati Medical College.",26.15477778,91.77411111,Earth,Flow,27 june 2014,1,2014-06-27,True,9.1,91.0,ok,105.0,12.039105201252614,170.27423563748053
765,AS/KAMRUP(M)/78N16/2014- 15/0003,Assam,Kamrup (Metro),"Bamunimaidan, South Railway Colony slide.","SH: Zoo Tiniali-Narengi Road. Localtiy: Bamunimaidan, South Railway Colony (Near Hatigar), Guwahati.",26.17672222,91.78672222,Earth,Flow,27 june 2014,1,2014-06-27,True,9.1,91.0,ok,85.0,27.481482454891456,216.07595775899293
766,ASM/KAMRUP(M)/78N16/2016- 17/057,Assam,Kamrup (Metro),Jyotinagar Slide,"Akashi Nagar, Jyoti Nagar, Guwahati.",26.1895,91.78716667,Earth,Slide,18 April 2016,1,2016-04-18,True,14.7,147.0,ok,70.0,11.871018033453302,180.0
767,ASM/DH/83G3/ PD/2017 /02,Assam,Dima Hasao (N.C. Hills),Mupa slide,"Between Mupa and Dinhaku Railway Station,",25.40586111,93.11097222,Debris,Slide,20 May 2017,1,2017-05-20,True,8.7,87.0,ok,252.0,19.86479622695564,333.5185193270988
768,ASM/DH/83G3/ PD/2017 /01,Assam,Dima Hasao (N.C. Hills),Boila bridge slide,"Between Mupa and Dinhaku Bridge approach no102, at km 51/9 as 52/1",25.39155556,93.11316667,Soil,Subsidence,03 June 2017,1,2017-06-03,True,40.7,407.0,ok,208.0,15.047874678445954,233.0263929119016
769,AS/KRP/78N/16/2018/003,Assam,Kamrup,Hastinapur landslide,Hastinapur Near Jorabat opposite of cow bazaar.,26.11266667,91.85388889,Debris,Slide,24 August 2018,1,2018-08-24,True,18.0,180.0,ok,188.0,27.16785222381732,245.82158163346315
770,ASM/CHR/83H01/2020/001,Assam,Cachar,Kanakpur Slide,"Kanakpur Pt. III, Lakhipur, Joypur",24.92097,93.07306,Earth,Slide,02 June 2020,1,2020-06-02,True,83.9,839.0,ok,61.0,15.610303841618816,106.81988941330911
771,AS/KRP/78N16/2018/002,Assam,Kamrup,Kharghuli slide,"Kharghuli area, near Kharghuli post office in Guwahati.",26.19530556,91.76563889,Debris,Slide,31 August 2018,1,2018-08-31,True,0.2,2.0,ok,85.0,7.180918222310011,59.11228991389815
772,AS/KAMRUP/78N12/2015- 16/0001,Assam,Kamrup,Jayguru Kalipahar Slide,"About 200 m North of NH-31, In north of IIT(G) approach",26.21111111,91.68416667,Debris,Toppled the wedged weathered rocks blocks.,01 September 2015,1,2015-09-01,True,12.3,123.0,ok,65.0,16.33485822793543,292.7181154125957
773,ASM/KAM/78N16/2020/001,Assam,Kamrup (Metro),Hirimbapur landslide,Kharghuli,26.19330556,91.77725,Debris,Slide,28 June 2020,1,2020-06-28,True,13.0,130.0,ok,172.0,18.853438784643977,6.058539742122221
774,ASM/KAM/78N16/2020/002,Assam,Kamrup (Metro),Ambher landslide,12th mile near Jorabat,26.09150556,91.87898611,Earth,Slide,12 July 2020,1,2020-07-12,True,12.3,123.0,ok,77.0,4.221370426600287,257.3456215682095
775,ASM/KAM/78N12/2020/003,Assam,Kamrup (Metro),Gauripur landslide,NH-31,26.21305556,91.6925,Rock,Fall,26 June 2020,1,2020-06-26,True,56.7,567.0,ok,73.0,26.119540269784043,30.971592909387383
776,ASM/K(M)/78N16/2022-23/003,Assam,Kamrup (Metro),Salbari,Near Noonmati bazaar road,26.1916,91.80361,Debris,Slide,16 June 2022,1,2022-06-16,True,140.2,1402.0,ok,84.0,14.912893836407656,48.0976383673386
777,ASM/K(M)/78N16/2022-23/001,Assam,Kamrup (Metro),Upper Luitpur,Upper Luitpur,26.19322,91.77033,Earth,Slide,16 June 2022,1,2022-06-16,True,146.0,1460.0,ok,164.0,22.497355063537416,192.56516790134577
778,ASM/K(M)/78N16/2022-23/002,Assam,Kamrup (Metro),Anandanagar,Anandanagar,26.18789,91.79493,Earth,Slide,17 June 2022,1,2022-06-17,True,59.1,591.0,ok,96.0,17.89807987757442,63.2171679197875
779,ASM/DH/83G04/2022-23/023,Assam,Dima Hasao,Disgao Raji Slide,"Disgao Raji, Haflong",25.17136,93.01102,Debris,Slide,14 May 2022,1,2022-05-14,True,66.9,669.0,ok,700.0,4.19063872821723,102.74907582816812
783,ASM/DH/83G04/2022-23/030,Assam,Dima Hasao,Merryland Slide,Merryland colony,25.177416,93.00975,Debris,Slide,16 May 2022,1,2022-05-16,True,71.4,714.0,ok,691.0,23.095389930520128,170.35213705196327
785,ASM/DH/83G04/2022-23/022,Assam,Dima Hasao,Lower Haflong Slide 2,Lower Haflong,25.18919,93.02118,Debris,Slide,15 May 2022,1,2022-05-15,True,73.9,739.0,ok,481.0,7.361522076197069,104.49609984580049
786,AS/KRM/83D06/2014-15/0001,Assam,Karimganj,"Satkaragul (Pathariya Hills RF),","NH-44. Satkaragul Village near Nilambazar, Nilambazar Circle, Karimganj.",24.70619444,92.28997222,Earth,Flow,10 May 2014,1,2014-05-10,True,1.5,15.0,ok,44.0,10.30921431562581,51.51863164552738
787,ASM/DH/83G04/2022-23/021,Assam,Dima Hasao,Moulhoi Slide 1,"Gilgal Veng, Moulhoi, Haflong",25.17623,93.01326,Debris,Slide,14 May 2022,1,2022-05-14,True,66.9,669.0,ok,696.0,32.90411025524227,178.41765239554974
799,AS/KAM(M)/78N16/2025/006,Assam,Kamrup,"Doimuguri, Bonda","Doimuguri,",26.19113889,91.82961111,Earth,Slide,31 May 2025,1,2025-05-31,True,15.7,157.0,ok,116.0,17.054033439087625,86.97850817708235
800,AS/KAM(M)/78N16/2025/05,Assam,Kamrup,Rupnagar,,26.158193,91.755807,Debris,Slide,06 June 2025,1,2025-06-06,True,4.0,40.0,ok,59.0,10.98094614147074,180.0
801,AS/KAM(M)/78N12/2025/01,Assam,Kamrup,Kamakhya Main Road,Kamakhya Road,26.166185,91.7147,Earth,Slide,04 June 2025,1,2025-06-04,True,38.6,386.0,ok,113.0,19.634287904798946,53.89919696354557
804,AS/KAM(M)/78N12/2025/04,Assam,Kamrup,Pandu,Pandu,26.17027,91.698,Debris,Slide,31 May 2025,1,2025-05-31,True,14.6,146.0,ok,138.0,30.49956035248308,171.203085658713
805,ASM/DH/83C16/2023-24/001,Assam,Dima Hasao,Lower Boulsol slide,Lower Boulsol,25.117665,92.847709,Debris,Slide,14 May 2022,1,2022-05-14,True,88.5,885.0,ok,161.0,17.37457633172627,58.88375598628558
808,ASM/DH/83C15/2023-24/001,Assam,Dima Hasao,Old Sangbar playground slide,Old Sangbar,25.366255,92.823037,Debris,Slide,14 May 2022,1,2022-05-14,True,59.7,597.0,ok,959.0,16.948476250694164,148.09697675955425
813,ASM/DH/83G03/2023-24/004,Assam,Dima Hasao,Gunjung subsidence,Gunjung,25.316197,93.006158,Earth,Subsidence,16 June 2022,1,2022-06-16,True,115.6,1156.0,ok,666.0,10.135297180421611,354.25722012892953
842,6986,Assam,Kamrup,Sundarpur village,,25.757752,91.252285,Debris,flow,17 July 2014,1,2014-07-17,True,0.7,7.0,ok,769.0,19.51522592722301,65.75702246153583
844,7115,Assam,Kamrup,lepgaon,,25.872268,91.213965,Debris,flow,23 September 2014,1,2014-09-23,True,0.1,1.0,ok,253.0,33.1329563848092,228.0200977633704
845,7192,Assam,Kamrup,,,26.2272613,91.6922458,Debris,slide,26 December 2008,1,2008-12-26,True,1.5,15.0,ok,67.0,11.871018033453302,180.0
846,7193,Assam,Kamrup (Metro),Birkuchi,,26.184324,91.855395,Soil,slide,31 May 2025,1,2025-05-31,True,15.7,157.0,ok,70.0,17.392125338240874,320.74449338325525
847,7194,Assam,Kamrup,,,26.24698,91.964383,Debris,slide,05 July 2025,1,2025-07-05,True,14.5,145.0,ok,62.0,16.3949100701832,232.8046994386441
848,7195,Assam,Kamrup (Metro),Nalgedra,,26.11956,92.052125,Soil,slide,05 June 2025,1,2025-06-05,True,1.3,13.0,ok,72.0,2.1198563330787907,209.1120754851215
849,7196,Assam,Dima Hasao,,,25.69814,93.129423,Soil,slide,05 June 2025,1,2025-06-05,True,0.0,0.0,ok,306.0,15.697847028890534,106.71836016529764
850,7197,Assam,Dima Hasao,,,25.648512,93.121528,Debris,slide,05 June 2025,1,2025-06-05,True,0.0,0.0,ok,351.0,19.58247247082344,306.2205918338416
852,7201,Assam,West Khasi Hills,Harsanagar,,25.740148,91.224044,Soil,slide,18 July 2014,1,2014-07-18,True,2.6,26.0,ok,903.0,8.498151164082822,302.7576032438924
856,7241,Assam,Kamrup (Metro),Amchong tea estate,,26.156633,91.938576,Soil,slide,8 August 2024,1,2024-08-08,True,43.7,437.0,ok,109.0,9.901489173576048,111.7485348987322
900,ARN/Papumpare/83E12/2020/0 1,Arunachal Pradesh,Papum Pare,,,27.08130556,93.61283333,Unconsolidated rock debris and sandy soil.,Translation (Debris flow),25 June 2020,1,2020-06-25,True,90.7,907.0,ok,273.0,13.386922645793309,302.92449238974285
999,ARN/LS/83E15/2016/04,Arunachal Pradesh,Lower Subansiri,Hoj-Potin slide,National Highway 713-A,27.193425,93.780983,Debris,Slide,16 July 2016,1,2016-07-16,True,69.7,697.0,ok,213.0,52.32639747669121,159.4562374568706
1033,ARN/LS/83E15/2016/08,Arunachal Pradesh,Lower Subansiri,Hoj-Potin slide,National Highway 713-A,27.23995,93.806589,Debris,Slide,17 July 2016,1,2016-07-17,True,4.8,48.0,ok,267.0,25.940595440146662,4.288150989936156
1042,ARN/LS/83E15/2016/07,Arunachal Pradesh,Lower Subansiri,Hoj-Potin slide,National Highway 713-A,27.246131,93.804711,Debris,Slide,17 July 2016,1,2016-07-17,True,4.8,48.0,ok,270.0,24.505263594071863,94.06824547360766
1049,ARN/LS/83E15/2016/06,Arunachal Pradesh,Lower Subansiri,Hoj-Potin slide,National Highway 713-A,27.254756,93.801303,Debris,Slide,17 July 2016,1,2016-07-17,True,4.8,48.0,ok,288.0,38.41952166462256,182.62881537564888
1082,ARN/LS/83E15/2016/05,Arunachal Pradesh,Lower Subansiri,Hoj-Potin slide,National Highway 713-A,27.294886,93.803328,Debris,Slide,17 July 2016,1,2016-07-17,True,4.8,48.0,ok,646.0,49.619658148872645,70.72853555031699
1103,ARN/LS/83E15/2016/03,Arunachal Pradesh,Lower Subansiri,Possa-Potin slide,National Highway 713-A,27.307072,93.806008,Debris,Slide,17 July 2016,1,2016-07-17,True,4.4,44.0,ok,718.0,12.318321799031803,90.0
1120,ARN/LS/83E15/2016/02,Arunachal Pradesh,Lower Subansiri,Possa-Potin slide,National Highway 713-A,27.339267,93.802581,Debris,Slide,16 July 2016,1,2016-07-16,True,84.3,843.0,ok,789.0,26.337683060221995,156.14230486582414
1209,ARN/Papumpare/83E12/2020/0 1,Arunachal Pradesh,Papum Pare,Donyi Slide,"Near Jollang Road, 2.5 km east of Itanagar City",27.08130556,93.61283333,Unconsolidated rock debris and sandy soil.,Translation (Debris flow),25 June 2020,1,2020-06-25,True,90.7,907.0,ok,273.0,13.386922645793309,302.92449238974285
1218,ARN/TWG/FM/2016-17/01,Arunachal Pradesh,Tawang,Famla Slide,,27.58741667,91.88694444,Debris,Slide,22 April 2016,1,2016-04-22,True,26.5,265.0,ok,2589.0,6.949538045496035,48.449258512274085
1219,ARN/TWG/FM/2016-17/02,Arunachal Pradesh,Tawang,Famla Slide,,27.58741667,91.88694444,Earth / soil,Slide,22 April 2016,1,2016-04-22,True,26.5,265.0,ok,2589.0,6.949538045496035,48.449258512274085
1220,ARN/TWG/NYD/2016-17/06,Arunachal Pradesh,Tawang,Nyungmadung Slide,,27.59152778,91.88044444,Earth / soil,Flows,23 April 2016,1,2016-04-23,True,1.0,10.0,ok,2767.0,22.490301094966583,56.85375294039
1241,ARN/TWNG/78M14/2016/0001,Arunachal Pradesh,Tawang,Famla Slide,,27.587417,91.886944,Debris,Slide,22 April 2016,1,2016-04-22,True,26.5,265.0,ok,2589.0,6.949538057094573,48.44925859786371
1242,ARN/TWNG/78M14/2016/0002,Arunachal Pradesh,Tawang,Famla Slide,,27.587417,91.886944,,Slide,22 April 2016,1,2016-04-22,True,26.5,265.0,ok,2589.0,6.949538057094573,48.44925859786371
1246,ARN/TWNG/78M14/2016/0022,Arunachal Pradesh,Tawang,New Lebrang slide,,27.589417,91.861444,,Slide,23 April 2016,1,2016-04-23,True,1.0,10.0,ok,2884.0,25.000022731555635,77.99162217813975
1251,ARN/TWNG/78M14/2016/0004,Arunachal Pradesh,Tawang,Namet Slide,,27.591389,91.9025,Rock cum Debris,Slide,23 April 2016,1,2016-04-23,True,1.4,14.0,ok,2527.0,21.52597082674048,329.4158554905598
1254,ARN/TWNG/78M14/2016/0008,Arunachal Pradesh,Tawang,All India Radio Colony Slide,,27.591806,91.865028,,Fall,22 April 2016,1,2016-04-22,True,26.5,265.0,ok,2925.0,18.78474648095148,334.5883542723908
1258,ARN/TWNG/78M14/2016/0010,Arunachal Pradesh,Tawang,D.C. & S. P. Bungalows Slide,,27.593139,91.873889,,Slide,22 April 2016,1,2016-04-22,True,26.5,265.0,ok,2933.0,8.5953440947714,57.66446425367465
1259,ARN/TWNG/78M14/2016/0023,Arunachal Pradesh,Tawang,Changpu sinking zone,,27.593361,91.879444,,Subsidence,23 April 2016,1,2016-04-23,True,1.0,10.0,ok,2812.0,17.771995637903828,75.39015954656536
1260,ARN/TWNG/78M14/2016/0013,Arunachal Pradesh,Tawang,Duda Slide (District Urban Development Authority Colony),,27.594833,91.866417,Debris,Slide,22 April 2016,1,2016-04-22,True,26.5,265.0,ok,2975.0,6.215878751703976,317.92792074387205
1264,ARN/TWNG/78M14/2016/0024,Arunachal Pradesh,Tawang,SSB Colony slide,,27.596639,91.878972,Debris,Slide,23 April 2016,1,2016-04-23,True,1.0,10.0,ok,2895.0,12.97538739377385,60.57852201877087
1265,ARN/TWNG/78M14/2016/0025,Arunachal Pradesh,Tawang,Q.M. Store slide,,27.596639,91.878972,Debris,Slide,23 April 2016,1,2016-04-23,True,1.0,10.0,ok,2895.0,12.97538739377385,60.57852201877087
1771,ARA/DIB/82P15/2024/01,Arunachal Pradesh,Lower Dibang Valley,,,28.38919722,95.92776111,Rock,flow,24 April 2024,1,2024-04-24,True,8.2,82.0,ok,605.0,36.94069806854797,351.5664546864953
1941,ARA/DIB/82P15/2024/01,Arunachal Pradesh,Lower Dibang Valley,Abrali Slide,Hunli-Anini Road (NH313),28.38919722,95.92776111,Rock,flow,24 April 2024,1,2024-04-24,True,8.2,82.0,ok,605.0,36.94069806854797,351.5664546864953
17975,MN/UKH/83L05/2018/001,Manipur,Ukhrul,Landslide at 1.5 km South of Leiting Village,NH102A.(Near Leiting Village),22.873558,92.755953,Debris,Slide,14 June 2018,1,2018-06-14,True,19.1,191.0,ok,1075.0,22.210933653518747,129.31716796998987
18354,MAN/CHAN/83L03/2007/C-10,Manipur,Chandel,Bongyang slide,,24.40639,94.06583,Debris,Slide,7 September 2007,1,2007-09-07,True,18.8,188.0,ok,1196.0,18.01300728609031,199.1254428270496
18646,MAN/TAM/83H09/2009-10/MN- 1,Manipur,Tamenglong,Tupul Slide,"Tupul (Along NH-53, Juncture of Tupul & Ijai Rivers)",24.792333,93.658222,Debris,Slide,10 June 2010,1,2010-06-10,True,8.9,89.0,ok,447.0,34.02406251366181,144.52061033391544
18701,MN/TGPL/83L03/2018/009,Manipur,Tengnoupal,Lokchao Landslide,Lokchao village,24.813306,93.243417,Rock,Slide,2 August 2018,1,2018-08-02,True,0.2,2.0,ok,122.0,22.896843610997603,49.39505525120861
18716,MAN/TAM/83H09/2007/C-1,Manipur,Tamenglong,Khongsong slide,,24.81722,93.51722,,,16 June 2007,1,2007-06-16,True,39.8,398.0,ok,444.0,35.7052293713189,136.04932278639933
18718,MAN/TAM/83H09/2007/C-13,Manipur,Tamenglong,Taobam landslide,,24.81778,93.51583,Debris,Slide,10 September 2007,1,2007-09-10,True,9.4,94.0,ok,460.0,28.858386396371746,139.71873471604766
18759,MAN/TAM/83H05/2008/C-19,Manipur,Tamenglong,Tamenglong-Khongsang road-2 slide,,24.83278,93.46333,Debris,Slide,1 July 2008,1,2008-07-01,True,2.1,21.0,ok,773.0,29.46455589161096,124.919111133495
18802,MAN/TAM/83H05/2007/C-14,Manipur,Tamenglong,Lamkaolong slide,,24.84833,93.45917,Rock,Fall,12 September 2007,1,2007-09-12,True,0.7,7.0,ok,988.0,32.90405719147133,1.5781302705321991
18803,MAN/TAM/83H05/2008/C-17,Manipur,Tamenglong,Tamenglong - Khongsang road slide,,24.84833,93.45917,Debris,Slide,19 June 2008,1,2008-06-19,True,1.8,18.0,ok,988.0,32.90405719147133,1.5781302705321991
18823,MAN/TAM/83H09/2009-10/MN- 2,Manipur,Tamenglong,Lukhambi slide,"NH-53(Imphal-Jiribam, 3km from None towards Nungba)",24.862444,93.610639,,Slide,05 June 2010,1,2010-06-05,True,11.2,112.0,ok,380.0,8.215662603664038,47.78191990107964
18875,MAN/TAM/83H05/2008/C-18,Manipur,Tamenglong,Tamenglong-Khongsang road (near Tabanglong) slide,,24.90139,93.45389,Debris,Slide,19 June 2008,1,2008-06-19,True,4.0,40.0,ok,971.0,25.62906653286527,219.1761580523155
18904,MN/NON/83H13/2018/001,Manipur,Noney,Kotlen landslide,NH37/Kotlen,24.9252,94.3371,Rock,Slide,06 June 2018,1,2018-06-06,True,0.1,1.0,ok,1490.0,34.8898922688364,355.60072454002784
18986,MN/UKH/83L01/2018/48,Manipur,Ukhrul,,Mayophung,24.983528,94.158333,Soil cum debris,Slide,12 June 2018,1,2018-06-12,True,125.1,1251.0,ok,1118.0,18.161583443911976,240.46765357873912
18988,MN/TAM/83H05/2018/1,Manipur,Tamenglong,,New Kanan Tamenglong,24.983806,93.497528,Debris,Slide,22 June 2018,1,2018-06-22,True,14.0,140.0,ok,1156.0,14.465909572420417,255.48058154715463
18991,MN/TMG/83H01/2018/001,Manipur,Tamenglong,Makru Bridge Landslide,NH37/ ImphalJiribam Highway/ Makru Bridge,24.985167,93.508306,Debris,Slide,3 May 2018,1,2018-05-03,True,1.6,16.0,ok,1238.0,18.56177123660997,140.3945023241833
18997,MAN/TAM/83H09/2007/C-2,Manipur,Tamenglong,Tamenglong slide,,24.98611,93.50583,Debris,Slide,24 August 2007,1,2007-08-24,True,1.8,18.0,ok,1235.0,21.894968261798404,68.77076726253149
19011,MAN/TAM/83H09/2007/C-7A,Manipur,Tamenglong,Capentry area slide,,24.99083,93.50583,Debris,Slide,28 August 2007,1,2007-08-28,True,5.8,58.0,ok,1206.0,15.786750859896308,124.8846657260184
19012,MAN/TAM/83H09/2007/C-7B,Manipur,Tamenglong,Capentary area-2 slide,,24.99083,93.50583,Debris,Slide,28 August 2007,1,2007-08-28,True,5.8,58.0,ok,1206.0,15.786750859896308,124.8846657260184
19016,MAN/TAM/83H05/2007/C-5,Manipur,Tamenglong,Guigailuang-2 slide,,24.99306,93.4975,Debris,Slide,28 August 2007,1,2007-08-28,True,11.0,110.0,ok,1196.0,13.226694360499222,245.62094144725472
19017,MN/UKH/83L01/2018/14,Manipur,Ukhrul,,Lamlai Chingphei,24.994278,94.205917,Rock cum debris,Slide,28 August 2007,1,2007-08-28,True,36.8,368.0,ok,1579.0,34.3228038537906,83.19922058825311
19019,MAN/TAM/83H09/2007/C-6,Manipur,Tamenglong,Tamenglong-2 slide,,24.99694,93.50222,,,28 August 2007,1,2007-08-28,True,5.8,58.0,ok,1186.0,14.7098719356126,72.06378186988194
19020,MN/KAN/83L01/2018/47,Manipur,Kangpokpi,,Khonkon village,24.997972,94.020444,Rock cum debris,Slide,28 August 2007,1,2007-08-28,True,16.9,169.0,ok,803.0,15.931616884581484,90.0
19046,MN/TMG/83H09/2018/001,Manipur,Tamenglong,New Salem Slide,New Salem (Along TamenglongTamei State Highway),25.047833,92.789306,Soil,Slide,11 July 2018,1,2018-07-11,True,16.9,169.0,ok,95.0,29.60840374167101,28.1067040461068
19515,MAN/SEN/83K03/2007/C-12,Manipur,Senapati,Shajouba landslide,,25.47217,94.15433,Debris,Slide,09 September 2007,1,2007-09-09,True,5.6,56.0,ok,1489.0,16.48722800252453,169.54027797427733
19558,MA/TAM/83H05/2024/01,Manipur,Tamenglong,Dimthanlong landslide,Dimthanlong,24.979,93.496,Earth,Slide,29 July 2024,1,2024-07-29,True,94.0,940.0,ok,1154.0,9.120620553441194,270.0
19575,MN-33/2011,Manipur,TAMENGLONG,Gadailong slide,,24.985,93.52113889,Earth,Slide,31 May 2011,1,2011-05-31,True,25.8,258.0,ok,1043.0,20.985260319830168,152.28463199506265
19576,MN-34/2011,Manipur,TAMENGLONG,Sinam Kuki SLIDE,,24.79083333,93.72333333,Rock,Slide,6 July 2011,1,2011-07-06,True,5.1,51.0,ok,1053.0,42.70668123414856,151.15600211556043
19578,ML-94/2011,Manipur,Ri-Bhoi,Umsaw Khwan slide,,25.67469444,91.88652778,,Nil,26 June 2011,1,2011-06-26,True,8.7,87.0,ok,1062.0,4.622196164454146,0.0
19582,MN-10/2010,Manipur,Tamenglong,None slide,,24.86469444,93.62116667,,Nil,08 June 2010,1,2010-06-08,True,48.6,486.0,ok,350.0,9.239664063817289,6.289567391950698
19583,MN-11/2010,Manipur,Tamenglong,Khumji slide,,24.86297222,93.62397222,,Nil,08 June 2010,1,2010-06-08,True,48.6,486.0,ok,351.0,20.71508405911664,31.22355494877872
19584,MN-12/2010,Manipur,Tamenglong,Khoupum slide,,24.73133333,93.92738889,,Nil,28 March 2010,1,2010-03-28,True,37.7,377.0,ok,788.0,13.462649020642385,42.01265272905776
19585,Manipur/ Ukhrul/ 83 L5/ 2015/01,Manipur,Ukhrul,Phungyar Landslide,Phungyar village,24.82022222,94.35255556,Debris,Deep translational,30 July 2015,1,2015-07-30,True,37.0,370.0,ok,1593.0,29.89154315313884,338.16678316808293
19600,6822,Manipur,Noney,,NH-37,24.846509,93.573533,Debris,slide,31 May 2025,1,2025-05-31,True,95.2,952.0,ok,383.0,46.05533209586426,68.0355234476428
19601,6831,Manipur,Noney,,NH-37,24.863924,93.617853,Debris,slide,05 June 2025,1,2025-06-05,True,0.3,3.0,ok,382.0,36.689806231689,12.43103007605734
19658,MEG/EJH/83CO8/2018/01,Meghalaya,East Jaintia Hills,Sonapur 4km mile stone,NH-6,25.09178,92.35469,Rock,Slide,07 May 2018,1,2018-05-07,True,13.6,136.0,ok,159.0,28.870431758220896,317.1531094024326
19675,MEGH/JH/83C08/2007/D-23,Meghalaya,Jaintia Hills,Sonapur slide,NH-44,25.12186,92.388583,,Flow,31 July 2007,1,2007-07-31,True,62.6,626.0,ok,113.0,34.56487607115223,214.77000264057972
19681,MEGH/JH/83C08/2007/D-22,Meghalaya,Jaintia Hills,Tongseng slide,NH - 44,25.134194,92.383528,Rock cum Debris,Slide,31 July 2007,1,2007-07-31,True,62.6,626.0,ok,168.0,17.74148496572258,163.7918626169315
19737,MEGH/WKH/78O04/2008/D-26,Meghalaya,West Khasi Hills,Rajai slide,,25.201,91.234,Debris,Fall,12 August 2008,1,2008-08-12,True,25.3,253.0,ok,18.0,1.380563000731173,47.860586894939466
19739,MEGH/WKH/78O04/2008/D-27,Meghalaya,West Khasi Hills,Shipur slide,,25.20283,91.20908,Debris,Fall,10 August 2008,1,2008-08-10,True,22.6,226.0,ok,50.0,15.021053780407591,248.80500182558785
19895,MEG/EKH/78O15/2022/01,Meghalaya,East Khasi Hills,,,25.296,91.932,Rock,Slide,04 April 2022,1,2022-04-04,True,64.1,641.0,ok,1090.0,26.363911000919963,229.2695942431911
19902,MEGH/EKH/78O11/2009/D-37,Meghalaya,East Khasi Hills,Umstew landslide,Road (Shillong-Sohra),25.300389,91.726722,Debris,Slide,29 June 2009,1,2009-06-29,True,88.8,888.0,ok,1519.0,23.460644711510888,47.883907382313815
19914,ML/SWKH/78O07/2014/01,Meghalaya,South West Khasi Hills,Tynnai Ground crack,Tynnai Village,25.31458,91.45242,Rock,Creep,6 August 2013,1,2013-08-06,True,38.8,388.0,ok,1308.0,45.107848520727295,86.30556562565192
19915,MEGH/WKH/78O07/2007/D-10,Meghalaya,West Khasi Hills,Tynnai (West) slide,,25.31488,91.44913,Rock cum Debris,Slide,19 July 2007,1,2007-07-19,True,48.5,485.0,ok,1378.0,24.593272360984496,332.032137140019
19916,MEGH/WKH/78O07/2007/D-11,Meghalaya,West Khasi Hills,Rangjadong slide,,25.31488,91.33367,Debris,Slide,19 July 2007,1,2007-07-19,True,40.3,403.0,ok,1141.0,43.81906425845814,317.85185324433866
19917,ME/EKJ/78O15/2015/140,Meghalaya,East Khasi Hills,,1 km SW of Myllad village,25.315176,91.923021,Rock,Slide,19 July 2007,1,2007-07-19,True,73.1,731.0,ok,1031.0,36.37450497669938,58.20668801836315
19923,MEGH/WKH/78O07/2007/D-12,Meghalaya,West Khasi Hills,Tynnai East slide,,25.31848,91.45262,Debris,Fall,19 July 2007,1,2007-07-19,True,48.5,485.0,ok,1393.0,24.09398080869186,90.0
19924,ME/EKJ/78O15/2015/134,Meghalaya,East Khasi Hills,,Approach road to Nongsder,25.320833,91.9275,Rock,Slide,19 July 2007,1,2007-07-19,True,73.1,731.0,ok,1099.0,22.37919499015788,87.7493666402179
20014,MEGH/WKH/78O07/2007/D-15,Meghalaya,West Khasi Hills,Jashiar East slide,,25.38803,91.46977,Debris,Slide,16 June 2007,1,2007-06-16,True,86.8,868.0,ok,1529.0,6.327398043789604,331.03768943316527
20033,MEGH/WKH/78O11/2007/D-14,Meghalaya,West Khasi Hills,Jakrem East slide,,25.40023,91.5159,Debris,Slide,16 June 2007,1,2007-06-16,True,104.1,1041.0,ok,1592.0,19.84441103962715,57.476491900797065
20035,MEGH/WKH/78O07/2007/D-4,Meghalaya,West Khasi Hills,Mawthawiang slide,,25.4013,91.45855,Debris,Slide,18 August 2007,1,2007-08-18,True,5.8,58.0,ok,1563.0,25.085620614130534,40.54450697852101
20036,MG/SGH/78K11/2018/7,Meghalaya,South Garo hills,Nengkhra-Nongalbibra road slide,NH-62,25.403061,90.724166,Debris,Slide,18 August 2007,1,2007-08-18,True,8.2,82.0,ok,360.0,19.1382369948699,191.9071914006276
20037,MEGH/WKH/78O07/2007/D-5,Meghalaya,West Khasi Hills,Umjarain East slide,,25.40547,91.53712,Rock cum Debris,Slide,18 August 2007,1,2007-08-18,True,6.6,66.0,ok,1461.0,17.18691154015709,186.6468416215532
20038,ME/EKJ/78O15/2015/87,Meghalaya,East Khasi Hills,,lyngshing approach road,25.407917,91.998889,Rock,Fall,18 August 2007,1,2007-08-18,True,1.5,15.0,ok,1522.0,9.152252983369262,270.0
20047,MEGH/WKH/78O07/2007/D-3,Meghalaya,West Khasi Hills,Laitlawsnai slide,,25.425,91.405,Debris,Slide,18 August 2007,1,2007-08-18,True,5.8,58.0,ok,1563.0,19.77500204794228,95.1606561187021
20055,MEGH/JH/78O15/2009/D-36,Meghalaya,Jaintia Hills,Laitlongkot slide,NH-40 (Shillong-Pynursla),25.43561,91.862056,Debris,Slide,17 July 2009,1,2009-07-17,True,15.7,157.0,ok,1635.0,21.90629407236058,101.59847857945238
20064,MEGH/WKH/78O07/2007/D-13,Meghalaya,West Khasi Hills,Mawpon slide,,25.44465,91.34622,Debris,Slide,17 July 2007,1,2007-07-17,True,134.9,1349.0,ok,1471.0,16.2029072914628,279.6097644180188
20096,MEGH/WKH/78O06/2007/D-8,Meghalaya,West Khasi Hills,Nongjyllieh slide,,25.50335,91.28335,Rock,Slide,25 July 2007,1,2007-07-25,True,176.3,1763.0,ok,1414.0,22.2689331700486,293.25757509333846
20097,MEG/EKH/78O10/2021/04,Meghalaya,East Khasi Hills,,,25.50368056,91.72342222,Rock,Slide,19 July 2007,1,2007-07-19,True,64.2,642.0,ok,1748.0,5.816535109806511,298.43707690318047
20099,MEGH/WKH/78O06/2007/D-9,Meghalaya,West Khasi Hills,Nongjyllieh-2 slide,,25.50667,91.28318,Debris,Slide,19 July 2007,1,2007-07-19,True,20.5,205.0,ok,1396.0,21.695027797256824,251.0258558649206
20108,MEGH/WGH/78K02/2007/D-19,Meghalaya,West Garo Hills,Tura town (Rishipara) slide,,25.51028,90.21678,,,27 July 2007,1,2007-07-27,True,79.1,791.0,ok,325.0,11.161994149811978,10.462966417862305
20112,MEGH/WKH/78O06/2007/D-7,Meghalaya,West Khasi Hills,Mawkawah slide,PWD road (SH),25.51973,91.28443,Debris,Fall,25 July 2007,1,2007-07-25,True,176.3,1763.0,ok,1449.0,1.382567592237824,47.935737915040605
20114,MEGH/WKH/78O06/2007/D-6,Meghalaya,West Khasi Hills,Lawab slide,Road (Nongstoin by pass),25.5208,91.25985,Rock cum Debris,Slide,25 July 2007,1,2007-07-25,True,176.3,1763.0,ok,1358.0,20.856325744899504,70.15185851403682
20141,MEGH/EKH/83C02/2009/D-34,Meghalaya,East Khasi Hills,Puriang-4 slide,NH-44 (Shillong - Silchar),25.54231,92.1,Rock cum Debris,Slide,1 July 2009,1,2009-07-01,True,109.7,1097.0,ok,1336.0,17.34039631154293,223.53083498234489
20142,MEGH/EKH/83C02/2009/D-31,Meghalaya,East Khasi Hills,Puriang slide,NH-44 (Shillong - Silchar),25.54261,92.10867,Debris,Slide,1 July 2009,1,2009-07-01,True,106.7,1067.0,ok,1138.0,15.680038196899789,106.73892023587683
20143,MEGH/EKH/83C02/2009/D-35,Meghalaya,Jaintia Hills,Kongong-2 slide,NH-44 (Shillong-Silchar road),25.54261,92.09842,Debris,Slide,1 July 2009,1,2009-07-01,True,109.7,1097.0,ok,1318.0,10.875876731365643,139.2377341676138
20144,MEGH/EKH/83C02/2009/D-33,Meghalaya,East Khasi Hills,Puriang-3 slide,NH-44 (Shillong - Silchar),25.54264,92.10214,Rock,Slide,1 July 2009,1,2009-07-01,True,106.7,1067.0,ok,1332.0,6.878235078604374,36.46001000202039
20148,MEGH/EKH/83C02/2009/D-32,Meghalaya,East Khasi Hills,Puriang-2 slide,NH-44 (Shillong - Silchar),25.54328,92.10478,Rock,Fall,1 July 2009,1,2009-07-01,True,106.7,1067.0,ok,1272.0,28.918907326768604,40.44958753183954
20204,MEGH/EKH/78O14/2007/D-17,Meghalaya,East Khasi Hills,Nongrimbah slide,,25.56667,91.90194,Debris,Slide,08 September 2007,1,2007-09-08,True,130.7,1307.0,ok,1545.0,2.9603910332050005,200.2800200251569
20231,ML/EKH/78O14/2014/03,Meghalaya,East Khasi Hills,Barapathar,Barapathar,25.57822,91.86545,Debris,Slide,23 September 2014,1,2014-09-23,True,25.9,259.0,ok,1459.0,8.874600132285504,223.53941104799867
20293,MEG/EKH/78O14/2024/01,Meghalaya,East Khasi Hills,,,25.6251,91.9118,Slope cut debris (weathered quartzite),Slide,27 May 2024,1,2024-05-27,True,141.3,1413.0,ok,1355.0,6.88421518719869,227.96081577203825
20350,MEG/RB/78O14/2017/01,Meghalaya,Ri-Bhoi,Tharia slide,Tharia village,25.663444,91.915944,Debris,Slide,17 June 2017,1,2017-06-17,True,45.6,456.0,ok,948.0,16.127085938359617,18.0718488173912
20376,MEGH/WKH/78O02/2007/D-1,Meghalaya,West Khasi Hills,Nongjri (Porthangjah) slide,,25.68625,91.118358,Debris,Fall,15 September 2007,1,2007-09-15,True,6.8,68.0,ok,1057.0,21.009394029073185,207.8522910697854
20377,MEG/WKH/78O10/2016/51,Meghalaya,West Khasi Hills,,NongkhlawPatharkhammah road,25.687056,91.6485,Debris,Slide,15 September 2007,1,2007-09-15,True,8.5,85.0,ok,1139.0,26.677440748169843,116.7781593177183
20390,MEGH/WKH/78O02/2007/D-2,Meghalaya,West Khasi Hills,Tynrong Mawsaw slide,,25.69483,91.11836,Debris,Slide,15 September 2007,1,2007-09-15,True,6.8,68.0,ok,1095.0,15.404849367237444,245.74566955685933
20391,ME/EKJ/78O14/2015/23,Meghalaya,East Khasi Hills,,NH-40,25.695552,91.903777,Debris,Slide,15 September 2007,1,2007-09-15,True,8.7,87.0,ok,879.0,31.233357235562217,124.05212609458408
20469,ML/RIB/78N16/2014/06,Meghalaya,Ri-Bhoi,19 Mile,GS Road,26.00294,91.86692,Debris,Slide,23 September 2014,1,2014-09-23,True,8.2,82.0,ok,405.0,7.639314495003354,212.44772944081024
20474,ML/RIB/78N16/2014/02,Meghalaya,Ri-Bhoi,17 Mile B,GS road,26.02547,91.87158,Earth,Slide,20 September 2014,1,2014-09-20,True,20.8,208.0,ok,179.0,11.762936955883228,71.90450774136146
20486,3344,Meghalaya,West Jaintia Hills,,,25.47704743,92.16831285,Debris,Slide,25 May 2020,1,2020-05-25,True,52.6,526.0,ok,1405.0,9.555722438408242,253.2524490177888
20487,3348,Meghalaya,West Jaintia Hills,,,25.46307925,92.25426106,Soil,Slide,26 May 2020,1,2020-05-26,True,220.6,2206.0,ok,1376.0,3.5882989642148657,301.0440858766643
20488,3215,Meghalaya,East Khasi Hills,,,25.5667327,91.9146185,Debris,Slide,04 October 2024,1,2024-10-04,True,20.1,201.0,ok,1537.0,6.878718858790413,143.5344839390558
20489,3351,Meghalaya,West Jaintia Hills,,,25.28422636,92.11294194,Debris,Slide,26 June 2020,1,2020-06-26,True,154.3,1543.0,ok,1036.0,8.52275040343776,193.807730370603
20490,3345,Meghalaya,West Jaintia Hills,,,25.2842285,92.11314877,Rock,Slide,26 May 2020,1,2020-05-26,True,120.5,1205.0,ok,1036.0,8.522750411876844,193.80773060488588
20491,ME/SWKH/78O07/2024/4,Meghalaya,South West Khasi Hills,Manad slide-1,Manad village,25.29967,91.46108,Debris,Slide,15 June 2024,1,2024-06-15,True,128.7,1287.0,ok,1047.0,17.946423682956688,183.1654916842004
20494,ME/SWKH/78O072024/7,Meghalaya,South West Khasi Hills,Manad slide-4,Manad village,25.29739,91.46201,Debris,Slide,17 June 2024,1,2024-06-17,True,186.6,1866.0,ok,1082.0,14.853795176358265,312.11679780510804
20497,ME/RIB/78O13/2024/10,Meghalaya,Ri-Bhoi,Umran Dairy slide,Umran Dairy village,25.781246,91.874475,Earth,Slide,6 July 2024,1,2024-07-06,True,0.5,5.0,ok,698.0,11.210068594933006,274.6798040422116
20500,ME/EKH/78O15/2025/02,Meghalaya,East Khasi Hills,Laitlyngkot- Pomlum slide 1,NH-206,25.422278,91.867694,Rock,Slide,30 May 2025,1,2025-05-30,True,81.0,810.0,ok,1713.0,32.82072419716138,113.64860412815976
20501,ME/EKH/78O15/2025/03,Meghalaya,East Khasi Hills,Laitlyngkot-Pomlum slide 2,NH-206,25.43480556,91.85952778,Debris,Slide,30 May 2025,1,2025-05-30,True,81.0,810.0,ok,1805.0,32.60372644321188,143.99468817377465
20502,ME/EKH/78O15/2025/04,Meghalaya,East Khasi Hills,11th Mile slide2,NH-206,25.48716667,91.81936111,Debris,Slide,30 May 2025,1,2025-05-30,True,81.0,810.0,ok,1724.0,7.378349625763024,255.5380573694802
20506,ME/EKH/78O15/2025/08,Meghalaya,East Khasi Hills,Mawrah Rock slide,Laitkroh –Khadarshnog road sector,25.366201,91.767213,Rock,Slide,31 May 2025,1,2025-05-31,True,92.1,921.0,ok,1608.0,35.24150304149146,32.1340138403793
20507,ME/EKH/78O15/2025/09,Meghalaya,East Khasi Hills,Mawkhnai landslide,Laitkroh –Khadarshnog road sector,25.355042,91.767525,Debris,Slide,31 May 2025,1,2025-05-31,True,92.1,921.0,ok,1621.0,39.00407286278656,35.05903795722214
20508,ME/EKH/78O15/2025/10,Meghalaya,East Khasi Hills,War-War landslide,Laitkroh –Khadarshnog road sector,25.340415,91.774142,Debris,Slide,31 May 2025,1,2025-05-31,True,92.1,921.0,ok,1441.0,33.219497574490006,111.73849768166342
20511,ML-1/2010,Meghalaya,East Khasi Hills,Wall collase of mosque,,25.57711111,91.88141667,,,27 August 2010,1,2010-08-27,True,28.0,280.0,ok,1484.0,3.451902956985981,143.53211016076358
20512,ML-2/2010,Meghalaya,East Khasi Hills,Meghalaya Police's C.I.D Quarters,,25.56183333,91.86855556,,,28 June 2010,1,2010-06-28,True,60.7,607.0,ok,1546.0,14.497537900141072,200.2792678225765
20513,ML-3/2010,Meghalaya,East Khasi Hills,Lumsohra,,25.57188889,91.90127778,,,28 June 2010,1,2010-06-28,True,58.9,589.0,ok,1515.0,9.822757146803747,55.92033934538667
20514,ML-4/2010,Meghalaya,East Khasi Hills,CathedralChurch,,25.56852778,91.89219444,,,28 June 2010,1,2010-06-28,True,60.7,607.0,ok,1532.0,6.407858042719635,73.26449753926963
20517,ML-6/2010,Meghalaya,Jaintia Hills,Tongseng Landslide,,25.13561111,92.3805,,,22 April 2010,1,2010-04-22,True,116.1,1161.0,ok,178.0,23.974060782155856,133.69936914561669
20518,ML-7/2010,Meghalaya,Jaintia Hills,Tongseng Landslide,,25.13486111,92.382,,,22 April 2010,1,2010-04-22,True,116.1,1161.0,ok,188.0,43.30068870885577,167.9665328764902
20519,ML-8/2010,Meghalaya,Jaintia Hills,Sonapur,,25.12383333,92.38519444,,,22 April 2010,1,2010-04-22,True,116.1,1161.0,ok,93.0,46.58587809662253,78.52858771811431
20520,ML-9/2010,Meghalaya,Jaintia Hills,Kulyng Slide,,25.07533333,92.36341667,,,22 April 2010,1,2010-04-22,True,99.3,993.0,ok,156.0,24.7774891798658,32.78285296488412
20521,ML-10/2010,Meghalaya,Jaintia Hills,Umkiang Slide,,25.05108333,92.40219444,,,22 April 2010,1,2010-04-22,True,73.9,739.0,ok,64.0,9.402264167244232,347.5506462949449
20522,ML-11/2010,Meghalaya,Jaintia Hills,Dona Slide,,25.04305556,92.42041667,,,22 April 2010,1,2010-04-22,True,73.9,739.0,ok,149.0,16.936655320419153,31.83481485742745
20523,ML-12/2010,Meghalaya,Jaintia Hills,Ratachera Slide,,25.04222222,92.44127778,,,22 April 2010,1,2010-04-22,True,73.9,739.0,ok,276.0,24.425351140325688,4.507864596561603
20538,ML- 94/2011,Meghalaya,Ri-Bhoi,Umsaw Khwan slide,,25.67469444,91.88652778,Earth,slide,26 June 2011,1,2011-06-26,True,8.7,87.0,ok,1062.0,4.622196164454146,0.0
20542,MEG/EKH/SHILLONG/02,Meghalaya,East Khasi Hills,Rynjah,Rynjah GSI Office slide,25.56663056,91.91370556,Rock (with thin overburden/debris),Slide,10 July 2019,1,2019-07-10,True,184.5,1845.0,ok,1530.0,10.855984038951895,201.95470753295467
20543,ML/EKH/78O11/2019-20/03,Meghalaya,East Khasi Hills,"Mawsynram, East Khasi Hills District, Meghalaya",Mawsynram - Lawbah,25.281,91.57330556,Debris,Slide,7 July 2019,1,2019-07-07,True,3.3,33.0,ok,1325.0,14.535528486533108,55.85612907436213
20547,MEG/EKH/78O8/2019/07,Meghalaya,East Khasi Hills,Balat road slide - I,Pomblang Landslide,25.23211111,91.37252778,Debris,Slide,27 June 2019,1,2019-06-27,True,157.6,1576.0,ok,418.0,15.64570473068334,191.03883859497347
20548,MEG/EKH/78O8/2019/08,Meghalaya,East Khasi Hills,Balat road,Balat road slide - II,25.22194444,91.38422222,Debris,Slide,27 June 2019,1,2019-06-27,True,157.6,1576.0,ok,240.0,20.48643689543949,5.490417292357819
20551,MEG/EKH/78O8/2019/11,Meghalaya,East Khasi Hills,Balat-Shella road,Balat 4 km Slide,25.18688889,91.39855556,Debris,Slide,27 June 2019,1,2019-06-27,True,121.1,1211.0,ok,77.0,16.68348755903304,346.2028987414599
20553,MEG/WJH/83C3/2020/2,Meghalaya,West Jaintia Hills,Iawmusiang Wahthanad,Iawmusiang Landslide - I,25.44233333,92.19447222,Debris,Slide,26 May 2020,1,2020-05-26,True,198.0,1980.0,ok,1331.0,7.644699243041395,164.52528415874224
20554,MEG/WJH/83C3/2020/3,Meghalaya,West Jaintia Hills,Iawmusiang Wahthanad,Iawmusiang Landslide - II,25.44177778,92.19558333,Debris,Slide,26 May 2020,1,2020-05-26,True,198.0,1980.0,ok,1340.0,4.228248046856805,208.97313185675097
20556,MEG/WJH/83C3/2020/5,Meghalaya,West Jaintia Hills,Chutwakhu Rd near Govt. Boy’s Higher secondary school,Chutwakhu road landslide,25.43630556,92.19525,Soil,Slide,26 May 2020,1,2020-05-26,True,198.0,1980.0,ok,1359.0,14.100659700997564,86.30927625831441
20557,MEG/WJH/83C3/2020/6,Meghalaya,West Jaintia Hills,Chilliangraij,Chilliangraij Landslide,25.43505556,92.19836111,Debris,Slide,26 May 2020,1,2020-05-26,True,198.0,1980.0,ok,1350.0,13.006897874248748,32.8601491627633
20558,MEG/WJH/83C3/2020/7,Meghalaya,West Jaintia Hills,Salaroh,Salaroh Landslide,25.44741667,92.20138889,Soil,Slide,26 May 2020,1,2020-05-26,True,220.6,2206.0,ok,1371.0,18.549565527328863,15.475337780191126
20559,MEG/WJH/83C3/2020/8,Meghalaya,West Jaintia Hills,Caroline colony,Caroline-Jowai,25.45075,92.19452778,Debris,Slide,26 May 2020,1,2020-05-26,True,198.0,1980.0,ok,1354.0,22.12804560680002,208.9749410763477
20560,MEG/WJH/83C3/2020/9,Meghalaya,West Jaintia Hills,Shillong-Agartala-Sabrum Rd,Shillong-Agartala-Sabrum Rd,25.45351667,92.18784722,Soil,Slide,26 May 2020,1,2020-05-26,True,198.0,1980.0,ok,1272.0,8.817796535822461,159.7375289472798
20577,MEG/SG/78K12/2022/03,Meghalaya,South Garo Hills,Baghmara along the road.,Bhagmara slide,25.21022222,90.63220278,Debris,Slide,17 June 2022,1,2022-06-17,True,129.7,1297.0,ok,36.0,16.989913702381564,276.07576071676203
20590,MEG/EKH/78O15/2023/01,Meghalaya,East Khasi Hills,NH-40,"Ryngngain slide, before Lyngkyrdem village",25.365263,91.878497,Rock,Slide,13 April 2023,1,2023-04-13,True,0.0,0.0,ok,1545.0,20.75207349993693,262.64464681314854
20592,MEG/WJH/83C03/2023-24/2,Meghalaya,West Jaintia Hills,Pynthor Langtein village,Pynthor Langtein slide,25.41955556,92.16194444,Earth,Slide,10 August 2023,1,2023-08-10,True,0.4,4.0,ok,1393.0,3.8393857078539897,15.471931038053556
20593,ME/EWK/2025/1,Meghalaya,Eastern-West Khasi Hill,Kynshi,,25.55256111,91.61870278,Debris,Fall,28 June 2024,1,2024-06-28,True,8.2,82.0,ok,1657.0,15.764281166878575,62.72721415045616
20594,6892,Meghalaya,South West Khasi Hills,Wamney,Village Road,25.39295833,91.55163333,Debris,Slide,28 May 2024,1,2024-05-28,True,51.3,513.0,ok,1415.0,21.018989830905006,44.32511796292744
20595,6874,Meghalaya,South West Khasi Hills,Jakarm,Mawkyrwat-Shillong Road,25.37129167,91.48003056,Debris,Fall,15 June 2024,1,2024-06-15,True,133.2,1332.0,ok,1567.0,9.582913570760857,312.0993931759963
20596,ME/SWK/2025/4,Meghalaya,South West Khasi Hills,Mawkyllung,Mawkyllung-Nongstoin Road,25.40288611,91.43424167,Debris,Fall,28 May 2024,1,2024-05-28,True,63.4,634.0,ok,1527.0,17.126550058251873,99.05721804121715
20597,6891,Meghalaya,West Khasi Hills,Mawrok Sohsat,Mairang-Nongstoin Road,25.531739,91.296177,Debris,Slide,02 July 2024,1,2024-07-02,True,4.9,49.0,ok,1460.0,25.18694524152053,4.370566334956919
20598,ME/WKH/2025/6,Meghalaya,West Khasi Hills,Sohpian,Mairang-Nongstoin Road,25.540056,91.314142,Debris,Fall,02 July 2024,1,2024-07-02,True,3.6,36.0,ok,1513.0,13.75499554043943,30.82774089731773
20602,6890,Meghalaya,East Khasi Hills,Rymbai Petrol Pump(BPCL),Shillong-Umiam Road,25.641242,91.894137,Debris,Fall,02 July 2024,1,2024-07-02,True,4.5,45.0,ok,1210.0,9.826591555115431,304.06423609767654
20603,4694,Meghalaya,East Khasi Hills,Mowing Rim,Umiam Road,25.65057222,91.89351389,Debris,Fall,02 July 2024,1,2024-07-02,True,4.5,45.0,ok,1135.0,22.61491444872152,244.723857110314
20604,6889,Meghalaya,East Khasi Hills,Umiam Lake,Umiam Road,25.64887222,91.89692778,Debris,Slide,02 July 2024,1,2024-07-02,True,4.5,45.0,ok,1083.0,18.82064076180289,341.59296373575694
20608,ME/SWK/2025/16,Meghalaya,South West Khasi Hills,Mawiang,SH-3,25.619397,91.61704,Debris,Slide,30 May 2025,1,2025-05-30,True,87.5,875.0,ok,1509.0,18.34913161628044,305.8047566521124
20609,4695,Meghalaya,Eastern-West Khasi Hill,Mawblei,SH-3,25.65443889,91.62390833,Debris,Fall,30 May 2025,1,2025-05-30,True,87.5,875.0,ok,1469.0,11.026624639828132,185.2817857535424
20610,4696,Meghalaya,Eastern-West Khasi Hill,Nongkhlaw,SH-3,25.65443889,91.63345833,Debris,Slide,30 May 2025,1,2025-05-30,True,87.5,875.0,ok,1438.0,8.166370614703988,90.0
20611,4697,Meghalaya,Eastern-West Khasi Hill,Nongkhlaw,SH-3,25.65977222,91.63440556,Debris,Fall,30 May 2025,1,2025-05-30,True,87.5,875.0,ok,1407.0,5.125341783943059,90.0
20612,ME/EKH/2025/20,Meghalaya,East Khasi Hills,Umiam Hydal Project,GS Road,25.65308889,91.89803889,Debris,Slide,01 July 2024,1,2024-07-01,True,185.4,1854.0,ok,1044.0,18.23282115346042,119.39668696936462
20613,4699,Meghalaya,East Khasi Hills,Umiam Hydal Project,GS Road,25.65341111,91.89819444,Debris,Slide,01 July 2024,1,2024-07-01,True,185.4,1854.0,ok,1038.0,17.42962271124082,132.03242643009796
20614,ME/RIB/2025/22,Meghalaya,Ri-Bhoi,Umiam Hydal Project,GS Road,25.66315,91.90180278,Debris,Fall,30 May 2025,1,2025-05-30,True,112.5,1125.0,ok,1017.0,8.217929300281208,263.5716249998811
20615,4701,Meghalaya,Ri-Bhoi,Umsawlum A,GS Road,25.67032222,91.90487222,Debris,Slide,30 May 2025,1,2025-05-30,True,112.5,1125.0,ok,1008.0,14.312394735962627,230.67000822472767
20616,ME/RIB/2025/24,Meghalaya,Ri-Bhoi,Umiam Flyover,Guwahati-Shillong Road,25.67517222,91.8983,Debris,Fall,30 June 2024,1,2024-06-30,True,190.4,1904.0,ok,1015.0,18.682083992664044,47.97277360430755
20617,ME/EKH/2025/25,Meghalaya,East Khasi Hills,Lewmawiong,NH-206,25.42315556,91.86329167,Debris,Slide,31 May 2025,1,2025-05-31,True,74.6,746.0,ok,1740.0,39.57022135552433,183.72644873086887
20618,4702,Meghalaya,East Khasi Hills,Lait-Sohphie,AH-2,25.30127778,91.92198889,Debris,Slide,30 May 2025,1,2025-05-30,True,60.0,600.0,ok,1192.0,27.355991674751525,208.9449049266064
20619,4700,Meghalaya,Ri-Bhoi,Umiam,NH-6,25.67546111,91.89726944,Rock,Topple/Fall,30 June 2024,1,2024-06-30,True,190.4,1904.0,ok,1007.0,20.32555612857955,235.42535502539133
20620,ME/RIB/2025/28,Meghalaya,Ri-Bhoi,,NH-6,25.67761389,91.89865833,Debris,Slide,30 May 2025,1,2025-05-30,True,110.8,1108.0,ok,997.0,25.20478590565478,241.2514986577932
20621,ME/EWK/2026/29,Meghalaya,Eastern-West Khasi Hill,Umkrem,Umkrem,25.49551944,91.49585278,Debris,Slide,02 July 2025,1,2025-07-02,True,35.5,355.0,ok,1584.0,18.30803320066323,66.98606603378994
20622,ME/EWK/2026/30,Meghalaya,South West Khasi Hills,Mawpud,Ranikor,25.28247222,91.36413333,Debris,Slide,30 May 2025,1,2025-05-30,True,57.0,570.0,ok,973.0,35.84637625158063,153.54183775517532
20623,ME/SWK/2026/31,Meghalaya,South West Khasi Hills,Mawpud,Ranikor,25.28090556,91.36584722,Debris,Slide,30 May 2025,1,2025-05-30,True,57.0,570.0,ok,993.0,27.85351204583748,168.28517437617995
20624,ME/RIB/2026/32,Meghalaya,Ri-Bhoi,Umbang 1,NH-6,25.68255833,91.90111389,Debris,Slide,30 June 2024,1,2024-06-30,True,184.0,1840.0,ok,960.0,9.570502710005876,253.27957459258667
20625,7236,Meghalaya,Ri-Bhoi,Umbang 2,NH-6,25.68591944,91.90256667,Debris,Slide,30 June 2024,1,2024-06-30,True,184.0,1840.0,ok,938.0,21.53673623177921,190.4780034184209
20626,7237,Meghalaya,Ri-Bhoi,Sahkynduh,NH-6,25.71165556,91.89512778,Debris,Slide,30 May 2025,1,2025-05-30,True,96.3,963.0,ok,854.0,15.84713559678666,304.72460269346647
20627,7239,Meghalaya,Ri-Bhoi,Ri-Bhoi Pataraim,NH-6,25.75297778,91.88535278,Debris,Fall/Topple,30 May 2025,1,2025-05-30,True,96.3,963.0,ok,821.0,16.02639092188867,90.0
20628,7240,Meghalaya,Ri-Bhoi,Umsamlan 1,NH-6,25.79744444,91.87408611,Debris,Slide,14 June 2024,1,2024-06-14,True,33.1,331.0,ok,642.0,22.991915108484527,283.2175374393114
20629,ME/RIB/2026/37,Meghalaya,Ri-Bhoi,Umsamlan 2,NH-6,25.80725833,91.87509444,Debris,Slide,14 July 2024,1,2024-07-14,True,4.7,47.0,ok,612.0,15.486422683108954,283.4995417906616
20630,7242,Meghalaya,West Khasi Hills,,Nongstoin-RongjongTura Road,25.62269444,91.16914444,Debris,Slide,02 July 2024,1,2024-07-02,True,6.8,68.0,ok,1222.0,6.330278572405954,330.99023172032366
20631,ME/WKH/2026/39,Meghalaya,West Khasi Hills,,Nongstoin-RongjongTura Road,25.61276111,91.17375278,Debris,Slide,02 July 2024,1,2024-07-02,True,6.8,68.0,ok,1166.0,15.688052719489258,286.7296616652928
20632,7243,Meghalaya,West Khasi Hills,,Nongstoin-RongjongTura Road,25.66156667,91.13485278,Debris,Slide,02 July 2024,1,2024-07-02,True,6.8,68.0,ok,1145.0,11.15416812111018,305.032905713717
20633,7244,Meghalaya,Eastern-West Khasi Hill,Nongkhlaw-Tirotsing 1,Mairang-Guwahati Road,25.69150833,91.64160833,Debris,Slide,29 May 2025,1,2025-05-29,True,81.8,818.0,ok,1338.0,1.3836631565129,132.0233194587546
20634,ME/EWK/2026/42,Meghalaya,Eastern-West Khasi Hill,Nongkhlaw-Tirotsing 2,Mairang-Guwahati Road,25.69517778,91.64123611,Debris,Slide,30 May 2025,1,2025-05-30,True,87.5,875.0,ok,1302.0,14.861824797280724,203.93620693703213
20635,ME/EWK/2026/43,Meghalaya,Eastern-West Khasi Hill,,Mairang-Guwahati Road,25.69688611,91.64176667,Debris,Slide,25 June 2025,1,2025-06-25,True,22.0,220.0,ok,1285.0,12.185217633467444,274.2943788216828
20636,ME/EWK/2026/44,Meghalaya,Eastern-West Khasi Hill,Nongkhlaw-Tirotsing 3,Mairang-Guwahati Road,25.70087778,91.642902,Debris,Slide,08 October 2024,1,2024-10-08,True,0.4,4.0,ok,1247.0,17.920793557669114,180.0
20637,ME/EWK/2026/45,Meghalaya,Eastern-West Khasi Hill,Nongkhlaw-Tirotsing 4,Mairang-Guwahati Road,25.69866667,91.64517222,Debris,Slide,06 August 2024,1,2024-08-06,True,9.0,90.0,ok,1228.0,25.86283384817769,91.91145679442266
20638,7245,Meghalaya,Eastern-West Khasi Hill,,Mairang-Guwahati Road,25.69683611,91.64485556,Debris,Slide,06 August 2024,1,2024-08-06,True,9.0,90.0,ok,1257.0,21.292050735371006,51.512173049156914
20639,ME/EWK/2026/47,Meghalaya,Eastern-West Khasi Hill,,Mairang-Guwahati Road,25.69523333,91.64426944,Debris,Slide,30 May 2025,1,2025-05-30,True,87.5,875.0,ok,1225.0,26.80682068413991,112.58234554303722
20640,ME/EWK/2026/48,Meghalaya,Eastern-West Khasi Hill,,Mairang-Guwahati Road,25.69463611,91.64577778,Debris,Slide,30 May 2025,1,2025-05-30,True,87.5,875.0,ok,1204.0,23.97321793855429,139.78511637310515
20641,ME/EWK/2026/49,Meghalaya,Eastern-West Khasi Hill,,Mairang-Guwahati Road,25.68698889,91.64812222,Rock,Slide,28 May 2025,1,2025-05-28,True,21.6,216.0,ok,1171.0,39.02438729612548,131.1752249138599
20642,ME/EWK/2026/50,Meghalaya,Eastern-West Khasi Hill,,Mairang-Guwahati Road,25.68690556,91.64915278,Debris,Fall,28 May 2025,1,2025-05-28,True,21.6,216.0,ok,1124.0,21.230401929126145,177.35276475379862
20643,ME/EWK/2026/51,Meghalaya,Eastern-West Khasi Hill,,Nongkhlaw-Guwahati Road,25.688833,91.653639,Earth,Slide,25 June 2025,1,2025-06-25,True,22.0,220.0,ok,1046.0,26.422371028120622,192.5131680107043
20644,7246,Meghalaya,Eastern-West Khasi Hill,,Mairang-Guwahati Road,25.68798889,91.65838889,Debris,Slide,28 May 2024,1,2024-05-28,True,66.5,665.0,ok,1032.0,28.85196950942128,176.26532929788115
20645,7247,Meghalaya,Eastern-West Khasi Hill,,Nongkhlaw-Guwahati Road,25.68805,91.66653,Debris,Slide,28 May 2024,1,2024-05-28,True,66.5,665.0,ok,957.0,30.31009471251964,174.71673320739808
20646,ME/EWK/2026/54,Meghalaya,Eastern-West Khasi Hill,,Mairang-Guwahati Road,25.68822222,91.66746111,Debris,Slide,11 June 2025,1,2025-06-11,True,18.2,182.0,ok,936.0,24.95598120970919,166.62420946269688
20647,7248,Meghalaya,Eastern-West Khasi Hill,Mawiongkhri,Nongkhlaw-Guwahati Road,25.69007,91.67085,Debris,Slide,11 June 2025,1,2025-06-11,True,18.2,182.0,ok,888.0,6.311248433564936,54.21134699889826
20648,7249,Meghalaya,Eastern-West Khasi Hill,Umniangriang,Mairang-Guwahati Road,25.733262,91.675754,Debris,Slide,11 June 2025,1,2025-06-11,True,60.0,600.0,ok,742.0,16.127949155769965,341.9182403807565
20649,7250,Meghalaya,Eastern-West Khasi Hill,Boulder Stone Quarry Site,Mairang-Guwahati Road,25.762051,91.658959,Debris,Slide,29 May 2024,1,2024-05-29,True,15.9,159.0,ok,796.0,6.417324584152889,253.2901234757964
20650,ME/EWK/2026/58,Meghalaya,Eastern-West Khasi Hill,Mawpat,Mairang-Guwahati Road,25.770935,91.656497,Debris,Slide,29 May 2024,1,2024-05-29,True,15.9,159.0,ok,776.0,11.317649881323272,279.2987815291523
20651,7251,Meghalaya,Eastern-West Khasi Hill,Madpan,Mairang-Guwahati Road,25.791616,91.658242,Debris,Slide,29 May 2024,1,2024-05-29,True,15.9,159.0,ok,743.0,9.226209732537686,95.71300376335542
20652,ME/EWK/2026/60,Meghalaya,Eastern-West Khasi Hill,,Mairang-Guwahati Road,25.803984,91.659801,Debris,Slide,28 August 2024,1,2024-08-28,True,2.1,21.0,ok,686.0,24.46334725807096,71.34489649509675
20653,7252,Meghalaya,Eastern-West Khasi Hill,Mawkarah,Nongkhlaw Road,25.700668,91.596815,Debris,Slide,31 May 2025,1,2025-05-31,True,32.7,327.0,ok,1345.0,16.18976976728993,120.08202033251216
20654,ME/EWK/2026/62,Meghalaya,Eastern-West Khasi Hill,,Jakhong Road,25.739454,91.572107,Debris,Slide,31 May 2025,1,2025-05-31,True,32.7,327.0,ok,903.0,23.6420218286175,109.41645443975324
20656,3442,Meghalaya,East Khasi Hills,Pohkseh,BL-D/24,25.566518,91.914509,rock,fall,19 August 2025,1,2025-08-19,True,8.6,86.0,ok,1540.0,5.818876127851667,61.57549141713292
22177,MIZO/AIZ/84A10/2007/E-3,Mizoram,Aizawl,Bawng Venglai slide,,23.751694,92.731528,Debris,Slide,8 September 2007,1,2007-09-08,True,120.0,1200.0,ok,946.0,23.18220130390684,340.7297448931005
22701,MZ/AZL/84A10/2024/001,Mizoram,Aizawl,,"Luangmual, Aizawl",23.73888889,92.69638889,Debris,Slide,28 May 2024,1,2024-05-28,True,70.9,709.0,ok,1044.0,26.72854136776827,216.60692651791288
22702,MZ/AZL/84A10/2024/002,Mizoram,Aizawl,,"Luangmual, Aizawl",23.73947222,92.69666667,Debris,Complex,28 May 2024,1,2024-05-28,True,70.9,709.0,ok,1033.0,25.718163009114782,237.51142798839965
22703,MZ/AZL/84A10/2024/003,Mizoram,Aizawl,,"Luangmual, Aizawl",23.74027778,92.69722222,Earth,Slide,28 May 2024,1,2024-05-28,True,70.9,709.0,ok,1039.0,18.46967612598532,223.43418089649185
22704,MZ/AZL/84A10/2024/004,Mizoram,Aizawl,,"Luangmual, Aizawl",23.74066667,92.69336111,Debris,Slide,28 May 2024,1,2024-05-28,True,70.9,709.0,ok,927.0,12.933031531867952,270.0
22705,MZ/AZL/84A10/2024/005,Mizoram,Aizawl,,"Mizoram Law College, Luangmual, Aizawl",23.7385748,92.6941941,Debris,Slide,28 May 2024,1,2024-05-28,True,70.9,709.0,ok,986.0,32.7861543156035,211.40300982677925
22706,MZ/AZL/84A10/2024/006,Mizoram,Aizawl,,"R Romawia (L) Chawlhhmun, Aizawl",23.74472222,92.69277778,Debris,Slide,28 May 2024,1,2024-05-28,True,70.9,709.0,ok,974.0,24.513680545245847,22.79139649788449
22707,MZ/AZL/84A10/2024/007,Mizoram,Aizawl,,"Luangmual, Aizawl",23.74116667,92.69455556,Debris,Slide,28 May 2024,1,2024-05-28,True,70.9,709.0,ok,948.0,26.35329965522294,231.67187024192089
22708,MZ/AZL/84A10/2024/008,Mizoram,Aizawl,,"Luangmual - Ainawn road, Aizawl",23.7375,92.69444444,Debris,Slide,28 May 2024,1,2024-05-28,True,70.9,709.0,ok,979.0,29.817890213282773,45.14361932997546
22709,MZ/AZL/84A10/2024/009,Mizoram,Aizawl,,"Luangmual-Ainawn road, Aizawl",23.73386111,92.69491667,Debris,Complex,28 May 2024,1,2024-05-28,True,70.9,709.0,ok,899.0,25.66799182144158,61.89787881726046
22710,MZ/AZL/84A10/2024/010,Mizoram,Aizawl,,"Ainawn Veng, Aizawl",23.72669444,92.69519444,Debris,Complex,28 May 2024,1,2024-05-28,True,70.9,709.0,ok,897.0,32.32712913432364,4.803012560447243
22711,MZ/AZL/84A10/2024/011,Mizoram,Aizawl,,"Ainawn, Aizawl.",23.73361111,92.69388889,Earth,Slide,28 May 2024,1,2024-05-28,True,70.9,709.0,ok,900.0,23.647263123266,306.21685880891675
22712,MZ/AZL/84A10/2024/012,Mizoram,Aizawl,,"Zonuam, Aizawl",23.73472222,92.695,Earth,Slide,28 May 2024,1,2024-05-28,True,70.9,709.0,ok,917.0,23.21121378927057,81.32528988063144
22714,MZ/AZL/84A10/2024/014,Mizoram,Aizawl,,"Zonuam, Aizawl",23.73305556,92.69944444,Debris,Slide,28 May 2024,1,2024-05-28,True,70.9,709.0,ok,894.0,32.830785019337526,320.9760255463217
22715,MZ/AZL/84A10/2024/015,Mizoram,Aizawl,,"Zonuam, Aizawl",23.74972222,92.69833333,Debris,Slide,28 May 2024,1,2024-05-28,True,70.9,709.0,ok,630.0,21.702340037028588,167.17742895033638
22716,MZ/AZL/84A10/2024/016,Mizoram,Aizawl,,"Chawnpui, Aizawl",23.73111111,92.70222222,Debris,Slide,28 May 2024,1,2024-05-28,True,71.2,712.0,ok,862.0,20.341024454745902,321.72900018578144
22717,MZ/AZL/84A10/2024/017,Mizoram,Aizawl,,"Chawnpui, Aizawl",23.73111111,92.70388889,Debris,Slide,28 May 2024,1,2024-05-28,True,71.2,712.0,ok,873.0,20.421307114291416,2.719172066911554
22718,MZ/AZL/84A10/2024/018,Mizoram,Aizawl,,"Chawnpui, Aizawl",23.73333333,92.70527778,Debris,Slide,28 May 2024,1,2024-05-28,True,71.2,712.0,ok,949.0,11.15696356964253,349.6815159321153
22720,MZ/AZL/84A10/2024/020,Mizoram,Aizawl,,"Zonuam, Aizawl",23.73583333,92.69777778,Debris,Slide,28 May 2024,1,2024-05-28,True,70.9,709.0,ok,993.0,16.172184828608206,33.242567780414866
22721,MZ/AZL/84A10/2024/021,Mizoram,Aizawl,,"Kanaan Cemetery, Aizawl",23.73132778,92.70821944,Debris,Slide,28 May 2024,1,2024-05-28,True,71.2,712.0,ok,885.0,13.997159186796242,247.0953584401128
22722,MZ/AZL/84A10/2024/022,Mizoram,Aizawl,,"MINECO, Aizawl",23.72428333,92.70737778,Debris,Slide,28 May 2024,1,2024-05-28,True,71.2,712.0,ok,978.0,26.91431603362032,333.1084604360351
22723,MZ/AZL/84A10/2024/023,Mizoram,Aizawl,,"Bungkawn, Aizawl",23.72276944,92.70665,Debris,Slide,28 May 2024,1,2024-05-28,True,71.2,712.0,ok,961.0,39.06822866807389,192.56676634124693
22724,MZ/AZL/84A10/2024/024,Mizoram,Aizawl,,"Mission Vengthlang, Aizawl",23.71446389,92.71146389,Debris,Flow,28 May 2024,1,2024-05-28,True,71.2,712.0,ok,988.0,27.37189268521692,178.04513505763663
22725,MZ/AZL/84A10/2024/025,Mizoram,Aizawl,,"MSVT to Reiek Road, Aizawl",23.71581111,92.70935,Debris,Slide,28 May 2024,1,2024-05-28,True,71.2,712.0,ok,902.0,23.585082169552965,0.0
22726,MZ/AZL/84A10/2024/026,Mizoram,Aizawl,,"Bungkawn, Nursery, Aizawl",23.71595,92.70879444,Debris,Complex,28 May 2024,1,2024-05-28,True,71.2,712.0,ok,895.0,31.58038261275416,346.71249387445
22727,MZ/AZL/84A10/2024/027,Mizoram,Aizawl,,"Nursery Veng, Aizawl",23.7175,92.70666667,Earth,Slide,28 May 2024,1,2024-05-28,True,71.2,712.0,ok,900.0,23.1816088740264,340.7344282467556
22728,MZ/AZL/84A10/2024/0028,Mizoram,Aizawl,,"Nursery Veng, Aizawl",23.71740833,92.70644167,Earth,Slide,28 May 2024,1,2024-05-28,True,71.2,712.0,ok,896.0,25.67558494439666,347.26602116849324
22729,MZ/AZL/84A10/2024/029,Mizoram,Aizawl,,"Nursery Veng, Aizawl",23.71735556,92.70753333,Earth,Complex,28 May 2024,1,2024-05-28,True,71.2,712.0,ok,900.0,21.69441998735133,339.19755195269204
22730,MZ/AZL/84A10/2024/030,Mizoram,Aizawl,,"Nursery Veng, Aizawl",23.71721667,92.70777778,Debris,Slide,28 May 2024,1,2024-05-28,True,71.2,712.0,ok,906.0,25.54638038691661,321.08554841983664
22731,MZ/AZL/84A10/2024/031,Mizoram,Aizawl,,"Nursery Veng, Aizawl",23.71697222,92.70817222,Debris,Complex,28 May 2024,1,2024-05-28,True,71.2,712.0,ok,909.0,27.07396677328215,284.6591853550889
22732,MZ/AZL/84A10/2024/032,Mizoram,Aizawl,,"Mission Vengthlang, Aizawl",23.71305556,92.70895833,Debris,Slide,28 May 2024,1,2024-05-28,True,71.2,712.0,ok,981.0,20.943986657683,332.5209595406653
22733,MZ/AZL/84A10/2024/033,Mizoram,Aizawl,,"Model Veng, Aizawl",23.71523056,92.71529167,Debris,Slide,28 May 2024,1,2024-05-28,True,71.2,712.0,ok,1012.0,16.41500726043734,338.9186513258651
22734,MZ/AZL/84A10/2024/034,Mizoram,Aizawl,,"Chanmari-Chanmari West, Aizawl",23.74,92.715,Debris,Complex,28 May 2024,1,2024-05-28,True,71.2,712.0,ok,1065.0,42.64511486079487,226.78757279998413
22735,MZ/AZL/84A10/2024/035,Mizoram,Aizawl,,"Chanmari-Chanmari west, Aizawl",23.73944444,92.71472222,Rock,Fall,28 May 2024,1,2024-05-28,True,71.2,712.0,ok,1073.0,53.93398279852634,247.86163664681027
22736,MZ/AZL/84A10/2024/036,Mizoram,Aizawl,,"Salem Veng, Aizawl",23.71138889,92.72444444,Earth,Slide,28 May 2024,1,2024-05-28,True,71.2,712.0,ok,924.0,27.52444044258385,66.21038277573449
22737,MZ/AZL/84A10/2024/037,Mizoram,Aizawl,,"Mission Veng, Aizawl",23.71638889,92.72111111,Debris,Slide,28 May 2024,1,2024-05-28,True,71.2,712.0,ok,983.0,29.58061685939544,165.5869991737772
22738,MZ/AZL/84A10/2024/038,Mizoram,Aizawl,,"Salem Veng, Aizawl",23.71444444,92.72861111,Debris,Slide,28 May 2024,1,2024-05-28,True,71.2,712.0,ok,855.0,15.591557405625078,117.61756788557422
22741,MZ/AZL/84A10/2024/041,Mizoram,Aizawl,,"Salem Veng cemetery, Aizawl",23.71571389,92.72659722,Debris,Slide,28 May 2024,1,2024-05-28,True,71.2,712.0,ok,865.0,24.50532370686693,186.67470090835965
22742,MZ/AZL/84A10/2024/042,Mizoram,Aizawl,,"Venghnuai, Aizawl",23.7104,92.72237778,Debris,Slide,28 May 2024,1,2024-05-28,True,71.2,712.0,ok,963.0,34.46268223736767,19.542955287124087
22743,MZ/AZL/84A10/2024/043,Mizoram,Aizawl,,"Republic Veng, Aizawl",23.71865833,92.72335278,Debris,Complex,28 May 2024,1,2024-05-28,True,71.2,712.0,ok,949.0,24.93370723313566,108.24177511738796
22744,MZ/AZL/84A10/2024/044,Mizoram,Aizawl,,"Republic Veng, Lungli Road, Aizawl",23.7175,92.71972222,Debris,Complex,19 September 2023,1,2023-09-19,True,49.3,493.0,ok,1082.0,29.41839407692929,48.73653525179805
22745,MZ/AZL/84A10/2024/045,Mizoram,Aizawl,,"Kulikawn cemetery, Aizawl",23.71,92.71611111,Debris,Slide,28 May 2024,1,2024-05-28,True,71.2,712.0,ok,949.0,16.619943771513,225.23322720330896
22747,MZ/AZL/84A10/2024/047,Mizoram,Aizawl,,"Kulikawn, Aizawl",23.70666667,92.71444444,Debris,Flow,28 May 2024,1,2024-05-28,True,71.2,712.0,ok,1029.0,49.74190134971497,181.71390567788933
22748,MZ/AZL/84A10/2024/048,Mizoram,Aizawl,,"Tlangnuam, Aizawl",23.70527778,92.71138889,Debris,Slide,28 May 2024,1,2024-05-28,True,71.2,712.0,ok,1070.0,36.045657996077566,204.36303716394428
22749,MZ/AZL/84A10/2024/049,Mizoram,Aizawl,,"Tlangnuam CP Road, Aizawl",23.70416667,92.71222222,Earth,Slide,28 May 2024,1,2024-05-28,True,71.2,712.0,ok,1040.0,35.22959482151546,10.081291524502348
22750,MZ/AZL/84A10/2024/050,Mizoram,Aizawl,,"Tlangnuam Vengthar, Aizawl",23.70027778,92.71611111,Debris,Slide,28 May 2024,1,2024-05-28,True,71.2,712.0,ok,1031.0,22.356721965820785,295.6238558960557
22751,MZ/AZL/84A10/2024/051,Mizoram,Aizawl,,"Tlangnuam Vengthar, Aizawl",23.69972222,92.71694444,Debris,Slide,28 May 2024,1,2024-05-28,True,66.7,667.0,ok,1002.0,37.35256798916894,5.310096785521395
22752,MZ/AZL/84A10/2024/052,Mizoram,Aizawl,,"Trinity Hospital, Silaimual, Aizawl",23.68027778,92.72472222,Debris,Slide,28 May 2024,1,2024-05-28,True,66.7,667.0,ok,905.0,32.47922845088707,35.6248494554118
22753,MZ/AZL/84A10/2024/053,Mizoram,Aizawl,,"Melthum to Hualngohmun Road, Aizawl",23.67805556,92.72,Debris,Slide,28 May 2024,1,2024-05-28,True,66.7,667.0,ok,1020.0,52.95767637833143,129.38862521141874
22754,MZ/AZL/84A10/2024/054,Mizoram,Aizawl,,"Paikhai, Melriat, Aizawl",23.64333333,92.73444444,Earth,Slide,28 May 2024,1,2024-05-28,True,66.7,667.0,ok,724.0,12.116146325255537,138.8691072192827
22755,MZ/AZL/84A10/2024/055,Mizoram,Aizawl,,"Melriat, Aizawl",23.64638889,92.72638889,Debris,Slide,02 October 2023,1,2023-10-02,True,11.7,117.0,ok,797.0,27.711911971569062,109.79239307481126
22756,MZ/AZL/84A10/2024/056,Mizoram,Aizawl,,"Melriat, Aizawl",23.64638889,92.72527778,Debris,Slide,28 May 2024,1,2024-05-28,True,66.7,667.0,ok,836.0,20.421279776884475,182.71741122095128
22757,MZ/AZL/84A10/2024/057,Mizoram,Aizawl,,Kelsih,23.63111111,92.72388889,Debris,Slide,28 May 2024,1,2024-05-28,True,66.7,667.0,ok,867.0,23.327527437708348,70.27766957267093
22758,MZ/AZL/84A10/2024/058,Mizoram,Aizawl,,"Kelsih, Aizawl",23.63055556,92.72305556,Debris,Complex,28 May 2024,1,2024-05-28,True,66.7,667.0,ok,860.0,26.01095128719577,6.22931865624291
22759,MZ/AZL/84A10/2024/059,Mizoram,Aizawl,,"Falkawn, Aizawl",23.62833333,92.72333333,Debris,Slide,28 May 2024,1,2024-05-28,True,66.7,667.0,ok,797.0,20.774202994758785,257.6945755189685
22760,MZ/AZL/84A10/2024/060,Mizoram,Aizawl,,"Falkawn, Aizawl",23.62277778,92.72444444,Debris,Slide,28 May 2024,1,2024-05-28,True,66.7,667.0,ok,816.0,7.073184559909984,58.58331729026044
22761,MZ/AZL/84A10/2024/061,Mizoram,Aizawl,,"Falkawn, Aizawl",23.62194444,92.72305556,Debris,Slide,28 May 2024,1,2024-05-28,True,66.7,667.0,ok,814.0,32.24624346073406,181.60306072088449
22762,MZ/AZL/84A10/2024/062,Mizoram,Aizawl,,"Falkawn, Aizawl",23.62083333,92.7225,Debris,Slide,28 May 2024,1,2024-05-28,True,66.7,667.0,ok,822.0,18.617232089305944,264.4912089934824
22763,MZ/AZL/84A10/2024/063,Mizoram,Aizawl,,"Falkawn, Aizawl",23.61916667,92.7225,Debris,Slide,28 May 2024,1,2024-05-28,True,66.7,667.0,ok,830.0,35.119088706928586,351.34081046132445
22764,MZ/AZL/84A10/2024/004,Mizoram,Aizawl,,"Falkawn Vengthar, Aizawl",23.62,92.72472222,Debris,Complex,28 May 2024,1,2024-05-28,True,66.7,667.0,ok,819.0,30.29275147158508,149.09820492211384
22765,MZ/AZL/84A10/2024/065,Mizoram,Aizawl,,"Falkawn vengthar, Aizawl",23.61972222,92.72527778,Debris,Slide,28 May 2024,1,2024-05-28,True,66.7,667.0,ok,818.0,25.030235175024536,142.79207969379362
22766,MZ/AZL/84A10/2024/066,Mizoram,Aizawl,,"Falkawn vengthar, Aizawl",23.62027778,92.72555556,Debris,Slide,28 May 2024,1,2024-05-28,True,66.7,667.0,ok,790.0,21.810785738678497,148.04904089623835
22767,MZ/AZL/84A10/2024/067,Mizoram,Aizawl,,"Falkawn vengthar, Aizawl",23.62027778,92.72611111,Debris,Slide,28 May 2024,1,2024-05-28,True,66.7,667.0,ok,771.0,34.21462412313348,135.5117048895378
22768,MZ/AZL/84A10/2024/068,Mizoram,Aizawl,,"Falkawn vengthar, Aizawl",23.62111111,92.72444444,Debris,Slide,28 May 2024,1,2024-05-28,True,66.7,667.0,ok,795.0,17.97282796955214,49.60982012140801
22769,MZ/AZL/84A10/2024/069,Mizoram,Aizawl,,"Melthum, Aizawl",23.68743333,92.72129167,Rock,Complex,28 May 2024,1,2024-05-28,True,66.7,667.0,ok,1098.0,20.63598873140694,160.8399808296476
22770,MZ/AZL/84A10/2024/070,Mizoram,Aizawl,,"Hlimen, Aizawl",23.67694444,92.71722222,Rock,Complex,28 May 2024,1,2024-05-28,True,66.7,667.0,ok,1096.0,28.441407649584075,257.9377528049971
22771,MZ/AZL/84A10/2024/071,Mizoram,Aizawl,,"Hlimen, Aizawl",23.67583333,92.715,Debris,Slide,28 May 2024,1,2024-05-28,True,66.7,667.0,ok,997.0,24.657330403071544,270.0
22772,MZ/AZL/84A10/2024/072,Mizoram,Aizawl,,"Hlimen, Aizawl",23.67472222,92.71722222,Debris,Complex,28 May 2024,1,2024-05-28,True,66.7,667.0,ok,1099.0,18.82565942789109,241.68735162760228
22773,MZ/AZL/84A10/2024/073,Mizoram,Aizawl,,"Hlimen, Aizawl",23.67444444,92.71472222,Debris,Slide,28 May 2024,1,2024-05-28,True,66.7,667.0,ok,1000.0,22.11668774676993,272.2802678930476
22774,MZ/AZL/84A10/2024/074,Mizoram,Aizawl,,"Hlimen, Aizawl",23.67388889,92.71472222,Debris,Slide,28 May 2024,1,2024-05-28,True,66.7,667.0,ok,997.0,18.723646720310747,261.77165566961577
22775,MZ/AZL/84A10/2024/075,Mizoram,Aizawl,,"Hlimen, Aizawl",23.672069,92.7099293,Debris,Slide,28 May 2024,1,2024-05-28,True,66.7,667.0,ok,1000.0,18.38018108214199,286.97670415371795
22776,MZ/AZL/84A10/2024/076,Mizoram,Aizawl,,"Hlimen, Aizawl",23.684301,92.715511,Debris,Slide,28 May 2024,1,2024-05-28,True,66.7,667.0,ok,1036.0,19.101654398645422,225.54411177797647
22777,MZ/AZL/84A10/2024/077,Mizoram,Aizawl,,"World Bank Road, Kulikawn East, Aizawl",23.70638889,92.72055556,Debris,Slide,28 May 2024,1,2024-05-28,True,71.2,712.0,ok,875.0,34.62264576731095,85.97118896559951
22778,MZ/AZL/84A10/2024/078,Mizoram,Aizawl,,"World Bank Road, Aizawl",23.70416667,92.72,Rock,Slide,28 May 2024,1,2024-05-28,True,71.2,712.0,ok,880.0,38.69044994226493,104.02104568969312
22779,MZ/AZL/84A10/2024/079,Mizoram,Aizawl,,"World Bank Road, Aizawl",23.70305556,92.72055556,Debris,Complex,28 May 2024,1,2024-05-28,True,71.2,712.0,ok,879.0,42.74937152768776,175.61737513032762
22780,MZ/AZL/84A10/2024/080,Mizoram,Aizawl,,"World Bank Road and Saikhamakawn, Aizawl",23.69333333,92.72055556,Debris,Complex,28 May 2024,1,2024-05-28,True,66.7,667.0,ok,990.0,26.894786477346987,102.89437973574772
22782,MZ/AZL/84A10/2024/082,Mizoram,Aizawl,,"World Bank Road, Aizawl",23.69,92.72361111,Debris,Slide,28 May 2024,1,2024-05-28,True,66.7,667.0,ok,871.0,30.692970984167413,79.00739674284003
22783,MZ/AZL/84A10/2024/083,Mizoram,Aizawl,,"World Bank Road, Aizawl",23.68361111,92.72277778,Debris,Slide,28 May 2024,1,2024-05-28,True,66.7,667.0,ok,924.0,33.16452174499129,88.58217629935614
22784,MZ/AZL/84A10/2024/084,Mizoram,Aizawl,,"Melthum, Aizawl-Thenzawl- Lunglei Highway",23.67611111,92.71972222,Debris,Complex,28 May 2024,1,2024-05-28,True,66.7,667.0,ok,976.0,58.15145168618777,56.46470593702406
22785,MZ/AZL/84A10/2024/085,Mizoram,Aizawl,,Aizawl-Thenzawl-Lunglei Highway,23.67138889,92.72361111,Debris,Slide,28 May 2024,1,2024-05-28,True,66.7,667.0,ok,927.0,37.70362952796796,79.14847892291078
22786,MZ/AZL/84A10/2024/086,Mizoram,Aizawl,,Aizawl-Thenzawl-Lunglei Highway,23.66694444,92.72194444,Debris,Complex,28 May 2024,1,2024-05-28,True,66.7,667.0,ok,978.0,43.66174011172057,121.68425961665424
22787,MZ/AZL/84A10/2024/087,Mizoram,Aizawl,,Aizawl-Thenzawl-Lunglei Highway,23.66666667,92.72388889,Debris,Slide,28 May 2024,1,2024-05-28,True,66.7,667.0,ok,829.0,33.937730870513114,103.9034852282944
22788,MZ/AZL/84A10/2024/088,Mizoram,Aizawl,,Hualngohmun Bifurcation,23.66027778,92.72694444,Debris,Complex,28 May 2024,1,2024-05-28,True,66.7,667.0,ok,859.0,35.82556687303344,164.39543771341692
22790,MZ/AZL/84A10/2024/090,Mizoram,Aizawl,,"Melriat Bazar, Aizawl",23.64388889,92.72583333,Debris,Complex,28 May 2024,1,2024-05-28,True,66.7,667.0,ok,822.0,28.13581500101719,296.9724480773207
22791,MZ/AZL/84A10/2024/091,Mizoram,Aizawl,,"Kelsih, Aizawl",23.635,92.72361111,Debris,Slide,28 May 2024,1,2024-05-28,True,66.7,667.0,ok,837.0,36.06232673365909,60.7577215533225
22792,MZ/AZL/84A15/2024/092,Mizoram,Aizawl,,"Chamring to Hmuifang Road, Aizawl",23.43277778,92.76111111,Debris,Slide,28 May 2024,1,2024-05-28,True,84.4,844.0,ok,1503.0,16.43538746558263,303.2398967184669
22793,MZ/AZL/84A10/2024/093,Mizoram,Aizawl,,"Midum Kham, Sumsuih",23.46777778,92.74111111,Debris,Slide,28 May 2024,1,2024-05-28,True,84.4,844.0,ok,1328.0,57.77588948575726,270.0
22794,MZ/AZL/84A11/2024/094,Mizoram,Aizawl,,"Thiak, Aizawl",23.46805556,92.71638889,Debris,Flow,28 May 2024,1,2024-05-28,True,84.4,844.0,ok,1135.0,28.136100633939403,176.21988569913862
22795,MZ/AZL/84A11/2024/095,Mizoram,Aizawl,,"Thiak, Aizawl",23.4725,92.71444444,Earth,Slide,28 May 2024,1,2024-05-28,True,84.4,844.0,ok,1075.0,15.456567477245615,107.00103590729398
22797,MZ/AZL/84A11/2024/097,Mizoram,Aizawl,,Thiak to Maubuang,23.49,92.70555556,Debris,Complex,28 May 2024,1,2024-05-28,True,84.4,844.0,ok,1034.0,37.08553386853713,305.27940750597315
22798,MZ/AZL/84A11/2024/098,Mizoram,Aizawl,,Thiak to Maubuang,23.49722222,92.70333333,Debris,Slide,28 May 2024,1,2024-05-28,True,84.4,844.0,ok,905.0,26.184202806008862,291.2060107553244
22799,MZ/AZL/84A10/2024/099,Mizoram,Aizawl,,Maubuang to Sateek,23.51361111,92.69833333,Debris,Slide,28 May 2024,1,2024-05-28,True,60.9,609.0,ok,780.0,32.27890757631302,317.9328869812689
22800,MZ/AZL/84A10/2024/100,Mizoram,Aizawl,,Sateek,23.53666667,92.6975,Debris,Slide,28 May 2024,1,2024-05-28,True,60.9,609.0,ok,857.0,38.83316190999178,210.2602128061536
22801,MZ/AZL/84A10/2024/101,Mizoram,Aizawl,,Sateek,23.54166667,92.70194444,Debris,Flow,28 May 2024,1,2024-05-28,True,65.0,650.0,ok,872.0,22.14392996256823,265.4420701252885
22802,MZ/AZL/84A10/2024/102,Mizoram,Aizawl,,Sateek,23.54277778,92.70333333,Earth,Slide,28 May 2024,1,2024-05-28,True,65.0,650.0,ok,908.0,35.049096276607955,199.0785580329097
22803,MZ/AZL/84A10/2024/103,Mizoram,Aizawl,,Phulpui,23.52944444,92.72944444,Debris,Flow,28 May 2024,1,2024-05-28,True,65.0,650.0,ok,989.0,18.36313279414231,253.00588639488967
22804,MZ/AZL/84A10/2024/104,Mizoram,Aizawl,,Phulpui,23.53083333,92.73055556,Debris,Slide,28 May 2024,1,2024-05-28,True,65.0,650.0,ok,986.0,26.77979249489448,236.99901124741888
22805,MZ/AZL/84A10/2024/105,Mizoram,Aizawl,,Phulpui,23.53111111,92.73361111,Debris,Slide,28 May 2024,1,2024-05-28,True,65.0,650.0,ok,1043.0,36.58546539372178,196.56581000720743
22806,MZ/AZL/84A10/2024/106,Mizoram,Aizawl,,Phulpui,23.53083333,92.73333333,Debris,Slide,28 May 2024,1,2024-05-28,True,65.0,650.0,ok,1065.0,34.12944293542962,192.0143762281589
22807,MZ/AZL/84A10/2024/107,Mizoram,Aizawl,,Aibawk,23.56388889,92.70805556,Debris,Slide,28 May 2024,1,2024-05-28,True,65.0,650.0,ok,836.0,32.86691843690704,312.508834402556
22808,MZ/AZL/84A10/2024/108,Mizoram,Aizawl,,Aibawk,23.56416667,92.70805556,Debris,Slide,28 May 2024,1,2024-05-28,True,65.0,650.0,ok,847.0,28.458786763572483,298.5098375246656
22809,MZ/AZL/84A10/2024/109,Mizoram,Aizawl,,Aibawk,23.565,92.70777778,Debris,Slide,28 May 2024,1,2024-05-28,True,65.0,650.0,ok,851.0,35.92399477272191,292.29662504777514
22810,MZ/AZL/84A10/2024/110,Mizoram,Aizawl,,Aibawk,23.56666667,92.70888889,Debris,Slide,28 May 2024,1,2024-05-28,True,65.0,650.0,ok,852.0,12.66120176596551,239.74549921888425
22811,MZ/AZL/84A09/2024/111,Mizoram,Aizawl,,"BSUP, Durtlang",23.77305556,92.74361111,Debris,Slide,28 May 2024,1,2024-05-28,True,71.2,712.0,ok,1002.0,20.4297677338747,130.62802616697087
22812,MZ/AZL/84A13/2024/112,Mizoram,Aizawl,,Muthi,23.77472222,92.76194444,Debris,Slide,28 May 2024,1,2024-05-28,True,71.2,712.0,ok,1126.0,11.576254935925702,71.59372773289951
22813,MZ/AZL/84A13/2024/113,Mizoram,Aizawl,,Muthi,23.77361111,92.76111111,Debris,Slide,28 May 2024,1,2024-05-28,True,71.2,712.0,ok,1118.0,4.146782781931559,102.88670414577489
22814,MZ/AZL/84A10/2024/114,Mizoram,Aizawl,,"Zuangtui, Aizawl",23.74861111,92.73861111,Debris,Slide,28 May 2024,1,2024-05-28,True,71.2,712.0,ok,948.0,34.28427083463483,13.485972744836644
22815,MZ/AZL/84A10/2024/115,Mizoram,Aizawl,,Muallungthu,23.61,92.72083333,Debris,Slide,28 May 2024,1,2024-05-28,True,66.7,667.0,ok,912.0,29.588258913349456,160.00938644608115
22816,MZ/AZL/84A10/2024/116,Mizoram,Aizawl,,Muallungthu,23.60666667,92.72305556,Debris,Complex,28 May 2024,1,2024-05-28,True,66.7,667.0,ok,925.0,21.91268521563108,344.73931768684304
22817,MZ/AZL/84A10/2024/117,Mizoram,Aizawl,,Tachhip,23.5925,92.71666667,Debris,Slide,28 May 2024,1,2024-05-28,True,65.0,650.0,ok,763.0,20.89271235494361,247.58939513448016
22818,MZ/AZL/84A10/2024/118,Mizoram,Aizawl,,Tachhip,23.58722222,92.71361111,Debris,Slide,28 May 2024,1,2024-05-28,True,65.0,650.0,ok,813.0,35.32950670272117,304.7715443647453
22819,MZ/AZL/84A10/2024/119,Mizoram,Aizawl,,Tachhip,23.57694444,92.71305556,Debris,Slide,28 May 2024,1,2024-05-28,True,65.0,650.0,ok,906.0,13.701303265728969,149.56558611399709
22820,MZ/AZL/84A10/2024/121,Mizoram,Aizawl,,Tachhip,23.58027778,92.715,Earth,Slide,28 May 2024,1,2024-05-28,True,65.0,650.0,ok,918.0,11.025137220804485,5.195365632122517
22821,MZ/AZL/84A10/2024/122,Mizoram,Aizawl,,Tachhip,23.58138889,92.71416667,Debris,Slide,28 May 2024,1,2024-05-28,True,65.0,650.0,ok,911.0,28.126792548950128,296.98349388128565
22822,MZ/AZL/84A10/2024/123,Mizoram,Aizawl,,Tachhip,23.58694444,92.7175,Debris,Slide,28 May 2024,1,2024-05-28,True,65.0,650.0,ok,957.0,14.75874214791632,217.06813129324792
22823,MZ/AZL/84A10/2024/124,Mizoram,Aizawl,,Tachhip,23.58555556,92.71583333,Debris,Complex,28 May 2024,1,2024-05-28,True,65.0,650.0,ok,924.0,29.45874416248447,271.6404733957862
22824,MZ/AZL/84A10/2024/125,Mizoram,Aizawl,,Tachhip,23.58583333,92.71638889,Debris,Slide,28 May 2024,1,2024-05-28,True,65.0,650.0,ok,952.0,20.61211432681338,260.0979876314784
22825,MZ/AZL/84A10/2024/126,Mizoram,Aizawl,,Tachhip,23.58638889,92.71583333,Debris,Slide,28 May 2024,1,2024-05-28,True,65.0,650.0,ok,919.0,23.320635072240577,259.1906844766611
22826,MZ/AZL/84A10/2024/127,Mizoram,Aizawl,,Hualngohmun,23.65388889,92.72444444,Debris,Slide,28 May 2024,1,2024-05-28,True,66.7,667.0,ok,742.0,23.82615193954124,298.4251024918677
22827,MZ/AZL/84A10/2024/128,Mizoram,Aizawl,,Hualngohmun,23.65416667,92.71777778,Debris,Slide,28 May 2024,1,2024-05-28,True,66.7,667.0,ok,872.0,30.569076654930804,56.80431261148453
22828,MZ/AZL/84A10/2024/129,Mizoram,Aizawl,,Melriat to Samtlang road,23.655,92.71444444,Rock,Slide,28 May 2024,1,2024-05-28,True,66.7,667.0,ok,859.0,27.230753676355544,292.1513038680851
22829,MZ/AZL/84A10/2024/130,Mizoram,Aizawl,,Melriat to Samtlang road,23.65416667,92.69,Debris,Slide,28 May 2024,1,2024-05-28,True,65.6,656.0,ok,867.0,34.06791816894826,113.9845890591285
22830,MZ/AZL/84A10/2024/131,Mizoram,Aizawl,,N Lungleng,23.66055556,92.67277778,Earth,Slide,28 May 2024,1,2024-05-28,True,65.6,656.0,ok,1017.0,15.227539776531248,26.99862880670076
22831,MZ/AZL/84A10/2024/132,Mizoram,Aizawl,,N Lungleng,23.66083333,92.67277778,Debris,Slide,28 May 2024,1,2024-05-28,True,65.6,656.0,ok,1025.0,11.503192797238803,37.3886750734336
22832,MZ/AZL/84A10/2024/133,Mizoram,Aizawl,,N Lungleng,23.65777778,92.67444444,Earth,Slide,28 May 2024,1,2024-05-28,True,65.6,656.0,ok,954.0,11.156761715676003,10.312642176511162
22833,MZ/AZL/84A10/2024/134,Mizoram,Aizawl,,Samtlang Junction,23.65861111,92.70583333,Debris,Slide,28 May 2024,1,2024-05-28,True,66.7,667.0,ok,872.0,9.656288967039124,18.135061298235087
22834,MZ/AZL/84A10/2024/135,Mizoram,Aizawl,,Melthum,23.68143611,92.72144167,Debris,Slide,28 May 2024,1,2024-05-28,True,66.7,667.0,ok,1036.0,31.19118898756639,115.29856717879376
22835,MZ/AZL/84A14/2024/136,Mizoram,Aizawl,,Zemabawk to Tuirial Airfield,23.73555556,92.78833333,Rock,Slide,28 May 2024,1,2024-05-28,True,71.2,712.0,ok,529.0,31.564468200322565,71.58856263451452
22836,MZ/AZL/84A14/2024/137,Mizoram,Aizawl,,Tuirial,23.72694444,92.79527778,Debris,Slide,28 May 2024,1,2024-05-28,True,71.2,712.0,ok,256.0,20.944420457879136,152.51846127687094
22837,MZ/AZL/84A14/2024/138,Mizoram,Aizawl,,Tuirial Airfield,23.73277778,92.79722222,Debris,Slide,28 May 2024,1,2024-05-28,True,71.2,712.0,ok,256.0,15.593195105026448,297.61425869722586
22838,MZ/AZL/84A14/2024/139,Mizoram,Aizawl,,Tuirial Airfield Cemetery,23.73416667,92.79861111,Debris,Slide,28 May 2024,1,2024-05-28,True,71.2,712.0,ok,296.0,14.83971175315894,270.0
22839,MZ/AZL/84A14/2024/140,Mizoram,Aizawl,,Tuirial Airfield,23.74555556,92.79444444,Debris,Slide,28 May 2024,1,2024-05-28,True,71.2,712.0,ok,360.0,27.309754081702884,82.80424159354293
22840,MZ/AZL/84A14/2024/141,Mizoram,Aizawl,,Tuirial Airfield,23.73666667,92.79722222,Debris,Subsidence,28 May 2024,1,2024-05-28,True,71.2,712.0,ok,335.0,5.13067775590181,79.62512833944969
22841,MZ/AZL/84A14/2024/142,Mizoram,Aizawl,,Tuirial Airfield,23.73638889,92.79805556,Earth,Slide,28 May 2024,1,2024-05-28,True,71.2,712.0,ok,346.0,21.60394523321905,302.0601975200633
22842,MZ/AZL/84A14/2024/143,Mizoram,Aizawl,,Tuirial Airfield,23.73583333,92.79888889,Earth,Slide,28 May 2024,1,2024-05-28,True,71.2,712.0,ok,355.0,30.298590630218897,329.0758169943408
22843,MZ/AZL/84A14/2024/144,Mizoram,Aizawl,,Tuirial Airfield,23.73638889,92.8,Earth,Slide,28 May 2024,1,2024-05-28,True,71.2,712.0,ok,375.0,25.54867335378352,93.87917042714102
22844,MZ/AZL/84A14/2024/145,Mizoram,Aizawl,,Tuirial Airfield,23.73555556,92.80027778,Debris,Slide,28 May 2024,1,2024-05-28,True,71.0,710.0,ok,362.0,7.637463254782611,15.275035646337372
22845,MZ/AZL/84A14/2024/146,Mizoram,Aizawl,,Tuirial,23.71972222,92.79777778,Earth,Slide,28 May 2024,1,2024-05-28,True,71.2,712.0,ok,215.0,19.473667981984324,92.62095390164806
22846,MZ/AZL/84A14/2024/0147,Mizoram,Aizawl,,Tuirial,23.72222222,92.80138889,Rock,Slide,28 May 2024,1,2024-05-28,True,71.0,710.0,ok,203.0,28.71208159148693,268.3084056718444
22848,MZ/AZL/84A14/2024/149,Mizoram,Aizawl,,Seling to Sesawng,23.73305556,92.84777778,Debris,Slide,28 May 2024,1,2024-05-28,True,71.0,710.0,ok,765.0,45.56901205929959,177.02226066184784
22849,MZ/AZL/84A13/2024/150,Mizoram,Aizawl,,Sesawng,23.76083333,92.8475,Debris,Slide,28 May 2024,1,2024-05-28,True,71.0,710.0,ok,789.0,30.15820651047689,250.4915458485096
22850,MZ/AZL/84A13/2024/151,Mizoram,Aizawl,,Khawruhlian,23.86972222,92.87611111,Debris,Slide,28 May 2024,1,2024-05-28,True,81.7,817.0,ok,971.0,25.922171071455047,201.3329900871393
22851,MZ/AZL/84A13/2024/152,Mizoram,Aizawl,,Mualmam,23.80750556,92.83417222,Earth,Slide,28 May 2024,1,2024-05-28,True,81.7,817.0,ok,558.0,34.786729788567904,132.45560668881114
22852,MZ/SER/84A15/2024/153,Mizoram,Serchhip,,Chhingchhip NH,23.47694444,92.857846,Debris,Slide,28 May 2024,1,2024-05-28,True,96.5,965.0,ok,1053.0,17.676401316783455,236.07410537382185
22853,MZ/SER/84A15/2024/154,Mizoram,Serchhip,,"Venglai , Chhingchhip",23.471041,92.85503,Debris,Slide,28 May 2024,1,2024-05-28,True,96.5,965.0,ok,1076.0,30.65756123721912,197.3010900419678
22854,MZ/SER/84A15/2024/155,Mizoram,Serchhip,,"Venglai, Chhingchhip",23.465558,92.855991,Debris,Slide,28 May 2024,1,2024-05-28,True,96.5,965.0,ok,1072.0,16.77310210778334,83.84061428940639
22855,MZ/SER/84A15/2024/156,Mizoram,Serchhip,,"Venglai, Chhingchhip",23.463164,92.854672,Debris,Slide,28 May 2024,1,2024-05-28,True,96.5,965.0,ok,1060.0,22.210902023875523,276.8230006322944
22856,MZ/SER/84A15/2024/157,Mizoram,Serchhip,,"Hmar Veng, Serchhip",23.31259,92.856415,Debris,Slide,28 May 2024,1,2024-05-28,True,109.9,1099.0,ok,1000.0,37.32182079638662,223.8544835176869
22857,MZ/SER/84A15/2024/158,Mizoram,Serchhip,,"NH, Serchhip",23.288812,92.864763,Debris,Slide,28 May 2024,1,2024-05-28,True,101.0,1010.0,ok,898.0,31.75328961895597,14.832579808496632
22858,MZ/SER/84A15/2024/159,Mizoram,Serchhip,,"NH, Serchhip",23.281264,92.869279,Debris,Slide,28 May 2024,1,2024-05-28,True,101.0,1010.0,ok,982.0,39.60465126462479,290.59526421079414
22859,MZ/SER/84A15/2024/160,Mizoram,Serchhip,,"S Chhiahtlang , Near VCP house",23.379441,92.844081,Debris,Slide,28 May 2024,1,2024-05-28,True,109.9,1099.0,ok,930.0,16.879279881784164,148.49945768168052
22860,MZ/SER/84A15/2024/161,Mizoram,Serchhip,,"S Chhiahtlang, Kawn Veng",23.38151,92.844938,Debris,Slide,28 May 2024,1,2024-05-28,True,109.9,1099.0,ok,928.0,16.409918392923572,21.03258167067185
22861,MZ/SER/84A15/2024/162,Mizoram,Serchhip,,"S Chhiahtlang, Kawn Veng",23.382175,92.843876,Debris,Slide,28 May 2024,1,2024-05-28,True,109.9,1099.0,ok,936.0,24.273781128938985,282.42330738809574
22862,MZ/SER/84A15/2024/163,Mizoram,Serchhip,,N Chhiahtlang,23.382772,92.845187,Debris,Slide,28 May 2024,1,2024-05-28,True,109.9,1099.0,ok,928.0,27.246315775549988,97.2154480749621
22863,MZ/SER/84A15/2024/164,Mizoram,Serchhip,,"N Chhiahtlang, towards Jail road",23.381533,92.854115,Debris,Slide,28 May 2024,1,2024-05-28,True,109.9,1099.0,ok,863.0,23.61060608868113,233.70993619732005
22864,MZ/SER/84A15/2024/165,Mizoram,Serchhip,,Chhiahtlang,23.387941,92.842291,Debris,Slide,28 May 2024,1,2024-05-28,True,109.9,1099.0,ok,964.0,27.073858713800085,268.1872170307945
22865,MZ/SER/84A16/2024/166,Mizoram,Serchhip,,Keitum,23.237077,92.910043,Debris,Slide,28 May 2024,1,2024-05-28,True,87.2,872.0,ok,670.0,10.276886604634427,168.80750046350605
22866,MZ/SER/84E04/2024/167,Mizoram,Serchhip,,N Vanlaiphai,23.126631,93.064946,Debris,Slide,28 May 2024,1,2024-05-28,True,64.1,641.0,ok,1382.0,24.89990611320621,137.01448017996358
22907,MIZ/AZL/2022/39,Mizoram,Hnahthial,"Shalom Vengthar, Bawngkawn",,22.91452778,92.89333333,Rock,Rock slide,14 November 2022,1,2022-11-14,True,0.0,0.0,ok,583.0,21.85808988948976,241.0726767083572
22917,MIZ/AZL/2022/49,Mizoram,Aizawl,Muthi,,23.65530556,92.7025,"Insitu Earth (upslope), rock at road level and flatground",Rock slide,5 April 2022,1,2022-04-05,True,0.0,0.0,ok,912.0,23.08175168655056,240.4453466605952
22921,MIZ/AZL/2022/53,Mizoram,Aizawl,"Tuikual N, D Mual",,23.73053889,92.716019,Compacted Debris,Debris flow,22 June 2018,1,2018-06-22,True,2.2,22.0,ok,1040.0,30.246660099979604,268.4109736045805
22949,MIZ/AZL/2023/81,Mizoram,Aizawl,Aizawl-Thenzawl-Lunglei Highway,,23.51980556,92.70066667,Debris,Slide,13 August 2023,1,2023-08-13,True,0.8,8.0,ok,773.0,32.978613073804205,209.28730931475303
22953,MIZ/AZL/2023/85,Mizoram,Aizawl,Sakawrdai to Zohmun road,,24.27138889,92.96,Debris,Slide,24 July 2023,1,2023-07-24,True,36.6,366.0,ok,776.0,22.112277867712784,253.8248126868272
22970,MIZ/AZL/2023/102,Mizoram,Aizawl,,,24.18561111,92.94536111,Debris,Slide,15 August 2013,1,2013-08-15,True,43.0,430.0,ok,452.0,14.724906196722724,222.4123017702817
23010,MIZ/AZL/2023/142,Mizoram,Aizawl,,,23.57166667,92.71083333,Debris,Slide,9 June 2023,1,2023-06-09,True,119.3,1193.0,ok,871.0,31.57889549748841,193.27338354179705
23011,MIZ/AZL/2023/143,Mizoram,Aizawl,,,23.58388889,92.71722222,Rock,Slide,8 August 2023,1,2023-08-08,True,39.1,391.0,ok,976.0,6.316300770630261,106.98747993596297
23012,MIZ/AZL/2023/144,Mizoram,Aizawl,,,23.58591667,92.71777778,Earth,Slide,25 July 2023,1,2023-07-25,True,12.3,123.0,ok,960.0,20.95710092694937,75.32675594584309
23013,MIZ/AZL/2023/145,Mizoram,Aizawl,,,23.55944444,92.70833333,Earth,Slide,06 July 2023,1,2023-07-06,True,0.1,1.0,ok,763.0,16.720001757535172,130.23571757991095
23014,MIZ/AZL/2023/146,Mizoram,Aizawl,,,23.54380556,92.70136111,Debris,Slide,06 August 2023,1,2023-08-06,True,133.1,1331.0,ok,777.0,25.57393432814776,227.48680464231012
23015,MIZ/AZL/2023/147,Mizoram,Aizawl,,,23.54027778,92.70138889,Rock,Slide,06 August 2023,1,2023-08-06,True,133.1,1331.0,ok,883.0,31.790974852484947,223.07452481141684
23016,MIZ/AZL/2023/148,Mizoram,Aizawl,,,23.53986111,92.70063889,Debris,Slide,06 August 2023,1,2023-08-06,True,133.1,1331.0,ok,843.0,22.24533004868603,288.4371196959342
23017,MIZ/AZL/2023/149,Mizoram,Aizawl,,,23.535,92.69694444,Rock,Slide,28 July 2023,1,2023-07-28,True,1.5,15.0,ok,819.0,36.40403423272488,307.87951650773243
23018,MIZ/AZL/2023/150,Mizoram,Aizawl,,,23.53333333,92.69722222,Earth,Slide,2 August 2023,1,2023-08-02,True,35.0,350.0,ok,821.0,37.14950122511654,230.18947184719025
23019,MIZ/AZL/2023/151,Mizoram,Aizawl,,,23.52972222,92.69611111,Debris,Slide,3 August 2023,1,2023-08-03,True,9.7,97.0,ok,803.0,31.694126557273087,271.5005657674845
23020,MIZ/AZL/2023/152,Mizoram,Aizawl,,,23.49991667,92.70136111,Debris,Slide,2 June 2023,1,2023-06-02,True,0.2,2.0,ok,901.0,25.572451541858463,275.8181089693759
23021,MIZ/AZL/2023/153,Mizoram,Aizawl,,,23.5,92.70111111,Debris,Slide,09 August 2023,1,2023-08-09,True,4.1,41.0,ok,885.0,26.258299002369267,285.2014682057362
23023,MIZ/AZL/2023/155,Mizoram,Aizawl,,,23.78138889,92.67638889,Rock,Slide,25 October 2023,1,2023-10-25,True,0.2,2.0,ok,441.0,39.8124104469993,124.23340979101964
23025,MIZ/KOL/2023/157,Mizoram,Kolasib,,,23.93027778,92.6525,Rock,Slide,17 September 2023,1,2023-09-17,True,24.4,244.0,ok,194.0,16.828897628357257,83.8623359891889
23026,MIZ/KOL/2023/158,Mizoram,Kolasib,,,23.05805556,92.67583333,Debris,Slide,12 August 2023,1,2023-08-12,True,10.0,100.0,ok,706.0,4.125604162320886,77.04575985974819
23028,MIZ/KOL/2023/160,Mizoram,Kolasib,,,23.05222222,92.67027778,Debris,Slide,12 September 2023,1,2023-09-12,True,37.3,373.0,ok,430.0,15.422554232390064,310.1466039932402
23030,MIZ/KOL/2023/162,Mizoram,Kolasib,,,23.03016667,92.67336111,Debris,Slide,12 September 2023,1,2023-09-12,True,37.3,373.0,ok,307.0,36.15278954122611,149.6683481808442
23031,MIZ/KOL/2023/163,Mizoram,Kolasib,,,23.02280556,92.67255556,Debris,Slide,17 September 2023,1,2023-09-17,True,50.7,507.0,ok,350.0,18.32646912535469,331.48600447345257
23032,MIZ/KOL/2023/164,Mizoram,Kolasib,,,23.00638889,92.67691667,Rock,Slide,23 July 2023,1,2023-07-23,True,9.8,98.0,ok,402.0,30.262486556913093,149.21460451089075
23037,MIZ/KOL/2023/169,Mizoram,Kolasib,,,23.91777778,92.73805556,Rock,Slide,27 September 2023,1,2023-09-27,True,6.8,68.0,ok,908.0,56.68169168643454,192.0808270055346
23038,MIZ/KOL/2023/170,Mizoram,Kolasib,,,23.89638889,92.73638889,Rock,Slide,27 September 2023,1,2023-09-27,True,3.0,30.0,ok,1081.0,55.33648324907083,248.34742832892132
23088,MIZ/AZL/2024/220,Mizoram,Aizawl,,,23.60861111,92.85055556,Debris,Slide,28 May 2024,1,2024-05-28,True,55.2,552.0,ok,1123.0,25.579919581549564,312.4991084962189
23095,MIZ/AZL/2024/227,Mizoram,Aizawl,,,23.73305556,92.75,Debris,Slide,22 July 2024,1,2024-07-22,True,9.4,94.0,ok,951.0,40.11510715093639,305.1523387922232
23096,MIZ/AZL/2024/228,Mizoram,Aizawl,,,23.73222222,92.75,Debris,Slide,28 May 2024,1,2024-05-28,True,71.2,712.0,ok,944.0,46.4582858214401,277.9495390645221
23097,MIZ/AZL/2024/229,Mizoram,Aizawl,,,23.73194444,92.75,Debris,Slide,28 May 2024,1,2024-05-28,True,71.2,712.0,ok,923.0,49.28146001468816,289.51245504629844
23098,MIZ/AZL/2024/230,Mizoram,Aizawl,,,23.74083333,92.74111111,Debris,Slide,28 May 2024,1,2024-05-28,True,71.2,712.0,ok,953.0,31.070926914738376,85.38233179123112
23099,MIZ/AZL/2024/231,Mizoram,Aizawl,,,23.74916667,92.7375,Debris,Slide,30 June 2024,1,2024-06-30,True,84.9,849.0,ok,1017.0,35.54109273600594,28.024229966306343
23103,MIZ/AZL/2024/235,Mizoram,Aizawl,,,23.76972222,92.74472222,Earth,Slide,28 May 2024,1,2024-05-28,True,71.2,712.0,ok,1153.0,36.32666081423212,205.6278485548986
23105,MIZ/AZL/2024/237,Mizoram,Aizawl,,,23.76388889,92.73388889,Rock,Slide,26 September 2024,1,2024-09-26,True,4.6,46.0,ok,1203.0,35.42470680741221,263.4736369402706
23109,MIZ/AZL/2024/241,Mizoram,Aizawl,,,23.73888889,92.71472222,Debris,Slide,21 August 2024,1,2024-08-21,True,38.9,389.0,ok,1107.0,25.186500550542263,249.88950114216263
23115,MIZ/AZL/2024/247,Mizoram,Aizawl,,,23.74916667,92.69416667,Debris,Slide,28 May 2024,1,2024-05-28,True,70.9,709.0,ok,802.0,39.21321546979125,65.40838820008429
23117,MIZ/AZL/2024/249,Mizoram,Aizawl,,,23.74194444,92.71305556,Debris,Slide,21 August 2024,1,2024-08-21,True,38.9,389.0,ok,902.0,24.69059806902374,247.2398211875769
23118,MIZ/AZL/2024/250,Mizoram,Aizawl,,,23.74388889,92.71222222,Debris,Slide,20 July 2024,1,2024-07-20,True,38.2,382.0,ok,824.0,29.27828046403269,221.424602958445
23119,MIZ/AZL/2024/252,Mizoram,Aizawl,,,23.74722222,92.71805556,Debris,Slide,2 July 2024,1,2024-07-02,True,33.9,339.0,ok,966.0,38.68903977754886,263.0417970046727
23121,MIZ/AZL/2024/254,Mizoram,Aizawl,,,23.69277778,92.72055556,Debris,Slide,28 May 2024,1,2024-05-28,True,66.7,667.0,ok,978.0,41.9105508211139,79.6217125957655
23129,MIZ/AZL/2024/262,Mizoram,Aizawl,,,23.69777778,92.71944444,Debris,Slide,20 September 2024,1,2024-09-20,True,1.1,11.0,ok,984.0,37.41669049966793,38.55232816956016
23130,MIZ/AZL/2024/263,Mizoram,Aizawl,,,23.69972222,92.7175,Debris,Slide,20 June 2024,1,2024-06-20,True,0.7,7.0,ok,998.0,31.578981895876275,1.6462019482441832
23132,MIZ/AZL/2024/265,Mizoram,Aizawl,,,23.70972222,92.72222222,Debris,Slide,28 May 2024,1,2024-05-28,True,71.2,712.0,ok,918.0,32.3975238288488,6.391578862378083
23133,MIZ/AZL/2024/266,Mizoram,Aizawl,,,23.69944444,92.71972222,Debris,Complex,28 May 2024,1,2024-05-28,True,66.7,667.0,ok,1070.0,12.503311586040557,18.573943423988567
23137,MIZ/AZL/2024/270,Mizoram,Aizawl,,,23.70277778,92.72083333,Rock,Slide,2 July 2024,1,2024-07-02,True,33.9,339.0,ok,899.0,38.65147154010461,135.04250042921836
23138,MIZ/AZL/2024/271,Mizoram,Aizawl,,,23.7025,92.72138889,Debris,Slide,2 July 2024,1,2024-07-02,True,33.9,339.0,ok,875.0,34.93587914491308,106.12728201263378
23139,MIZ/AZL/2024/272,Mizoram,Aizawl,,,23.69805556,92.72277778,Debris,Slide,2 July 2024,1,2024-07-02,True,24.6,246.0,ok,858.0,31.455102107202286,48.63743989421137
23140,MIZ/AZL/2024/273,Mizoram,Aizawl,,,23.69361111,92.7225,Debris,Slide,28 June 2024,1,2024-06-28,True,1.5,15.0,ok,869.0,38.49416846984696,92.33054361260255
23145,MIZ/AZL/2024/278,Mizoram,Aizawl,,,23.66416667,92.72055556,Debris,Complex,28 May 2024,1,2024-05-28,True,66.7,667.0,ok,1046.0,52.076129317447375,71.64142926065824
23146,MIZ/AZL/2024/279,Mizoram,Aizawl,,,23.66055556,92.72527778,Debris,Slide,28 May 2024,1,2024-05-28,True,66.7,667.0,ok,888.0,24.706635186657543,147.50819778793738
23147,MIZ/AZL/2024/280,Mizoram,Aizawl,,,23.66,92.72638889,Debris,Slide,28 May 2024,1,2024-05-28,True,66.7,667.0,ok,891.0,21.659329772237225,153.60665470385433
23148,MIZ/AZL/2024/281,Mizoram,Aizawl,,,23.65527778,92.72694444,Debris,Slide,28 May 2024,1,2024-05-28,True,66.7,667.0,ok,811.0,22.490884410613088,30.773373880396377
23149,MIZ/AZL/2024/282,Mizoram,Aizawl,,,23.65138889,92.72694444,Debris,Slide,28 May 2024,1,2024-05-28,True,66.7,667.0,ok,789.0,10.142390722588152,43.68849771583866
23150,MIZ/AZL/2024/283,Mizoram,Aizawl,,,23.64555556,92.72444444,Debris,Slide,28 May 2024,1,2024-05-28,True,66.7,667.0,ok,805.0,32.5679575408103,275.8117039680018
23152,MIZ/AZL/2024/285,Mizoram,Aizawl,,,23.64444444,92.72527778,Debris,Complex,28 May 2024,1,2024-05-28,True,66.7,667.0,ok,816.0,24.705862098621783,327.51139489610034
23153,MIZ/AZL/2024/286,Mizoram,Aizawl,,,23.64166667,92.72416667,Debris,Slide,28 May 2024,1,2024-05-28,True,66.7,667.0,ok,829.0,21.28542907813606,204.0641541762677
23154,MIZ/AZL/2024/287,Mizoram,Aizawl,,,23.64083333,92.72472222,Debris,Slide,28 May 2024,1,2024-05-28,True,66.7,667.0,ok,827.0,23.60499710393609,328.3255150866222
23155,MIZ/AZL/2024/288,Mizoram,Aizawl,,,23.6375,92.72277778,Debris,Slide,28 May 2024,1,2024-05-28,True,66.7,667.0,ok,843.0,38.45231255255428,176.1765154020136
23160,MIZ/AZL/2024/294,Mizoram,Aizawl,,,23.62611111,92.72638889,Debris,Slide,28 May 2024,1,2024-05-28,True,66.7,667.0,ok,785.0,22.145382120211167,142.6186585625954
23161,MIZ/AZL/2024/295,Mizoram,Aizawl,,,23.6325,92.72388889,Debris,Slide,28 May 2024,1,2024-05-28,True,66.7,667.0,ok,807.0,33.722515887199066,122.20449386251634
23163,MIZ/AZL/2024/297,Mizoram,Aizawl,,,23.62972222,92.72555556,Debris,Slide,28 May 2024,1,2024-05-28,True,66.7,667.0,ok,771.0,27.925230323981864,27.786537254830314
23167,MIZ/AZL/2024/302,Mizoram,Aizawl,,,23.61611111,92.71722222,Debris,Slide,28 May 2024,1,2024-05-28,True,66.7,667.0,ok,887.0,22.28375544482751,34.04420718997628
23170,MIZ/AZL/2024/305,Mizoram,Aizawl,,,23.61861111,92.72611111,Debris,Slide,28 May 2024,1,2024-05-28,True,66.7,667.0,ok,793.0,27.73628808995122,17.581616067751696
23171,MIZ/AZL/2024/306,Mizoram,Aizawl,,,23.60555556,92.725,Debris,Slide,28 May 2024,1,2024-05-28,True,66.7,667.0,ok,906.0,22.480238378831043,125.88248910693773
23172,MIZ/AZL/2024/307,Mizoram,Aizawl,,,23.58694444,92.8175,Debris,Slide,25 August 2024,1,2024-08-25,True,13.5,135.0,ok,633.0,4.213841324669716,151.38394952208685
23177,MIZ/AZL/2024/312,Mizoram,Aizawl,,,23.59194444,92.75055556,Debris,Slide,28 May 2024,1,2024-05-28,True,65.0,650.0,ok,701.0,25.63123469964408,340.6719808660818
23178,MIZ/AZL/2024/313,Mizoram,Aizawl,,,23.595,92.81611111,Earth,Slide,28 May 2024,1,2024-05-28,True,81.0,810.0,ok,622.0,24.935908311201302,136.9135665935517
23184,MIZ/AZL/2024/319,Mizoram,Aizawl,,,23.60861111,92.80972222,Debris,Slide,28 May 2024,1,2024-05-28,True,55.2,552.0,ok,498.0,27.283217341410616,28.62003004552823
23188,MIZ/AZL/2024/323,Mizoram,Aizawl,,,23.60972222,92.80916667,Debris,Slide,28 May 2024,1,2024-05-28,True,55.2,552.0,ok,536.0,23.88842405703037,236.79540242156267
23189,MIZ/AZL/2024/324,Mizoram,Aizawl,,,23.61361111,92.80777778,Earth,Slide,28 May 2024,1,2024-05-28,True,55.2,552.0,ok,549.0,26.557108289215744,25.06718890459705
23192,MIZ/AZL/2024/327,Mizoram,Aizawl,,,23.61222222,92.80527778,Debris,Slide,28 May 2024,1,2024-05-28,True,55.2,552.0,ok,450.0,22.94245738502281,32.818051600336254
23193,MIZ/AZL/2024/328,Mizoram,Aizawl,,,23.61138889,92.80333333,Debris,Slide,28 May 2024,1,2024-05-28,True,55.2,552.0,ok,451.0,30.902016120705586,358.3104723124951
23196,MIZ/AZL/2024/331,Mizoram,Aizawl,,,23.60972222,92.79972222,Earth,Slide,2 July 2024,1,2024-07-02,True,24.6,246.0,ok,397.0,39.9222901529043,300.1593713683486
23207,MIZ/AZL/2024/342,Mizoram,Aizawl,,,23.61611111,92.79777778,Debris,Complex,28 May 2024,1,2024-05-28,True,66.7,667.0,ok,397.0,24.64751236588564,17.920132150125198
23208,MIZ/AZL/2024/343,Mizoram,Aizawl,,,23.61472222,92.79583333,Debris,Complex,28 May 2024,1,2024-05-28,True,66.7,667.0,ok,380.0,36.88598461740092,22.10206605479425
23209,MIZ/AZL/2024/344,Mizoram,Aizawl,,,23.615,92.79222222,Debris,Slide,28 May 2024,1,2024-05-28,True,66.7,667.0,ok,331.0,30.884037856380388,329.89467015132635
23210,MIZ/AZL/2024/345,Mizoram,Aizawl,,,23.61583333,92.79111111,Debris,Slide,23 September 2023,1,2023-09-23,True,1.7,17.0,ok,329.0,33.7936784696776,333.3682812470868
23211,MIZ/AZL/2024/346,Mizoram,Aizawl,,,23.61861111,92.79,Debris,Slide,28 May 2024,1,2024-05-28,True,66.7,667.0,ok,314.0,11.66632857823294,19.99182305093501
23214,MIZ/AZL/2024/350,Mizoram,Aizawl,,,23.62333333,92.78888889,Debris,Slide,28 May 2024,1,2024-05-28,True,66.7,667.0,ok,229.0,23.90175380897992,293.66218788393473
23215,MIZ/AZL/2024/351,Mizoram,Aizawl,,,23.62361111,92.78888889,Debris,Slide,28 August 2024,1,2024-08-28,True,4.4,44.0,ok,235.0,28.45037301565881,289.1635281792188
23216,MIZ/AZL/2024/352,Mizoram,Aizawl,,,23.62527778,92.78638889,Debris,Slide,28 May 2024,1,2024-05-28,True,66.7,667.0,ok,204.0,6.841857639586237,216.0416689810952
23222,MIZ/AZL/2024/358,Mizoram,Aizawl,,,23.60111111,92.75888889,Debris,Slide,26 May 2024,1,2024-05-26,True,68.8,688.0,ok,569.0,37.00314086989941,294.0573862741248
23229,MIZ/AZL/2024/365,Mizoram,Aizawl,,,23.59527778,92.71722222,Debris,Complex,28 May 2024,1,2024-05-28,True,65.0,650.0,ok,743.0,24.30690008748149,257.5961352689941
23230,MIZ/AZL/2024/366,Mizoram,Aizawl,,,23.59055556,92.71611111,Debris,Slide,28 May 2024,1,2024-05-28,True,65.0,650.0,ok,774.0,33.192763527542965,203.86341388696704
23231,MIZ/AZL/2024/367,Mizoram,Aizawl,,,23.59027778,92.71583333,Earth,Slide,28 May 2024,1,2024-05-28,True,65.0,650.0,ok,788.0,34.362319984448966,206.0199630684729
23246,MIZ/AZL/2024/382,Mizoram,Aizawl,,,23.57138889,92.70972222,Debris,Slide,28 May 2024,1,2024-05-28,True,65.0,650.0,ok,855.0,34.75710129511275,217.60134121662023
23247,MIZ/AZL/2024/383,Mizoram,Aizawl,,,23.57055556,92.70888889,Debris,Complex,28 May 2024,1,2024-05-28,True,65.0,650.0,ok,904.0,33.631831865885566,198.5569196448792
23248,MIZ/AZL/2024/384,Mizoram,Aizawl,,,23.57027778,92.70722222,Debris,Complex,28 May 2024,1,2024-05-28,True,65.0,650.0,ok,847.0,27.46323233308242,288.1256797193919
23249,MIZ/AZL/2024/385,Mizoram,Aizawl,,,23.55388889,92.70472222,Debris,Slide,28 May 2024,1,2024-05-28,True,65.0,650.0,ok,834.0,2.02046770596373,90.0
23250,MIZ/AZL/2024/386,Mizoram,Aizawl,,,23.55444444,92.70527778,Debris,Slide,28 May 2024,1,2024-05-28,True,65.0,650.0,ok,826.0,6.761293661356658,342.6886040555391
23251,MIZ/AZL/2024/387,Mizoram,Aizawl,,,23.5625,92.70777778,Debris,Slide,25 August 2024,1,2024-08-25,True,9.3,93.0,ok,806.0,20.39799164567342,274.9891345482868
23252,MIZ/AZL/2024/388,Mizoram,Aizawl,,,23.56555556,92.7075,Debris,Slide,19 July 2024,1,2024-07-19,True,5.9,59.0,ok,834.0,39.97175276182281,255.4773144619681
23253,MIZ/AZL/2024/389,Mizoram,Aizawl,,,23.55,92.70444444,Debris,Slide,28 May 2024,1,2024-05-28,True,65.0,650.0,ok,847.0,30.555125867048403,236.7834570815248
23254,MIZ/AZL/2024/390,Mizoram,Aizawl,,,23.53222222,92.735,Rock,Slide,28 May 2024,1,2024-05-28,True,65.0,650.0,ok,1001.0,22.874235847038587,184.7959188331626
23264,MIZ/AZL/2024/401,Mizoram,Aizawl,,,23.53555556,92.72333333,Debris,Slide,28 May 2024,1,2024-05-28,True,65.0,650.0,ok,910.0,22.010530178001503,0.0
23265,MIZ/AZL/2024/402,Mizoram,Aizawl,,,23.53805556,92.71861111,Debris,Slide,29 May 2024,1,2024-05-29,True,2.8,28.0,ok,888.0,16.409078030883798,63.94333907336217
23272,MIZ/AZL/2024/409,Mizoram,Aizawl,,,23.54833333,92.71083333,Debris,Slide,28 May 2024,1,2024-05-28,True,65.0,650.0,ok,959.0,23.62788210543258,306.2555279520081
23277,MIZ/AZL/2024/414,Mizoram,Aizawl,,,23.54888889,92.70555556,Debris,Complex,28 May 2024,1,2024-05-28,True,65.0,650.0,ok,921.0,27.378180070955484,261.01840974903496
23278,MIZ/AZL/2024/415,Mizoram,Aizawl,,,23.545,92.70333333,Debris,Slide,28 May 2024,1,2024-05-28,True,65.0,650.0,ok,858.0,35.267443468277335,273.9332382076492
23279,MIZ/AZL/2024/416,Mizoram,Aizawl,,,23.54027778,92.70138889,Debris,Complex,28 May 2024,1,2024-05-28,True,65.0,650.0,ok,883.0,31.790974852484947,223.07452481141684
23283,MIZ/AZL/2024/420,Mizoram,Aizawl,,,23.53694444,92.6975,Debris,Slide,28 May 2024,1,2024-05-28,True,60.9,609.0,ok,841.0,33.246180886593066,222.2694550776192
23284,MIZ/AZL/2024/421,Mizoram,Aizawl,,,23.53611111,92.69777778,Debris,Complex,28 May 2024,1,2024-05-28,True,60.9,609.0,ok,917.0,35.657140048289214,211.0806269946171
23285,MIZ/AZL/2024/422,Mizoram,Aizawl,,,23.53555556,92.69694444,Rock,Slide,28 May 2024,1,2024-05-28,True,60.9,609.0,ok,853.0,45.89737599622545,306.5477882317224
23289,MIZ/AZL/2024/426,Mizoram,Aizawl,,,23.53027778,92.69666667,Debris,Slide,28 May 2024,1,2024-05-28,True,60.9,609.0,ok,832.0,28.80287014780933,240.0032156414021
23290,MIZ/AZL/2024/427,Mizoram,Aizawl,,,23.52861111,92.6975,Debris,Slide,28 May 2024,1,2024-05-28,True,60.9,609.0,ok,825.0,39.31640225931685,330.3113608031811
23291,MIZ/AZL/2024/428,Mizoram,Aizawl,,,23.52777778,92.69861111,Debris,Slide,28 May 2024,1,2024-05-28,True,60.9,609.0,ok,809.0,27.304390449410946,13.835497355288735
23294,MIZ/AZL/2024/431,Mizoram,Aizawl,,,23.52277778,92.70277778,Debris,Slide,28 May 2024,1,2024-05-28,True,65.0,650.0,ok,787.0,17.858189375307006,314.63769185317534
23295,MIZ/AZL/2024/432,Mizoram,Aizawl,,,23.51944444,92.70055556,Debris,Slide,25 September 2024,1,2024-09-25,True,74.1,741.0,ok,789.0,26.55416148224518,205.05142900089533
23297,MIZ/AZL/2024/435,Mizoram,Aizawl,,,23.51444444,92.69805556,Debris,Slide,28 May 2024,1,2024-05-28,True,60.9,609.0,ok,821.0,37.37646154709746,314.3076022225865
23299,MIZ/AZL/2024/437,Mizoram,Aizawl,,,23.51055556,92.69972222,Debris,Slide,28 May 2024,1,2024-05-28,True,60.9,609.0,ok,824.0,34.29488463882265,238.56153763594136
23300,MIZ/AZL/2024/438,Mizoram,Aizawl,,,23.50861111,92.69805556,Rock,Slide,28 May 2024,1,2024-05-28,True,60.9,609.0,ok,834.0,30.501542986394643,201.05105288849205
23301,MIZ/AZL/2024/439,Mizoram,Aizawl,,,23.50694444,92.69638889,Debris,Slide,28 May 2024,1,2024-05-28,True,60.9,609.0,ok,822.0,39.31585190115586,309.1842183711506
23303,MIZ/AZL/2024/441,Mizoram,Aizawl,,,23.50527778,92.6975,Debris,Slide,28 May 2024,1,2024-05-28,True,60.9,609.0,ok,848.0,33.32093493153935,277.0641977969357
23306,MIZ/AZL/2024/444,Mizoram,Aizawl,,,23.55027778,92.70444444,Debris,Slide,28 May 2024,1,2024-05-28,True,65.0,650.0,ok,834.0,32.13329008675804,231.8414632712434
23316,MIZ/AZL/2024/454,Mizoram,Aizawl,,,23.54305556,92.70055556,Debris,Complex,28 May 2024,1,2024-05-28,True,65.0,650.0,ok,824.0,38.2491775666522,218.79043309597003
23321,MIZ/AZL/2024/459,Mizoram,Aizawl,,,23.53972222,92.69944444,Debris,Complex,28 May 2024,1,2024-05-28,True,60.9,609.0,ok,783.0,35.207920938848005,238.1937618429995
23322,MIZ/AZL/2024/460,Mizoram,Aizawl,,,23.53777778,92.69833333,Debris,Complex,28 May 2024,1,2024-05-28,True,60.9,609.0,ok,826.0,30.28863262243581,221.6294957438245
23327,MIZ/AZL/2024/465,Mizoram,Aizawl,,,23.54277778,92.67638889,Debris,Slide,28 May 2024,1,2024-05-28,True,60.9,609.0,ok,665.0,16.92597197524539,54.23430047152241
23331,MIZ/AZL/2024/469,Mizoram,Aizawl,,,23.54277778,92.67472222,Debris,Complex,28 May 2024,1,2024-05-28,True,60.9,609.0,ok,628.0,36.06994219807521,320.9819685694778
23333,MIZ/AZL/2024/471,Mizoram,Aizawl,,,23.54333333,92.66472222,Debris,Complex,28 May 2024,1,2024-05-28,True,60.9,609.0,ok,672.0,28.25438720394268,55.1336747639356
23334,MIZ/AZL/2024/472,Mizoram,Aizawl,,,23.54166667,92.66472222,Debris,Complex,12 August 2023,1,2023-08-12,True,2.3,23.0,ok,701.0,20.12785504977552,13.92326690257643
23336,MIZ/AZL/2024/474,Mizoram,Aizawl,,,23.53944444,92.66527778,Debris,Slide,28 May 2024,1,2024-05-28,True,60.9,609.0,ok,599.0,20.941465266075056,21.63539899309264
23338,MIZ/AZL/2024/476,Mizoram,Aizawl,,,23.53888889,92.6625,Debris,Slide,28 May 2024,1,2024-05-28,True,60.9,609.0,ok,626.0,19.65369478270047,57.09126354502761
23345,MIZ/AZL/2024/483,Mizoram,Aizawl,,,23.53944444,92.65888889,Debris,Slide,28 May 2024,1,2024-05-28,True,60.9,609.0,ok,552.0,15.193298359327994,302.40319598700995
23346,MIZ/AZL/2024/484,Mizoram,Aizawl,,,23.53611111,92.65527778,Debris,Slide,28 May 2024,1,2024-05-28,True,60.9,609.0,ok,494.0,25.476351139779347,88.05521898884005
23348,MIZ/AZL/2024/486,Mizoram,Aizawl,,,23.52694444,92.65444444,Debris,Slide,20 September 2024,1,2024-09-20,True,1.4,14.0,ok,397.0,25.64051012226253,61.86024567944997
23350,MIZ/AZL/2024/488,Mizoram,Aizawl,,,23.52583333,92.63861111,Debris,Slide,2 June 2024,1,2024-06-02,True,0.0,0.0,ok,229.0,25.295456790666435,300.8779610627406
23351,MIZ/AZL/2024/489,Mizoram,Aizawl,,,23.45083333,92.6825,Debris,Slide,28 May 2024,1,2024-05-28,True,74.4,744.0,ok,903.0,18.77899633980856,2.9713520811669696
23360,MIZ/AZL/2024/498,Mizoram,Aizawl,,,23.44805556,92.68333333,Debris,Slide,28 May 2024,1,2024-05-28,True,74.4,744.0,ok,874.0,18.594687929746986,95.51598611898756
23362,MIZ/AZL/2024/500,Mizoram,Aizawl,,,23.44333333,92.68527778,Debris,Slide,28 May 2024,1,2024-05-28,True,74.4,744.0,ok,837.0,24.761281007937225,348.9857725807778
23365,MIZ/AZL/2024/503,Mizoram,Aizawl,,,23.42722222,92.71277778,Debris,Complex,28 May 2024,1,2024-05-28,True,84.4,844.0,ok,940.0,37.824070568035474,226.5822570888017
23367,MIZ/AZL/2024/505,Mizoram,Aizawl,,,23.41694444,92.71805556,Debris,Slide,28 May 2024,1,2024-05-28,True,84.4,844.0,ok,1095.0,22.91084995564245,163.03140093969148
23373,MIZ/AZL/2024/511,Mizoram,Aizawl,,,23.41,92.74944444,Debris,Slide,28 May 2024,1,2024-05-28,True,84.4,844.0,ok,1224.0,29.57707060482664,194.3808202087856
23388,MIZ/AZL/2024/526,Mizoram,Aizawl,,,23.37972222,92.75166667,Debris,Slide,28 May 2024,1,2024-05-28,True,99.1,991.0,ok,1273.0,29.61382146716925,5.334886253242061
23396,MIZ/AZL/2024/534,Mizoram,Aizawl,,,23.35694444,92.77027778,Debris,Complex,28 May 2024,1,2024-05-28,True,99.1,991.0,ok,1024.0,22.22032525779897,288.4609369032594
23397,MIZ/AZL/2024/535,Mizoram,Aizawl,,,23.35638889,92.77027778,Debris,Complex,28 May 2024,1,2024-05-28,True,99.1,991.0,ok,1016.0,24.40984156922974,321.61418543902766
23401,MIZ/AZL/2024/539,Mizoram,Aizawl,,,23.39166667,92.75527778,Debris,Complex,28 May 2024,1,2024-05-28,True,99.1,991.0,ok,1310.0,32.16493149215556,17.948148415432712
23410,MIZ/AZL/2024/548,Mizoram,Aizawl,,,23.43194444,92.76083333,Debris,Slide,28 May 2024,1,2024-05-28,True,84.4,844.0,ok,1460.0,24.414586511388656,321.59827472056327
23414,MIZ/AZL/2024/552,Mizoram,Aizawl,,,23.44138889,92.77888889,Debris,Complex,28 May 2024,1,2024-05-28,True,84.4,844.0,ok,1331.0,25.37006072511881,17.297437191135913
23420,MIZ/AZL/2024/559,Mizoram,Aizawl,,,23.48555556,92.70305556,Debris,Slide,28 May 2024,1,2024-05-28,True,84.4,844.0,ok,979.0,9.655971649957367,211.2047244608489
23421,MIZ/AZL/2024/561,Mizoram,Aizawl,,,23.49083333,92.70555556,Debris,Complex,28 May 2024,1,2024-05-28,True,84.4,844.0,ok,1007.0,55.05359041578296,233.21054092437305
23427,MIZ/AZL/2024/567,Mizoram,Aizawl,,,23.49861111,92.70388889,Debris,Complex,28 May 2024,1,2024-05-28,True,84.4,844.0,ok,951.0,37.183537100911536,297.96540193900074
23430,MIZ/AZL/2024/570,Mizoram,Aizawl,,,23.66194444,92.85416667,Debris,Slide,12 November 2024,1,2024-11-12,True,0.0,0.0,ok,834.0,15.797410861446426,266.7236453845088
23431,MIZ/AZL/2024/571,Mizoram,Aizawl,,,23.68277778,92.8575,Debris,Slide,28 May 2024,1,2024-05-28,True,55.2,552.0,ok,946.0,34.86962950264145,310.5215424665382
23432,MIZ/AZL/2024/572,Mizoram,Aizawl,,,23.68305556,92.8575,Debris,Slide,28 May 2024,1,2024-05-28,True,55.2,552.0,ok,960.0,26.622116449110884,315.21006211389147
23435,MIZ/AZL/2024/575,Mizoram,Aizawl,,,23.71388889,92.85722222,Debris,Slide,2 July 2024,1,2024-07-02,True,18.2,182.0,ok,840.0,34.79011545458922,329.44282056334833
23436,MIZ/AZL/2024/576,Mizoram,Aizawl,,,23.68638889,92.85833333,Debris,Slide,28 May 2024,1,2024-05-28,True,55.2,552.0,ok,927.0,22.94588358322209,212.83284644679665
23438,MIZ/AZL/2024/578,Mizoram,Aizawl,,,23.69472222,92.85972222,Debris,Slide,28 May 2024,1,2024-05-28,True,55.2,552.0,ok,937.0,23.33727297539439,280.80058329230815
23439,MIZ/AZL/2024/579,Mizoram,Aizawl,,,23.71416667,92.85805556,Debris,Slide,28 May 2024,1,2024-05-28,True,71.0,710.0,ok,879.0,28.221436366306666,334.6719452926494
23442,MIZ/AZL/2024/582,Mizoram,Aizawl,,,23.72722222,92.85472222,Debris,Slide,28 May 2024,1,2024-05-28,True,71.0,710.0,ok,805.0,34.7067623343326,320.3913861356004
23443,MIZ/AZL/2024/583,Mizoram,Aizawl,,,23.72972222,92.85305556,Debris,Slide,28 May 2024,1,2024-05-28,True,71.0,710.0,ok,767.0,34.237369045200666,290.8788093458509
23446,MIZ/AZL/2024/586,Mizoram,Aizawl,,,23.73111111,92.84638889,Debris,Slide,28 May 2024,1,2024-05-28,True,71.0,710.0,ok,698.0,25.89669877689265,306.83320352797125
23447,MIZ/AZL/2024/587,Mizoram,Aizawl,,,23.73361111,92.84305556,Debris,Slide,28 May 2024,1,2024-05-28,True,71.0,710.0,ok,676.0,37.46207690252283,306.21685880891675
23459,MIZ/AZL/2024/599,Mizoram,Aizawl,,,23.73833333,92.81333333,Debris,Slide,28 May 2024,1,2024-05-28,True,71.0,710.0,ok,391.0,31.846245896768338,329.21059869910204
23460,MIZ/AZL/2024/600,Mizoram,Aizawl,,,23.73694444,92.81361111,Debris,Slide,2 July 2024,1,2024-07-02,True,18.2,182.0,ok,407.0,36.337607122338135,202.59502759439133
23461,MIZ/AZL/2024/601,Mizoram,Aizawl,,,23.73472222,92.81333333,Debris,Slide,28 May 2024,1,2024-05-28,True,71.0,710.0,ok,428.0,32.42058609487577,283.24591068537325
23465,MIZ/AZL/2024/605,Mizoram,Aizawl,,,23.73,92.75833333,Debris,Complex,28 May 2024,1,2024-05-28,True,71.2,712.0,ok,910.0,35.215607712043266,203.60256739749883
23468,MIZ/AZL/2024/608,Mizoram,Aizawl,,,23.73055556,92.75861111,Debris,Slide,28 May 2024,1,2024-05-28,True,71.2,712.0,ok,893.0,33.74253842085346,223.4320466298812
23470,MIZ/AZL/2024/610,Mizoram,Aizawl,,,23.72916667,92.76583333,Debris,Slide,2 July 2024,1,2024-07-02,True,33.9,339.0,ok,754.0,31.082363777954374,24.2177862153718
23472,MIZ/AZL/2024/612,Mizoram,Aizawl,,,23.73027778,92.76861111,Debris,Slide,28 August 2024,1,2024-08-28,True,1.1,11.0,ok,728.0,32.89414421898478,0.0
23473,MIZ/AZL/2024/613,Mizoram,Aizawl,,,23.73222222,92.76555556,Debris,Slide,2 July 2024,1,2024-07-02,True,33.9,339.0,ok,892.0,38.87201316927674,61.22168736879935
23476,MIZ/AZL/2024/616,Mizoram,Aizawl,,,23.73794444,92.78613889,Rock,Slide,2 July 2024,1,2024-07-02,True,33.9,339.0,ok,546.0,44.73413955320186,231.67118081184844
23477,MIZ/AZL/2024/617,Mizoram,Aizawl,,,23.7375,92.78805556,Debris,Slide,2 July 2024,1,2024-07-02,True,33.9,339.0,ok,569.0,27.13562703574945,91.80796926299924
23480,MIZ/AZL/2024/620,Mizoram,Aizawl,,,23.73388889,92.79388889,Debris,Slide,2 July 2024,1,2024-07-02,True,33.9,339.0,ok,320.0,18.9224325250654,55.52773336153956
23481,MIZ/AZL/2024/621,Mizoram,Aizawl,,,23.72222222,92.79861111,Debris,Complex,28 May 2024,1,2024-05-28,True,71.2,712.0,ok,215.0,25.63367525800013,199.3458507826096
23482,MIZ/AZL/2024/622,Mizoram,Aizawl,,,23.72138889,92.79944444,Debris,Slide,2 July 2024,1,2024-07-02,True,33.9,339.0,ok,209.0,16.735282970969738,93.08261052503158
23483,MIZ/AZL/2024/623,Mizoram,Aizawl,,,23.72138889,92.85777778,Debris,Slide,2 July 2024,1,2024-07-02,True,18.2,182.0,ok,792.0,35.5018291176447,243.0412900119435
23484,MIZ/AZL/2024/624,Mizoram,Aizawl,,,23.72083333,92.86472222,Debris,Slide,2 July 2024,1,2024-07-02,True,18.2,182.0,ok,826.0,34.27324838350243,141.53688843938463
23487,MIZ/AZL/2024/627,Mizoram,Aizawl,,,23.71166667,92.87833333,Debris,Slide,2 July 2024,1,2024-07-02,True,18.2,182.0,ok,612.0,28.786039054852893,105.35889627163188
23488,MIZ/AZL/2024/628,Mizoram,Aizawl,,,23.71111111,92.87861111,Debris,Slide,28 June 2024,1,2024-06-28,True,1.4,14.0,ok,592.0,36.68429913036866,64.27120378949743
23489,MIZ/AZL/2024/629,Mizoram,Aizawl,,,23.70333333,92.87638889,Debris,Slide,18 July 2024,1,2024-07-18,True,1.0,10.0,ok,566.0,1.3716206613864916,312.47844146666955
23494,MIZ/AZL/2024/634,Mizoram,Aizawl,,,23.73361111,92.84833333,Debris,Slide,7 June 2024,1,2024-06-07,True,17.1,171.0,ok,727.0,23.424155606044547,214.8052980316048
23495,MIZ/AZL/2024/635,Mizoram,Aizawl,,,23.73361111,92.85305556,Debris,Complex,28 August 2024,1,2024-08-28,True,0.8,8.0,ok,851.0,42.74941061245126,175.6163521474809
23496,MIZ/AZL/2024/636,Mizoram,Aizawl,,,23.735,92.85666667,Debris,Slide,2 July 2024,1,2024-07-02,True,18.2,182.0,ok,770.0,23.091499417316285,252.3382192816888
23497,MIZ/AZL/2024/637,Mizoram,Aizawl,,,23.73666667,92.85611111,Debris,Slide,2 July 2024,1,2024-07-02,True,18.2,182.0,ok,766.0,29.72441974495491,286.4514485945668
23498,MIZ/AZL/2024/638,Mizoram,Aizawl,,,23.73583333,92.85194444,Debris,Slide,28 May 2024,1,2024-05-28,True,71.0,710.0,ok,711.0,23.478979288948945,158.5319746737248
23499,MIZ/AZL/2024/639,Mizoram,Aizawl,,,23.74416667,92.85555556,Debris,Slide,25 September 2024,1,2024-09-25,True,49.3,493.0,ok,833.0,27.480474884500257,354.1521818831472
23500,MIZ/AZL/2024/640,Mizoram,Aizawl,,,23.74361111,92.85416667,Debris,Slide,25 September 2024,1,2024-09-25,True,49.3,493.0,ok,823.0,29.552490976469446,27.861594788157305
23501,MIZ/AZL/2024/641,Mizoram,Aizawl,,,23.76111111,92.84777778,Debris,Slide,2 July 2024,1,2024-07-02,True,18.2,182.0,ok,790.0,33.12921220641832,231.7267622409449
23502,MIZ/AZL/2024/642,Mizoram,Aizawl,,,23.76166667,92.85083333,Debris,Complex,2 July 2024,1,2024-07-02,True,18.2,182.0,ok,808.0,30.84156762614809,225.2445861253524
23503,MIZ/AZL/2024/643,Mizoram,Aizawl,,,23.76527778,92.85,Earth,Slide,2 July 2024,1,2024-07-02,True,18.2,182.0,ok,774.0,34.679876281120414,318.40196694552606
23504,MIZ/AZL/2024/644,Mizoram,Aizawl,,,23.76861111,92.85138889,Earth,Slide,2 July 2024,1,2024-07-02,True,18.2,182.0,ok,772.0,32.18979093865012,237.35530193535035
23505,MIZ/AZL/2024/645,Mizoram,Aizawl,,,23.77777778,92.8479,Earth,Slide,28 May 2024,1,2024-05-28,True,71.0,710.0,ok,678.0,39.4595025925436,318.2842709290624
23506,MIZ/AZL/2024/646,Mizoram,Aizawl,,,23.774,92.848,Debris,Slide,28 June 2024,1,2024-06-28,True,1.4,14.0,ok,670.0,32.794003074861294,221.1593245518512
23507,MIZ/AZL/2024/647,Mizoram,Aizawl,,,23.7775,92.84833333,Debris,Slide,28 May 2024,1,2024-05-28,True,71.0,710.0,ok,686.0,37.02767509623514,322.47998986346545
23508,MIZ/AZL/2024/648,Mizoram,Aizawl,,,23.77833333,92.84666667,Debris,Slide,28 May 2024,1,2024-05-28,True,71.0,710.0,ok,665.0,34.08076305108583,308.4178371382443
23509,MIZ/AZL/2024/649,Mizoram,Aizawl,,,23.77166667,92.84805556,Debris,Slide,23 July 2023,1,2023-07-23,True,66.9,669.0,ok,735.0,28.805126410160817,264.9388737188532
23512,MIZ/AZL/2024/652,Mizoram,Aizawl,,,23.77361111,92.84944444,Debris,Slide,28 May 2024,1,2024-05-28,True,71.0,710.0,ok,737.0,26.108527277974456,226.14223578883644
23517,MIZ/AZL/2024/657,Mizoram,Aizawl,,,23.82638889,92.8325,Debris,Slide,28 May 2024,1,2024-05-28,True,81.7,817.0,ok,395.0,40.76432241513161,295.5560619484109
23519,MIZ/AZL/2024/659,Mizoram,Aizawl,,,23.83277778,92.8325,Debris,Slide,2 July 2024,1,2024-07-02,True,15.7,157.0,ok,350.0,36.19836827714693,311.5159376688832
23520,MIZ/AZL/2024/660,Mizoram,Aizawl,,,23.83888889,92.83194444,Earth,Slide,2 July 2024,1,2024-07-02,True,15.7,157.0,ok,262.0,25.739194957221105,252.43107123383427
23521,MIZ/AZL/2024/661,Mizoram,Aizawl,,,23.84777778,92.83694444,Debris,Slide,28 May 2024,1,2024-05-28,True,81.7,817.0,ok,376.0,22.287984430262554,288.3966158107645
23522,MIZ/AZL/2024/662,Mizoram,Aizawl,,,23.85194444,92.83305556,Earth,Slide,25 September 2024,1,2024-09-25,True,46.1,461.0,ok,165.0,15.087856288666517,280.3658712138687
23523,MIZ/AZL/2024/663,Mizoram,Aizawl,,,23.86222222,92.83666667,Debris,Slide,2 July 2024,1,2024-07-02,True,15.7,157.0,ok,239.0,20.232384623223112,331.3330563871108
23525,MIZ/AZL/2024/665,Mizoram,Aizawl,,,23.87777778,92.84083333,Debris,Slide,25 September 2024,1,2024-09-25,True,46.1,461.0,ok,374.0,43.69579272815957,183.18275634731944
23526,MIZ/AZL/2024/666,Mizoram,Aizawl,,,23.88583333,92.85055556,Rock,Slide,28 September 2024,1,2024-09-28,True,0.0,0.0,ok,514.0,31.594326471014515,303.50927910665223
23527,MIZ/AZL/2024/667,Mizoram,Aizawl,,,23.89277778,92.85083333,Debris,Slide,28 September 2024,1,2024-09-28,True,0.0,0.0,ok,582.0,28.57364168330841,27.040034110408484
23528,MIZ/AZL/2024/668,Mizoram,Aizawl,,,23.89138889,92.84888889,Debris,Slide,2 July 2024,1,2024-07-02,True,15.7,157.0,ok,568.0,23.66578082008113,16.40768589890756
23529,MIZ/AZL/2024/669,Mizoram,Aizawl,,,23.89305556,92.84722222,Earth,Slide,28 September 2024,1,2024-09-28,True,0.0,0.0,ok,573.0,22.69316033287779,283.4151930282914
23530,MIZ/AZL/2024/670,Mizoram,Aizawl,,,23.88361111,92.85305556,Earth,Slide,17 August 2024,1,2024-08-17,True,30.5,305.0,ok,658.0,31.754840549300685,270.0
23531,MIZ/AZL/2024/671,Mizoram,Aizawl,,,23.88527778,92.8575,Earth,Slide,25 September 2024,1,2024-09-25,True,46.1,461.0,ok,702.0,28.241697036021133,43.739947388492254
23532,MIZ/AZL/2024/672,Mizoram,Aizawl,,,23.76972222,92.76,Earth,Slide,2 July 2024,1,2024-07-02,True,33.9,339.0,ok,1166.0,43.121613889143205,228.9958420880409
23533,MIZ/AZL/2024/705,Mizoram,Aizawl,,,24.03503889,93.54139444,Debris,Slide,28 September 2024,1,2024-09-28,True,0.3,3.0,ok,1012.0,26.16501353025112,235.9788679219472
23534,MIZ/AZL/2024/706,Mizoram,Aizawl,,,24.05808333,93.49808333,Earth,Slide,7 October 2024,1,2024-10-07,True,9.6,96.0,ok,1244.0,9.74265928047435,55.59472628680263
23535,MIZ/AZL/2024/707,Mizoram,Aizawl,,,24.04531667,93.49220278,Debris,Slide,7 October 2024,1,2024-10-07,True,9.6,96.0,ok,1340.0,15.108757320276094,100.35068011159407
23536,MIZ/AZL/2024/708,Mizoram,Aizawl,,,24.090025,93.54191667,Debris,Slide,7 October 2024,1,2024-10-07,True,25.3,253.0,ok,705.0,18.85013250714714,174.04420890728937
23537,MIZ/AZL/2024/709,Mizoram,Aizawl,,,24.10864167,93.54198333,Debris,Slide,28 September 2024,1,2024-09-28,True,1.0,10.0,ok,741.0,5.144919550419527,100.34567996990424
23538,MIZ/AZL/2024/710,Mizoram,Aizawl,,,24.12682222,93.54013889,Debris,Slide,28 September 2024,1,2024-09-28,True,1.0,10.0,ok,765.0,23.27005612560501,138.7630037893067
23539,MIZ/AZL/2024/711,Mizoram,Aizawl,,,24.12715278,93.53351389,Earth,Slide,7 October 2024,1,2024-10-07,True,23.8,238.0,ok,633.0,17.12206168278398,77.88041646570825
23540,MIZ/AZL/2024/712,Mizoram,Aizawl,,,24.17180556,93.54406667,Debris,Slide,2 July 2024,1,2024-07-02,True,26.1,261.0,ok,659.0,28.87972403065452,95.0455157173361
23541,MIZ/AZL/2024/713,Mizoram,Aizawl,,,24.18291667,93.53441944,Debris,Slide,2 July 2024,1,2024-07-02,True,26.1,261.0,ok,785.0,28.318479403471443,72.53818106476562
23542,MIZ/AZL/2024/714,Mizoram,Aizawl,,,24.18566111,93.53935278,Debris,Slide,2 July 2024,1,2024-07-02,True,26.1,261.0,ok,673.0,24.98272675655645,316.7830246225586
23543,MIZ/AZL/2024/715,Mizoram,Aizawl,,,24.24449722,93.55275833,Debris,Slide,2 July 2024,1,2024-07-02,True,27.0,270.0,ok,1018.0,20.92309909439171,13.410081566171344
23544,MIZ/AZL/2024/716,Mizoram,Aizawl,,,24.24755556,93.54809722,Debris,Slide,2 July 2024,1,2024-07-02,True,27.0,270.0,ok,1166.0,28.677523295354806,18.91845123625465
23545,MIZ/AZL/2024/717,Mizoram,Aizawl,,,24.28840278,93.58591389,Debris,Slide,13 August 2024,1,2024-08-13,True,0.0,0.0,ok,798.0,24.004843649022146,310.81105399334973
23546,MIZ/AZL/2024/718,Mizoram,Aizawl,,,24.29982222,93.59040833,Debris,Slide,13 August 2024,1,2024-08-13,True,0.0,0.0,ok,786.0,26.67686490475688,224.92718356562204
23547,MIZ/AZL/2024/719,Mizoram,Aizawl,,,24.30768611,93.58120556,Debris,Slide,13 August 2024,1,2024-08-13,True,0.0,0.0,ok,735.0,10.42230896205838,105.291224147152
23548,MIZ/AZL/2024/720,Mizoram,Aizawl,,,24.30711944,93.59375833,Earth,Slide,13 August 2024,1,2024-08-13,True,0.0,0.0,ok,905.0,24.21411006287148,339.2019973921118
23549,MIZ/AZL/2024/721,Mizoram,Aizawl,,,24.33915833,93.66233611,Debris,Slide,13 August 2024,1,2024-08-13,True,0.0,0.0,ok,1042.0,16.786002917911468,155.6802877008999
23550,MIZ/AZL/2024/722,Mizoram,Aizawl,,,24.33331944,93.65702778,Debris,Slide,13 August 2024,1,2024-08-13,True,0.0,0.0,ok,1097.0,14.934064636895917,68.66941559204139
23551,MIZ/AZL/2024/723,Mizoram,Aizawl,,,24.33300556,93.65357222,Debris,Slide,28 September 2024,1,2024-09-28,True,1.7,17.0,ok,1160.0,4.460253007329031,114.4932048845286
23552,MIZ/AZL/2024/724,Mizoram,Aizawl,,,24.3309,93.66054444,Debris,Slide,13 August 2024,1,2024-08-13,True,0.0,0.0,ok,1049.0,7.972415620443094,62.4951348805466
23553,MIZ/AZL/2024/725,Mizoram,Aizawl,,,24.32773611,93.57937222,Rock,Slide,2 July 2024,1,2024-07-02,True,26.4,264.0,ok,781.0,23.25176563125633,348.0827281185118
23554,MIZ/AZL/2024/726,Mizoram,Aizawl,,,24.39255556,93.65468611,Debris,Slide,13 August 2024,1,2024-08-13,True,0.0,0.0,ok,1561.0,42.67236720593251,134.55485217392402
23556,MIZ/AZL/2024/728,Mizoram,Aizawl,,,24.49112222,93.62215556,Earth,Slide,13 August 2024,1,2024-08-13,True,0.1,1.0,ok,1216.0,30.3999208127898,39.49373369291471
23558,MIZ/AZL/2024/730,Mizoram,Aizawl,,,24.48458889,93.58781944,Debris,Slide,13 August 2024,1,2024-08-13,True,0.0,0.0,ok,817.0,17.313646602906363,238.7541756296245
23559,MIZ/AZL/2024/731,Mizoram,Aizawl,,,24.492825,93.58643611,Earth,Slide,28 September 2024,1,2024-09-28,True,1.1,11.0,ok,632.0,13.571687272900292,242.03880335785448
23560,MIZ/AZL/2024/732,Mizoram,Aizawl,,,24.51785556,93.55086944,Debris,Slide,13 August 2024,1,2024-08-13,True,0.0,0.0,ok,1019.0,13.66844526934086,338.5681483312868
23562,MIZ/AZL/2024/734,Mizoram,Aizawl,,,24.52308611,93.57206944,Debris,Slide,28 September 2024,1,2024-09-28,True,1.0,10.0,ok,758.0,16.091413114249818,260.31930361508444
23563,MIZ/AZL/2024/735,Mizoram,Aizawl,,,24.48338333,93.58848056,Debris,Complex,28 September 2024,1,2024-09-28,True,1.1,11.0,ok,862.0,17.711363796861054,242.8911470296005
23564,MIZ/KOL/2024/736,Mizoram,Kolasib,,,24.450125,93.35963889,Earth,Slide,8 August 2024,1,2024-08-08,True,15.2,152.0,ok,328.0,7.10615660059619,238.7472204915229
23565,MIZ/KOL/2024/737,Mizoram,Kolasib,,,24.48857222,93.36792222,Debris,Slide,28 September 2024,1,2024-09-28,True,0.0,0.0,ok,268.0,12.200486688321458,132.3035722539065
23566,MIZ/KOL/2024/738,Mizoram,Kolasib,,,24.54263333,93.39741944,Debris,Slide,18 August 2024,1,2024-08-18,True,56.3,563.0,ok,560.0,44.14556349723593,304.50046708369314
23567,MIZ/KOL/2024/739,Mizoram,Kolasib,,,24.60002222,93.37166389,Earth,Slide,21 October 2024,1,2024-10-21,True,0.0,0.0,ok,863.0,15.404522151660688,45.23317042601642
23568,MIZ/KOL/2024/740,Mizoram,Kolasib,,,24.60067222,93.37223056,Earth,Slide,21 October 2024,1,2024-10-21,True,0.0,0.0,ok,854.0,22.58396097666349,54.32868076046036
23569,MIZ/KOL/2024/741,Mizoram,Kolasib,,,24.60372222,93.37223056,Debris,Slide,2 July 2024,1,2024-07-02,True,28.5,285.0,ok,815.0,30.449843849919848,133.4435179245273
23570,MIZ/KOL/2024/742,Mizoram,Kolasib,,,24.66895556,93.33700556,Debris,Slide,2 July 2024,1,2024-07-02,True,28.5,285.0,ok,832.0,32.91537428205914,314.38141457590405
23572,MIZ/KOL/2024/744,Mizoram,Kolasib,,,24.76606111,93.30076667,Earth,Slide,13 August 2024,1,2024-08-13,True,0.0,0.0,ok,451.0,22.69086324012862,14.80526344184753
23573,MIZ/KOL/2024/745,Mizoram,Kolasib,,,24.73838889,93.30909722,Debris,Slide,18 August 2024,1,2024-08-18,True,63.7,637.0,ok,264.0,27.32661660692917,339.846103836787
23574,MIZ/KOL/2024/746,Mizoram,Kolasib,,,24.72074444,93.30899167,Debris,Slide,2 July 2024,1,2024-07-02,True,22.7,227.0,ok,372.0,8.340773865987591,6.973832667617288
23575,MIZ/KOL/2024/747,Mizoram,Kolasib,,,24.716225,93.32551389,Debris,Slide,18 August 2024,1,2024-08-18,True,63.7,637.0,ok,116.0,17.022910866916682,234.4832269310052
23576,MIZ/KOL/2024/748,Mizoram,Kolasib,,,24.70553333,93.33064167,Debris,Slide,28 September 2024,1,2024-09-28,True,0.3,3.0,ok,371.0,24.88986568207209,126.3317424632174
23577,MIZ/KOL/2024/749,Mizoram,Kolasib,,,24.60719444,93.46784722,Earth,Slide,19 August 2024,1,2024-08-19,True,15.2,152.0,ok,1112.0,23.29278677380059,124.28960273044072
23578,MIZ/KOL/2024/750,Mizoram,Kolasib,,,24.60853333,93.41668333,Debris,Slide,18 August 2024,1,2024-08-18,True,46.8,468.0,ok,944.0,26.52483815879108,238.7792732612079
23580,MIZ/AZL/2024/752,Mizoram,Aizawl,,,23.09758333,93.21623333,Debris,Slide,2 July 2024,1,2024-07-02,True,12.5,125.0,ok,878.0,30.98881767010576,354.96256154032017
23581,MIZ/AZL/2024/753,Mizoram,Aizawl,,,23.10851389,93.20975,Debris,Slide,28 June 2024,1,2024-06-28,True,3.9,39.0,ok,1106.0,22.408685831869548,101.30709625301238
23582,MIZ/AZL/2024/754,Mizoram,Aizawl,,,23.10172778,93.20231944,Debris,Complex,28 May 2024,1,2024-05-28,True,58.5,585.0,ok,1175.0,18.07088871832044,32.59966718007027
23583,MIZ/AZL/2024/755,Mizoram,Aizawl,,,23.101925,93.20426111,Debris,Slide,2 July 2024,1,2024-07-02,True,10.0,100.0,ok,1121.0,27.83389324698589,49.97562052013159
23584,MIZ/AZL/2024/756,Mizoram,Aizawl,,,23.10184722,93.20138889,Debris,Slide,28 September 2024,1,2024-09-28,True,0.0,0.0,ok,1202.0,19.611712635106507,57.00526992366454
23587,MIZ/AZL/2024/759,Mizoram,Aizawl,,,23.09759444,93.21089444,Debris,Slide,2 July 2024,1,2024-07-02,True,12.5,125.0,ok,924.0,33.17686244860948,23.78479901231761
23588,MIZ/AZL/2024/760,Mizoram,Aizawl,,,23.09561111,93.20786389,Debris,Slide,28 May 2024,1,2024-05-28,True,52.5,525.0,ok,1000.0,22.179019443444552,187.43259389543
23590,MIZ/AZL/2024/762,Mizoram,Aizawl,,,23.10100556,93.19393611,Debris,Slide,2 July 2024,1,2024-07-02,True,22.6,226.0,ok,1048.0,22.64928275683389,320.80682729969084
23591,MIZ/AZL/2024/763,Mizoram,Aizawl,,,23.10074722,93.18785278,Debris,Complex,2 July 2024,1,2024-07-02,True,22.6,226.0,ok,978.0,24.71484728802257,233.328141586014
23592,MIZ/AZL/2024/764,Mizoram,Aizawl,,,23.09954722,93.18600278,Debris,Complex,2 July 2024,1,2024-07-02,True,22.5,225.0,ok,913.0,21.15548239673074,245.30171724002463
23595,MIZ/AZL/2024/767,Mizoram,Aizawl,,,23.0983,93.17597222,Debris,Slide,2 July 2024,1,2024-07-02,True,22.5,225.0,ok,979.0,19.16363784470442,310.6464505969677
23596,MIZ/AZL/2024/768,Mizoram,Aizawl,,,23.110975,93.21260278,Debris,Slide,28 May 2024,1,2024-05-28,True,58.5,585.0,ok,1020.0,30.342673162148785,106.03574800435636
23597,MIZ/AZL/2024/769,Mizoram,Aizawl,,,23.25986389,93.16155278,Debris,Slide,28 October 2024,1,2024-10-28,True,0.0,0.0,ok,1215.0,25.90838882768704,158.75699238868583
23598,MIZ/AZL/2024/770,Mizoram,Aizawl,,,23.25828611,93.15288333,Debris,Slide,28 November 2024,1,2024-11-28,True,0.6,6.0,ok,1207.0,32.349694676753195,217.6843410297591
23599,MIZ/AZL/2024/771,Mizoram,Aizawl,,,23.26126111,93.15070556,Debris,Slide,28 November 2024,1,2024-11-28,True,0.6,6.0,ok,1098.0,17.21788022717296,245.32799351915625
23600,MIZ/AZL/2024/772,Mizoram,Aizawl,,,23.25951944,93.15917222,Debris,Complex,28 September 2024,1,2024-09-28,True,0.0,0.0,ok,1252.0,16.682037263187485,144.03375308979446
23601,MIZ/AZL/2024/773,Mizoram,Aizawl,,,23.27598056,93.14351667,Debris,Slide,2 July 2024,1,2024-07-02,True,22.0,220.0,ok,663.0,7.2597313196345565,104.70619226535554
23602,MIZ/AZL/2024/774,Mizoram,Aizawl,,,23.27663889,93.14375,Rock,Slide,2 July 2024,1,2024-07-02,True,22.0,220.0,ok,655.0,9.183237205101817,154.18118603242863
23603,MIZ/AZL/2024/775,Mizoram,Aizawl,,,23.281075,93.144075,Debris,Slide,2 July 2024,1,2024-07-02,True,22.0,220.0,ok,653.0,23.2786441044275,109.77062753766678
23604,MIZ/AZL/2024/776,Mizoram,Aizawl,,,23.32829167,93.12184167,Debris,Slide,28 September 2024,1,2024-09-28,True,0.0,0.0,ok,869.0,28.008819205205544,346.600486224016
23605,MIZ/AZL/2024/777,Mizoram,Aizawl,,,23.33529167,93.11214167,Debris,Slide,2 July 2024,1,2024-07-02,True,33.6,336.0,ok,1144.0,31.2494347148088,328.50795114571326
23606,MIZ/KOL/2024/778,Mizoram,Kolasib,,,23.41421944,93.10569167,Debris,Slide,13 August 2024,1,2024-08-13,True,9.6,96.0,ok,1023.0,26.11325033814077,188.2670935882723
23608,MIZ/KOL/2024/780,Mizoram,Kolasib,,,23.50882222,93.09170278,Earth,Slide,2 July 2024,1,2024-07-02,True,29.2,292.0,ok,685.0,26.4659816013816,286.99662237787743
23609,MIZ/KOL/2024/781,Mizoram,Kolasib,,,23.54130278,93.10256944,Earth,Slide,12 September 2024,1,2024-09-12,True,6.2,62.0,ok,635.0,6.761234377964211,17.309768991471955
23610,MIZ/KOL/2024/782,Mizoram,Kolasib,,,23.54600556,93.09247222,Earth,Slide,12 September 2024,1,2024-09-12,True,3.7,37.0,ok,791.0,24.96971273133402,99.99828276718311
23611,MIZ/KOL/2024/783,Mizoram,Kolasib,,,23.54286944,93.08539722,Earth,Slide,12 September 2024,1,2024-09-12,True,3.7,37.0,ok,916.0,24.21271465496577,115.56227153060937
23612,MIZ/KOL/2024/784,Mizoram,Kolasib,,,23.56332778,93.10553333,Earth,Slide,22 October 2024,1,2024-10-22,True,2.4,24.0,ok,724.0,25.50659719520276,315.37298058533975
23613,MIZ/KOL/2024/785,Mizoram,Kolasib,,,23.56785,93.10472222,Debris,Slide,12 September 2024,1,2024-09-12,True,6.2,62.0,ok,659.0,19.933805704683348,348.78021010059274
23614,MIZ/KOL/2024/786,Mizoram,Kolasib,,,23.56413333,93.11378889,Earth,Slide,12 September 2024,1,2024-09-12,True,6.2,62.0,ok,740.0,16.91578396649147,196.8593269496802
23615,MIZ/KOL/2024/787,Mizoram,Kolasib,,,23.56233889,93.11890833,Debris,Slide,12 September 2024,1,2024-09-12,True,6.2,62.0,ok,816.0,35.55767681200191,254.24949558096068
23617,MIZ/KOL/2024/789,Mizoram,Kolasib,,,23.56238611,93.12376667,Earth,Slide,12 September 2024,1,2024-09-12,True,6.2,62.0,ok,762.0,20.94191909049845,201.63882630112687
23618,MIZ/KOL/2024/790,Mizoram,Kolasib,,,23.56404167,93.10752222,Earth,Slide,12 September 2024,1,2024-09-12,True,6.2,62.0,ok,758.0,1.852254273911334,180.0
23619,MIZ/KOL/2024/791,Mizoram,Kolasib,,,23.56145278,93.10908889,Debris,Slide,12 September 2024,1,2024-09-12,True,6.2,62.0,ok,730.0,20.33050031488094,252.21266018440423
23620,MIZ/KOL/2024/792,Mizoram,Kolasib,,,23.55881111,93.10900556,Earth,Slide,12 September 2024,1,2024-09-12,True,6.2,62.0,ok,756.0,7.469813637505652,317.725801695243
23622,MIZ/KOL/2024/794,Mizoram,Kolasib,,,23.5356,93.10656944,Debris,Slide,13 September 2024,1,2024-09-13,True,11.9,119.0,ok,687.0,28.406052751374883,189.38405552591288
23623,MIZ/AZL/2024/795,Mizoram,Aizawl,,,23.34297778,93.057775,Debris,Slide,13 September 2024,1,2024-09-13,True,9.5,95.0,ok,875.0,26.94808715208362,232.8207281023217
23624,MIZ/AZL/2024/796,Mizoram,Aizawl,,,23.35406111,93.04156111,Debris,Slide,28 September 2024,1,2024-09-28,True,0.0,0.0,ok,516.0,11.562912180623576,230.78333053763268
23625,MIZ/AZL/2024/797,Mizoram,Aizawl,,,23.35958611,93.04477222,Debris,Slide,28 September 2024,1,2024-09-28,True,0.0,0.0,ok,595.0,30.91173709408336,235.451582193506
23626,MIZ/KOL/2024/798,Mizoram,Kolasib,,,23.36556111,93.05125278,Rock,Fall,9 July 2024,1,2024-07-09,True,6.8,68.0,ok,696.0,21.524991951080008,190.29027424951417
23627,MIZ/KOL/2024/799,Mizoram,Kolasib,,,23.36966389,93.04609444,Debris,Slide,9 July 2024,1,2024-07-09,True,6.8,68.0,ok,568.0,39.82168944176523,71.92396592328534
23629,MIZ/KOL/2024/801,Mizoram,Kolasib,,,23.03821667,93.12529444,Rock,Slide,17 September 2024,1,2024-09-17,True,0.0,0.0,ok,435.0,32.45039591986588,95.8381659882223
23630,MIZ/KOL/2024/802,Mizoram,Kolasib,,,23.54294167,93.23821667,Debris,Slide,24 September 2024,1,2024-09-24,True,1.7,17.0,ok,1546.0,24.91749921632193,240.8372413619184
23632,MIZ/KOL/2024/804,Mizoram,Kolasib,,,24.55205833,93.25569167,Rock,Fall,9 July 2024,1,2024-07-09,True,5.8,58.0,ok,235.0,5.047283802691636,156.26195892887785
23637,MIZ/KOL/2024/809,Mizoram,Kolasib,,,24.599425,93.30004722,Debris,Slide,24 August 2024,1,2024-08-24,True,15.6,156.0,ok,520.0,23.933067426288662,341.3038757339616
23638,MIZ/KOL/2024/810,Mizoram,Kolasib,,,24.60921944,93.30050278,Debris,Slide,24 September 2024,1,2024-09-24,True,7.5,75.0,ok,720.0,40.46542455587033,113.4570644863566
23640,MIZ/KOL/2024/812,Mizoram,Kolasib,,,24.64528611,93.28593611,Debris,Slide,24 September 2024,1,2024-09-24,True,6.3,63.0,ok,570.0,26.251412929600708,190.3909163563449
23641,MIZ/KOL/2024/813,Mizoram,Kolasib,,,24.02205833,93.29369167,Debris,Slide,24 September 2024,1,2024-09-24,True,10.5,105.0,ok,1201.0,26.75099311187316,186.04796538633127
23642,MIZ/KOL/2024/814,Mizoram,Kolasib,,,23.01689167,93.283175,Debris,Slide,24 September 2024,1,2024-09-24,True,6.1,61.0,ok,885.0,30.97202559812448,249.4988134852217
23643,MIZ/KOL/2024/815,Mizoram,Kolasib,,,24.02782222,93.28944444,Debris,Slide,2 July 2024,1,2024-07-02,True,20.5,205.0,ok,816.0,27.74309916514272,162.36628856860725
23644,MIZ/KOL/2024/816,Mizoram,Kolasib,,,24.04014167,93.2915,Debris,Slide,2 July 2024,1,2024-07-02,True,20.5,205.0,ok,666.0,21.000786761915705,323.15961258373284
23645,MIZ/KOL/2024/817,Mizoram,Kolasib,,,24.03980278,93.29373889,Debris,Slide,2 July 2024,1,2024-07-02,True,20.5,205.0,ok,749.0,26.434778944583314,297.08643332232384
23646,MIZ/KOL/2024/818,Mizoram,Kolasib,,,24.05823611,93.28901944,Debris,Slide,2 July 2024,1,2024-07-02,True,20.5,205.0,ok,585.0,28.53264082165127,326.37999394850846
23647,MIZ/KOL/2024/819,Mizoram,Kolasib,,,24.09210556,93.29866667,Rock,Slide,24 September 2024,1,2024-09-24,True,10.5,105.0,ok,923.0,16.97055421588122,305.6507789698819
23648,MIZ/KOL/2024/820,Mizoram,Kolasib,,,24.12428889,93.318525,Earth,Slide,2 July 2024,1,2024-07-02,True,25.4,254.0,ok,606.0,12.002590621056449,90.0
23652,MIZ/KOL/2024/825,Mizoram,Kolasib,,,24.297775,93.34159722,Debris,Slide,24 September 2024,1,2024-09-24,True,8.7,87.0,ok,562.0,24.99179453148146,223.2421692655032
23654,MIZ/KOL/2024/827,Mizoram,Kolasib,,,24.35137778,93.34095556,Debris,Slide,24 September 2024,1,2024-09-24,True,8.0,80.0,ok,315.0,11.24243153138511,333.48384829571285
23657,MIZ/KOL/2024/830,Mizoram,Kolasib,,,23.631219,93.118033,Debris,Slide,15 August 2024,1,2024-08-15,True,35.1,351.0,ok,670.0,7.956909002087609,22.26046791504011
23660,MIZ/KOL/2024/834,Mizoram,Kolasib,,,23.62418333,93.14208611,Debris,Slide,15 August 2024,1,2024-08-15,True,35.1,351.0,ok,1381.0,26.791322583693944,302.9823822415784
23662,MIZ/KOL/2024/836,Mizoram,Kolasib,,,23.56672222,93.13764444,Debris,Slide,9 July 2024,1,2024-07-09,True,12.3,123.0,ok,1140.0,27.462659063350163,251.87386168279224
23663,MIZ/KOL/2024/837,Mizoram,Kolasib,,,24.04014167,93.2915,Debris,Slide,2 July 2024,1,2024-07-02,True,20.5,205.0,ok,666.0,21.000786761915705,323.15961258373284
23664,MIZ/KOL/2024/838,Mizoram,Kolasib,,,24.56771111,93.14291667,Debris,Complex,9 July 2024,1,2024-07-09,True,26.2,262.0,ok,461.0,9.768867175735954,235.70198755820488
23665,MIZ/KOL/2024/839,Mizoram,Kolasib,,,24.57467222,93.14389722,Debris,Slide,9 July 2024,1,2024-07-09,True,26.2,262.0,ok,584.0,27.11036257834277,290.3298925582694
23666,MIZ/KOL/2024/840,Mizoram,Kolasib,,,24.57470833,93.13897222,Debris,Complex,9 July 2024,1,2024-07-09,True,26.2,262.0,ok,349.0,29.95736891481161,330.4235021791922
23667,MIZ/KOL/2024/841,Mizoram,Kolasib,,,24.57151389,93.141725,Debris,Complex,2 July 2024,1,2024-07-02,True,62.4,624.0,ok,378.0,24.37517592571721,357.7511212977001
23668,MIZ/KOL/2024/842,Mizoram,Kolasib,,,24.56917222,93.14073611,Debris,Slide,2 July 2024,1,2024-07-02,True,62.4,624.0,ok,355.0,25.23889012621452,202.15822157844264
23669,MIZ/KOL/2024/843,Mizoram,Kolasib,,,24.5606,93.13071389,Debris,Slide,7 July 2024,1,2024-07-07,True,14.6,146.0,ok,464.0,30.090455515960542,192.40171769748213
23670,MIZ/KOL/2024/844,Mizoram,Kolasib,,,24.55987778,93.12541667,Debris,Slide,7 July 2024,1,2024-07-07,True,14.6,146.0,ok,334.0,24.018977408415765,274.1616324565611
23671,MIZ/KOL/2024/845,Mizoram,Kolasib,,,24.08927222,93.12408611,Debris,Slide,28 September 2024,1,2024-09-28,True,2.0,20.0,ok,983.0,20.473674572549804,295.6633197664627
23672,MIZ/KOL/2024/846,Mizoram,Kolasib,,,24.10641389,93.12339944,Debris,Slide,28 September 2024,1,2024-09-28,True,0.1,1.0,ok,973.0,26.2757450439136,35.036149299236655
23673,MIZ/KOL/2024/847,Mizoram,Kolasib,,,24.10710778,93.11535444,Debris,Slide,7 July 2024,1,2024-07-07,True,27.0,270.0,ok,1001.0,36.39972138695574,326.4517985283293
23674,MIZ/KOL/2024/848,Mizoram,Kolasib,,,24.10015917,93.10461389,Rock,Slide,24 September 2024,1,2024-09-24,True,17.3,173.0,ok,464.0,29.525288090038764,203.99112277059936
23675,MIZ/KOL/2024/849,Mizoram,Kolasib,,,24.11104722,93.10374167,Earth,Slide,24 September 2024,1,2024-09-24,True,17.3,173.0,ok,584.0,25.37486920901697,256.1936083912659
23676,MIZ/KOL/2024/850,Mizoram,Kolasib,,,24.10506389,93.09593611,Earth,Slide,24 September 2024,1,2024-09-24,True,16.6,166.0,ok,319.0,21.55628956699528,279.42310632630233
23677,MIZ/KOL/2024/851,Mizoram,Kolasib,,,24.10743611,93.09532222,Debris,Slide,24 September 2024,1,2024-09-24,True,16.6,166.0,ok,421.0,39.748377934349165,333.4283632215195
23678,MIZ/KOL/2024/852,Mizoram,Kolasib,,,24.10687222,93.08849722,Earth,Slide,24 September 2024,1,2024-09-24,True,16.6,166.0,ok,216.0,30.844129596529893,223.02234868444884
23679,MIZ/AZL/2024/853,Mizoram,Aizawl,,,23.24231111,93.17726667,Debris,Slide,17 July 2024,1,2024-07-17,True,12.9,129.0,ok,647.0,15.549956429163457,297.7018898713608
23680,MIZ/AZL/2024/854,Mizoram,Aizawl,,,23.24500833,93.17587222,Debris,Slide,24 September 2024,1,2024-09-24,True,3.4,34.0,ok,559.0,7.08233554254716,97.4779385982942
23681,MIZ/AZL/2024/855,Mizoram,Aizawl,,,23.24454722,93.17027222,Debris,Slide,19 July 2024,1,2024-07-19,True,0.4,4.0,ok,861.0,32.65644186884725,81.29347082842253
23682,MIZ/AZL/2024/856,Mizoram,Aizawl,,,23.20960722,93.13104722,Debris,Slide,2 July 2024,1,2024-07-02,True,22.0,220.0,ok,911.0,17.21419617560033,74.87363150546703
23683,MIZ/AZL/2024/857,Mizoram,Aizawl,,,23.21068583,93.1212325,Debris,Slide,2 July 2024,1,2024-07-02,True,22.0,220.0,ok,1126.0,18.875175567986783,124.57835544915858
23684,MIZ/KOL/2024/858,Mizoram,Kolasib,,,23.49216111,93.23695,Rock,Slide,17 July 2024,1,2024-07-17,True,22.8,228.0,ok,1309.0,24.374899656048942,357.76991408217424
23685,MIZ/KOL/2024/859,Mizoram,Kolasib,,,23.504575,93.23805,Debris,Complex,17 July 2024,1,2024-07-17,True,23.2,232.0,ok,1419.0,27.23551611226627,286.4233595020903
23686,MIZ/KOL/2024/860,Mizoram,Kolasib,,,24.15364444,93.02183611,Debris,Slide,7 June 2024,1,2024-06-07,True,6.1,61.0,ok,306.0,29.33054480746272,149.69345904460243
23687,MIZ/KOL/2024/861,Mizoram,Kolasib,,,24.15817222,93.02488611,Earth,Slide,28 September 2024,1,2024-09-28,True,0.0,0.0,ok,570.0,21.70542023695197,192.8618950319037
23688,MIZ/KOL/2024/862,Mizoram,Kolasib,,,24.23419444,93.02469167,Earth,Slide,28 September 2024,1,2024-09-28,True,0.0,0.0,ok,80.0,26.70433377917857,260.75142135014187
23689,MIZ/KOL/2024/863,Mizoram,Kolasib,,,24.32836667,93.00923056,Earth,Slide,28 September 2024,1,2024-09-28,True,0.0,0.0,ok,430.0,42.68223688511626,28.754778672886324
23691,MIZ/KOL/2024/865,Mizoram,Kolasib,,,24.40520278,93.06672222,Debris,Slide,9 July 2024,1,2024-07-09,True,13.1,131.0,ok,349.0,31.588625753486188,119.97387868043292
23692,MIZ/KOL/2024/866,Mizoram,Kolasib,,,24.4259,93.13580556,Earth,Slide,28 May 2024,1,2024-05-28,True,127.0,1270.0,ok,524.0,10.4311765866113,254.7223907696988
23693,MIZ/KOL/2024/867,Mizoram,Kolasib,,,24.44347778,93.15817778,Debris,Complex,7 July 2024,1,2024-07-07,True,11.9,119.0,ok,65.0,3.440758131698669,143.78456843420213
23695,MIZ/KOL/2024/869,Mizoram,Kolasib,,,24.44857778,93.15738611,Debris,Complex,7 July 2024,1,2024-07-07,True,11.9,119.0,ok,75.0,19.57607934530572,92.60611343039952
23699,MIZ/KOL/2024/873,Mizoram,Kolasib,,,24.65409167,93.204625,Debris,Slide,17 July 2024,1,2024-07-17,True,4.5,45.0,ok,134.0,23.122193897214576,270.0
23700,MIZ/KOL/2024/874,Mizoram,Kolasib,,,24.65018056,93.20256667,Debris,Slide,17 July 2024,1,2024-07-17,True,4.5,45.0,ok,230.0,19.60466997578387,182.8630961068758
23701,MIZ/KOL/2024/875,Mizoram,Kolasib,,,24.6273,93.20404444,Earth,Slide,17 July 2024,1,2024-07-17,True,4.5,45.0,ok,184.0,13.704055461651825,126.64032436664684
23702,MIZ/KOL/2024/876,Mizoram,Kolasib,,,24.62604722,93.22583889,Debris,Complex,12 June 2024,1,2024-06-12,True,10.9,109.0,ok,128.0,4.124769639503506,312.2723043219685
23703,MIZ/KOL/2024/877,Mizoram,Kolasib,,,24.58605,93.21056389,Debris,Slide,24 September 2024,1,2024-09-24,True,8.4,84.0,ok,72.0,26.1850383531376,244.6926182957357
23704,MIZ/KOL/2024/878,Mizoram,Kolasib,,,24.577475,93.19105,Debris,Slide,22 October 2024,1,2024-10-22,True,3.8,38.0,ok,129.0,12.400942991281775,53.96337046041944
23705,MIZ/KOL/2024/879,Mizoram,Kolasib,,,24.56062778,93.18938889,Earth,Slide,7 July 2024,1,2024-07-07,True,14.6,146.0,ok,110.0,14.116935246431783,219.5092992349146
23706,MIZ/KOL/2024/880,Mizoram,Kolasib,,,24.5716,93.17273056,Debris,Slide,12 June 2024,1,2024-06-12,True,9.6,96.0,ok,208.0,31.33593977228785,244.8551280713408
23707,MIZ/KOL/2024/881,Mizoram,Kolasib,,,24.56925833,93.177275,Debris,Slide,28 May 2024,1,2024-05-28,True,104.5,1045.0,ok,184.0,13.700119052889876,306.6530492889751
23708,MIZ/KOL/2024/882,Mizoram,Kolasib,,,24.57296389,93.17700556,Debris,Slide,7 July 2024,1,2024-07-07,True,14.6,146.0,ok,301.0,27.7602464754311,42.49972739287831
23709,MIZ/KOL/2024/883,Mizoram,Kolasib,,,24.5768,93.106075,Debris,Slide,12 June 2024,1,2024-06-12,True,9.6,96.0,ok,119.0,18.119560118657454,240.3870583354929
23710,MIZ/KOL/2024/884,Mizoram,Kolasib,,,24.526075,93.05379167,Debris,Slide,28 May 2024,1,2024-05-28,True,102.1,1021.0,ok,107.0,25.23989398891037,26.899226336738657
23711,MIZ/KOL/2024/885,Mizoram,Kolasib,,,24.458325,93.09439167,Debris,Slide,24 September 2024,1,2024-09-24,True,9.8,98.0,ok,443.0,16.015837744689566,205.67035900045985
23712,MZ/AZL/84A10/2024/120,Mizoram,Aizawl,,Tachhip,23.57722222,92.71222222,Earth,Complex,28 May 2024,1,2024-05-28,True,65.0,650.0,ok,908.0,4.1064471010133525,132.50593688977366
23714,MIZ/AZL/84A10/2025/002,Mizoram,Aizawl,,Kulikawn East,23.6868033,92.7251987,Rock,Slide,29 May 2025,1,2025-05-29,True,40.2,402.0,ok,856.0,43.52112220297085,75.20274525955283
23715,MIZ/AZL/84A10/2025/003,Mizoram,Aizawl,,"Ngaizel, Kulikawn",23.7002691,92.7181685,Rock,Fall,13 May 2025,1,2025-05-13,True,0.0,0.0,ok,1038.0,36.09196482974863,347.4076858166336
23716,MIZ/AZL/84A10/2025/004,Mizoram,Aizawl,,"Zohnuai, Vaivakawn, Aizawl",23.74247,92.705587,Debris,Subsidence,31 May 2025,1,2025-05-31,True,101.5,1015.0,ok,938.0,35.15323682015559,135.38242806699586
23721,MIZ/AZL/84A09/2025/009,Mizoram,Aizawl,,"Zuangtui, Aizawl",23.75024,92.736662,Debris,Flow,01 June 2025,1,2025-06-01,True,88.9,889.0,ok,1095.0,20.67072564303898,328.9987861977814
23723,MIZ/AZL/84A09/2025/011,Mizoram,Aizawl,,Chaltlang Lily Veng,23.755925,92.726753,Rock,Fall,24 May 2025,1,2025-05-24,True,6.8,68.0,ok,1006.0,41.18621033860588,191.64812675135693
23724,MIZ/AZL/84A10/2025/012,Mizoram,Aizawl,,"Chanmari West, Aizawl",23.745802,92.717053,Earth,Slide,01 June 2025,1,2025-06-01,True,88.9,889.0,ok,919.0,21.23344346796792,245.40782804183524
23727,MIZ/AZL/84A11/2025/015,Mizoram,Aizawl,,Sumsuih,23.469247,92.744068,Earth,Slide,01 June 2025,1,2025-06-01,True,114.7,1147.0,ok,1365.0,14.31228009615645,104.68569622418688
23728,MIZ/AZL/84A15/2025/016,Mizoram,Aizawl,,Sialsuk,23.410771,92.753123,Debris,Slide,28 May 2024,1,2024-05-28,True,84.4,844.0,ok,1132.0,31.754495904475675,118.05076269876317
23729,MIZ/AZL/84A15/2025/017,Mizoram,Aizawl,,Aizawl-Thenzawl-Lunglei Highway,23.367366,92.767304,Rock,Slide,01 June 2025,1,2025-06-01,True,124.7,1247.0,ok,1144.0,51.59363657187181,296.65759765850214
23730,MIZ/AZL/84A15/2025/018,Mizoram,Aizawl,,Aizawl-Thenzawl-Lunglei Highway,23.353485,92.780193,Debris,Slide,31 May 2025,1,2025-05-31,True,49.8,498.0,ok,884.0,46.59385108104151,271.75285036825085
23731,MIZ/AZL/84A15/2025/019,Mizoram,Aizawl,,Aizawl-Thenzawl-Lunglei Highway,23.350187,92.778852,Debris,Slide,30 May 2025,1,2025-05-30,True,172.3,1723.0,ok,837.0,28.81292592874905,181.83487056697464
23732,MIZ/AZL/84A15/2025/020,Mizoram,Aizawl,,Aizawl-Thenzawl-Lunglei Highway,23.341022,92.776761,Debris,Slide,30 May 2025,1,2025-05-30,True,172.3,1723.0,ok,744.0,30.106338653043,307.84388795857365
23733,MIZ/AZL/84A15/2025/021,Mizoram,Aizawl,,Aizawl-Thenzawl-Lunglei Highway,23.339144,92.786128,Debris,Slide,30 May 2025,1,2025-05-30,True,172.3,1723.0,ok,682.0,22.90982331767783,343.040786719784
23734,MIZ/AZL/84A15/2025/022,Mizoram,Aizawl,,Thenzawl Quarry,23.336229,92.787113,Debris,Flow,30 May 2025,1,2025-05-30,True,172.3,1723.0,ok,676.0,42.15166757592946,317.0860037474808
23735,MIZ/AZL/84A15/2025/023,Mizoram,Aizawl,,Aizawl-Thenzawl-Lunglei Highway,23.313871,92.792739,Debris,Slide,01 June 2025,1,2025-06-01,True,124.7,1247.0,ok,596.0,18.01989538806097,186.2145025132121
23736,MIZ/SER/84A15/2025/024,Mizoram,Serchhip,,Aizawl-Thenzawl-Lunglei Highway,23.315355,92.790619,Debris,Slide,31 May 2025,1,2025-05-31,True,49.8,498.0,ok,617.0,32.02565990771031,158.53418401372147
23737,MIZ/SER/84A15/2025/025,Mizoram,Serchhip,,Outside Thenzawl,23.316491,92.788798,Debris,Slide,31 May 2025,1,2025-05-31,True,49.8,498.0,ok,641.0,30.90617844493602,124.55710324498084
23738,MIZ/SER/84A12/2025/026,Mizoram,Serchhip,,Aizawl-Thenzawl-Lunglei Highway,23.239637,92.748175,Debris,Slide,30 May 2025,1,2025-05-30,True,148.8,1488.0,ok,756.0,11.490061740275678,37.30056369619459
23739,MIZ/SER/84A12/2025/027,Mizoram,Serchhip,,Buangpui,23.239077,92.745631,Earth,Slide,31 May 2025,1,2025-05-31,True,56.8,568.0,ok,756.0,19.05233103895848,41.48445383508567
23740,MIZ/SER/84A12/2025/028,Mizoram,Serchhip,,Buangpui,23.239137,92.744468,Debris,Slide,01 June 2025,1,2025-06-01,True,130.1,1301.0,ok,764.0,12.100620980622358,41.04407991844816
23741,MIZ/SER/84A12/2025/029,Mizoram,Serchhip,,Buangpui,23.239797,92.744214,Debris,Slide,31 May 2025,1,2025-05-31,True,56.8,568.0,ok,779.0,12.499045858265088,18.51376884842405
23742,MIZ/SER/84A12/2025/030,Mizoram,Serchhip,,Buangpui,23.238785,92.744224,Debris,Slide,31 May 2025,1,2025-05-31,True,56.8,568.0,ok,771.0,18.10290139848863,104.31852915579395
23744,MIZ/LUNG/84A12/2025/032,Mizoram,Lunglei,,Kanghmun,23.214239,92.740856,Debris,Slide,31 May 2025,1,2025-05-31,True,56.8,568.0,ok,842.0,17.455245454568505,287.97130778252506
23745,MIZ/LUNG/84A12/2025/033,Mizoram,Lunglei,,Aizawl-Thenzawl-Lunglei Highway,23.203253,92.735838,Earth,Slide,31 May 2025,1,2025-05-31,True,56.8,568.0,ok,708.0,17.213478514470204,254.87294522792573
23746,MIZ/LUNG/84A12/2025/034,Mizoram,Lunglei,,Aizawl-Thenzawl-Lunglei Highway,23.200475,92.735007,Debris,Slide,01 June 2025,1,2025-06-01,True,130.1,1301.0,ok,749.0,15.217157898774758,26.918060457024403
23747,MIZ/LUNG/84A12/2025/035,Mizoram,Lunglei,,Aizawl-Thenzawl-Lunglei Highway,23.195661,92.73562,Rock,Slide,01 June 2025,1,2025-06-01,True,124.1,1241.0,ok,750.0,23.128502728395773,81.29033211306589
23748,MIZ/LUNG/84A12/2025/036,Mizoram,Lunglei,,Aizawl-Thenzawl-Lunglei Highway,23.194007,92.734654,Rock,Slide,30 May 2025,1,2025-05-30,True,176.7,1767.0,ok,778.0,30.392612560861927,131.42548690488513
23749,MIZ/LUNG/84A12/2025/037,Mizoram,Lunglei,,Aizawl-Thenzawl-Lunglei Highway,23.193468,92.734849,Debris,Slide,30 May 2025,1,2025-05-30,True,176.7,1767.0,ok,793.0,27.213688638277656,97.22560806507715
23750,MIZ/LUNG/84A12/2025/038,Mizoram,Lunglei,,Ramlaitui,23.183856,92.735346,Debris,Slide,30 May 2025,1,2025-05-30,True,176.7,1767.0,ok,835.0,18.41436792142049,57.7078573181512
23752,MIZ/LUNG/84A12/2025/040,Mizoram,Lunglei,,Ramlaitui,23.181806,92.736868,Earth,slide,30 May 2025,1,2025-05-30,True,176.7,1767.0,ok,812.0,25.67119421545034,12.68411879917292
23753,MIZ/LUNG/84A12/2025/041,Mizoram,Lunglei,,Ramlaitui,23.18077,92.735789,Debris,Flow,31 May 2025,1,2025-05-31,True,50.3,503.0,ok,817.0,29.828168542823217,322.1522156010502
23754,MIZ/LUNG/84A12/2025/042,Mizoram,Lunglei,,Ramlaitui,23.173606,92.739793,Debris,Slide,31 May 2025,1,2025-05-31,True,50.3,503.0,ok,787.0,18.413428035962653,57.70587533148485
23755,MIZ/LUNG/84A12/2025/043,Mizoram,Lunglei,,Aizawl-Thenzawl-Lunglei Highway,23.150939,92.748258,Debris,Slide,31 May 2025,1,2025-05-31,True,50.3,503.0,ok,881.0,25.18323851803131,128.24232080891886
23756,MIZ/LUNG/84A16/2025/044,Mizoram,Lunglei,,Sekhum,23.140846,92.751229,Debris,Slide,31 May 2025,1,2025-05-31,True,50.3,503.0,ok,861.0,35.4076877582892,300.0278073385569
23757,MIZ/LUNG/84A12/2025/045,Mizoram,Lunglei,,Aizawl-Thenzawl-Lunglei Highway,23.1351,92.748694,Debris,Slide,31 May 2025,1,2025-05-31,True,50.3,503.0,ok,921.0,36.904728286347655,253.7446645142633
23758,MIZ/LUNG/84A12/2025/046,Mizoram,Lunglei,,Aizawl-Thenzawl-Lunglei Highway,23.134009,92.746247,Earth,Slide,31 May 2025,1,2025-05-31,True,50.3,503.0,ok,795.0,18.654177647083017,278.26150782078207
23759,MIZ/LUNG/84A12/2025/047,Mizoram,Lunglei,,Aizawl-Thenzawl-Lunglei Highway,23.132082,92.746268,Debris,Slide,31 May 2025,1,2025-05-31,True,50.3,503.0,ok,858.0,19.375005415620063,270.0
23760,MIZ/LUNG/84A12/2025/048,Mizoram,Lunglei,,N. Mualthuam,23.114694,92.743931,Debris,Slide,01 June 2025,1,2025-06-01,True,124.1,1241.0,ok,835.0,34.12932897553949,110.9676827626314
23761,MIZ/LUNG/84A12/2025/049,Mizoram,Lunglei,,N. Mualthuam,23.114225,92.746024,Debris,Slide,31 May 2025,1,2025-05-31,True,50.3,503.0,ok,802.0,30.65161673618484,197.25752095971808
23762,MIZ/LUNG/84A12/2025/050,Mizoram,Lunglei,,N. Mualthuam,23.111824,92.745097,Debris,Slide,31 May 2025,1,2025-05-31,True,50.3,503.0,ok,835.0,15.609904986778735,337.8181136636416
23763,MIZ/LUNG/84A16/2025/051,Mizoram,Lunglei,,Aizawl-Thenzawl-Lunglei Highway,23.015005,92.765065,Rock,Slide,30 May 2025,1,2025-05-30,True,191.4,1914.0,ok,959.0,25.130591937432435,145.82150539920485
23764,MIZ/LUNG/84A16/2025/052,Mizoram,Lunglei,,Aizawl-Thenzawl-Lunglei Highway,23.022804,92.755698,Debris,Slide,31 May 2025,1,2025-05-31,True,48.3,483.0,ok,852.0,20.53455079886937,155.03040663254433
23765,MIZ/LUNG/84B09/2025/053,Mizoram,Lunglei,,Aizawl-Thenzawl-Lunglei Highway,22.973735,92.725975,Debris,Slide,30 May 2025,1,2025-05-30,True,237.4,2374.0,ok,545.0,7.528716127346917,291.533141200513
23767,MIZ/LAW/84B14/2025/055,Mizoram,Lawngtlai,,"College Veng, Lawngtlai",22.519716,92.891037,Debris,Slide,31 May 2025,1,2025-05-31,True,14.5,145.0,ok,888.0,16.594734040960695,86.88971465702419
23768,MIZ/LAW/84B15/2025/056,Mizoram,Lawngtlai,,NH 54,22.48765,92.886806,Rock,Fall,31 May 2025,1,2025-05-31,True,12.3,123.0,ok,1028.0,41.864901137608776,246.6118626810496
23769,MIZ/SIA/84B15/2025/057,Mizoram,Siaha,,Kawchaw W,22.404215,92.951647,Debris,Slide,31 May 2025,1,2025-05-31,True,12.3,123.0,ok,198.0,31.31778537381464,311.6358028931683
23770,MIZ/SIA/84B15/2025/058,Mizoram,Siaha,,NH 54,22.444376,92.947323,Debris,Slide,30 May 2025,1,2025-05-30,True,196.0,1960.0,ok,469.0,42.333772331741095,207.4446418628168
23771,MIZ/SIA/84B15/2025/059,Mizoram,Siaha,,"Meiseviah, Siaha",22.491822,92.970252,Earth,Slide,31 May 2025,1,2025-05-31,True,12.3,123.0,ok,967.0,22.32098681937969,281.35704216616205
23772,MIZ/SIA/84B15/2025/060,Mizoram,Siaha,,"Meiseviah, Siaha",22.491,92.97076,Debris,Slide,31 May 2025,1,2025-05-31,True,12.3,123.0,ok,984.0,36.343440245256566,267.48077509441384
23773,MIZ/SIA/84F03/2025/061,Mizoram,Siaha,,Lobo,22.469737,93.100868,Debris,Slide,01 June 2025,1,2025-06-01,True,69.2,692.0,ok,1116.0,10.133156791420856,354.3814475929892
23774,MIZ/SIA/84B15/2025/061,Mizoram,Siaha,,Siaha to Kawlchaw,22.437107,92.946912,Debris,Slide,31 May 2025,1,2025-05-31,True,12.3,123.0,ok,344.0,24.118337487782867,334.5438509621312
23775,MIZ/LAW/84B14/2025/061,Mizoram,Lawngtlai,,Thingkah,22.54735,92.882032,Debris,Slide,31 May 2025,1,2025-05-31,True,14.5,145.0,ok,822.0,36.97380584933522,270.0
23776,MIZ/LUNG/84B14/2025/062,Mizoram,Lunglei,,NH 54,22.641087,92.867635,Debris,Slide,31 May 2025,1,2025-05-31,True,18.0,180.0,ok,1049.0,30.80282331110542,75.87161450192241
23777,MIZ/LUNG/84B14/2025/063,Mizoram,Lunglei,,NH 54,22.660692,92.855602,Debris,Slide,31 May 2025,1,2025-05-31,True,18.0,180.0,ok,980.0,24.90345336453323,56.13328536475697
23778,MIZ/LUNG/84B14/2025/064,Mizoram,Lunglei,,NH 54,22.688472,92.842907,Debris,Slide,31 May 2025,1,2025-05-31,True,18.0,180.0,ok,949.0,43.426595345284426,270.9788304409709
23779,MIZ/LUNG/84B14/2025/065,Mizoram,Lunglei,,NH 54,22.702165,92.836523,Debris,Slide,31 May 2025,1,2025-05-31,True,19.1,191.0,ok,815.0,27.32644895300425,288.2356396105761
23780,MIZ/LUNG/84B14/2025/066,Mizoram,Lunglei,,NH 54,22.706999,92.841597,Debris,Slide,31 May 2025,1,2025-05-31,True,19.1,191.0,ok,860.0,35.71001127362008,268.7110750915952
23781,MIZ/LUNG/84B14/2025/067,Mizoram,Lunglei,,NH 54,22.745387,92.841543,Debris,Slide,31 May 2025,1,2025-05-31,True,19.1,191.0,ok,624.0,16.338900630200303,6.869919402483518
23782,MIZ/LUNG/84B13/2025/070,Mizoram,Lunglei,,NH 54,22.788323,92.833817,Debris,Slide,31 May 2025,1,2025-05-31,True,19.1,191.0,ok,745.0,16.966492883119408,282.2393994557904
23783,MIZ/LUNG/84B13/2025/071,Mizoram,Lunglei,,NH 54,22.793307,92.819831,Debris,Slide,31 May 2025,1,2025-05-31,True,19.1,191.0,ok,865.0,31.747130719982625,345.2194902299421
23784,MIZ/LUNG/84B13/2025/072,Mizoram,Lunglei,,Theiriat,22.866131,92.772713,Debris,Slide,01 June 2025,1,2025-06-01,True,100.3,1003.0,ok,1098.0,21.26678347379719,23.94031366838161
23785,MIZ/LUNG/84B13/2025/073,Mizoram,Lunglei,,Serkawn PHE Complex,22.903567,92.758702,Debris,Flow,01 June 2025,1,2025-06-01,True,128.0,1280.0,ok,1199.0,37.70527315210744,294.72987986520025
23786,MIZ/LUNG/84B13/2025/074,Mizoram,Lunglei,,"Zohnuai, Lunglei",22.903454,92.760096,Debris,Slide,01 June 2025,1,2025-06-01,True,128.0,1280.0,ok,1160.0,28.763066193299704,47.34990846093248
23787,MIZ/LUNG/84B13/2025/075,Mizoram,Lunglei,,"Serkawn, Lunglei",22.904615,92.75705,Debris,Slide,01 June 2025,1,2025-06-01,True,128.0,1280.0,ok,1159.0,25.63280383219232,293.85280726412793
23788,MIZ/LUNG/84B13/2025/076,Mizoram,Lunglei,,"Zohnuai, Lunglei",22.922528,92.752404,Debris,Slide,01 June 2025,1,2025-06-01,True,128.0,1280.0,ok,1126.0,16.079386208869764,282.96680790220387
23789,MIZ/LUNG/84B09/2025/077,Mizoram,Lunglei,,"Bazar Veng, Lunglei",22.895235,92.747812,Debris,Slide,02 June 2025,1,2025-06-02,True,3.5,35.0,ok,1010.0,23.91975297590629,261.6152698810941
23790,MIZ/LUNG/84B13/2025/078,Mizoram,Lunglei,,NH 54,22.88042,92.821692,Debris,Slide,01 June 2025,1,2025-06-01,True,104.0,1040.0,ok,872.0,22.73482790718419,332.56595218457016
23791,MIZ/LUNG/84B13/2025/079,Mizoram,Lunglei,,NH 54,22.892426,92.822937,Debris,Slide,31 May 2025,1,2025-05-31,True,27.2,272.0,ok,777.0,33.2902169358846,81.50343239594122
23792,MIZ/HNAH/84B13/2025/080,Mizoram,Hnahthial,,NH 54,22.902089,92.879909,Debris,Slide,31 May 2025,1,2025-05-31,True,34.1,341.0,ok,431.0,13.884543649585757,301.55467424469464
23793,MIZ/HNAH/84B13/2025/081,Mizoram,Hnahthial,,Hnahthial Kanaan Veng,22.967715,92.925677,Debris,Slide,31 May 2025,1,2025-05-31,True,33.3,333.0,ok,773.0,20.8568769275546,319.81071367488374
23794,MIZ/HNAH/84B13/2025/082,Mizoram,Hnahthial,,"Electric Veng, Hnahthial",22.971217,92.925544,Earth,Slide,31 May 2025,1,2025-05-31,True,33.3,333.0,ok,728.0,32.01082377913556,299.4360644667093
23795,MIZ/HNAH/84B13/2025/083,Mizoram,Hnahthial,,"Electric Veng, Hnahthial",22.969582,92.925917,Earth,Slide,31 May 2025,1,2025-05-31,True,33.3,333.0,ok,758.0,26.549091274110893,221.89928228109216
23796,MIZ/HNAH/84A16/2025/084,Mizoram,Hnahthial,,Pangzawl,23.077813,92.89844,Debris,Slide,31 May 2025,1,2025-05-31,True,41.1,411.0,ok,712.0,20.88870429747533,75.27296210730876
23797,MIZ/HNAH/84A16/2025/085,Mizoram,Hnahthial,,Pangzawl,23.081023,92.897247,Debris,Slide,31 May 2025,1,2025-05-31,True,41.1,411.0,ok,749.0,38.8070235607589,79.57473022696067
23798,MIZ/HNAH/84A16/2025/086,Mizoram,Hnahthial,,Pangzawl,23.084343,92.898597,Debris,Slide,31 May 2025,1,2025-05-31,True,41.1,411.0,ok,767.0,28.69673349323937,42.39964970826789
23799,MIZ/HNAH/84A16/2025/087,Mizoram,Hnahthial,,Pangzawl,23.170678,92.899334,Rock,Slide,01 June 2025,1,2025-06-01,True,123.8,1238.0,ok,869.0,4.210824850958265,331.45954360701023
23800,MIZ/SER/84A16/2025/088,Mizoram,Serchhip,,Bungtlang,23.180345,92.900082,Debris,Slide,01 June 2025,1,2025-06-01,True,127.1,1271.0,ok,791.0,33.75896097743671,90.0
23801,MIZ/SER/84A16/2025/089,Mizoram,Serchhip,,Bungtlang Vengsang,23.187383,92.89826,Earth,Slide,01 June 2025,1,2025-06-01,True,123.8,1238.0,ok,885.0,26.63679510106613,182.00984383509288
23802,MIZ/SER/84A16/2025/090,Mizoram,Serchhip,,Bungtlang,23.187762,92.898034,Earth,slide,01 June 2025,1,2025-06-01,True,123.8,1238.0,ok,866.0,31.06470247317689,186.70766299103505
23803,MIZ/SER/84A16/2025/091,Mizoram,Serchhip,,Bungtlang,23.188273,92.898879,Earth,Slide,31 May 2025,1,2025-05-31,True,54.7,547.0,ok,827.0,22.045566936949584,151.45638142555936
23804,MIZ/SER/84A16/2025/092,Mizoram,Serchhip,,Bungtlang,23.193401,92.900218,Debris,Flow,29 May 2025,1,2025-05-29,True,45.1,451.0,ok,830.0,21.572039109250447,78.20033920575453
23805,MIZ/SER/84A16/2025/093,Mizoram,Serchhip,,Bungtlang,23.198119,92.899566,Debris,Slide,31 May 2025,1,2025-05-31,True,54.7,547.0,ok,904.0,14.887902400037436,83.0130649697893
23806,MIZ/SER/84A16/2025/094,Mizoram,Serchhip,,NH 54,23.223594,92.914767,Debris,Slide,31 May 2025,1,2025-05-31,True,52.6,526.0,ok,760.0,24.618041920524192,112.84063007086098
23807,MIZ/SER/84A16/2025/095,Mizoram,Serchhip,,NH 54,23.225227,92.912496,Debris,Slide,31 May 2025,1,2025-05-31,True,52.6,526.0,ok,734.0,42.71250576982676,183.27791276489012
23809,MIZ/SER/84A15/2025/097,Mizoram,Serchhip,,"P&E Veng, Serchhip",23.322039,92.859147,Debris,Slide,31 May 2025,1,2025-05-31,True,45.3,453.0,ok,1006.0,25.659103176275405,72.36604563362411
23810,MIZ/SER/84A15/2025/098,Mizoram,Serchhip,,"P&E Veng, Serchhip",23.319156,92.857722,Debris,Slide,31 May 2025,1,2025-05-31,True,45.3,453.0,ok,1038.0,19.3303198185828,14.535262366395584
23811,MIZ/SER/84A15/2025/099,Mizoram,Serchhip,,"P&E Veng, Serchhip",23.317543,92.858683,Debris,Slide,31 May 2025,1,2025-05-31,True,45.3,453.0,ok,1030.0,25.40727267142591,125.3600814290555
23812,MIZ/SER/84A15/2025/100,Mizoram,Serchhip,,"P&E Veng, Serchhip",23.318568,92.852294,Debris,Slide,31 May 2025,1,2025-05-31,True,45.3,453.0,ok,810.0,12.644054392234448,239.6986564568622
23813,MIZ/SER/84A15/2025/101,Mizoram,Serchhip,,"P&E Veng, Serchhip",23.323423,92.860926,Earth,Slide,31 May 2025,1,2025-05-31,True,45.3,453.0,ok,989.0,11.449695267962392,44.06810176245509
23814,MIZ/SER/84A15/2025/102,Mizoram,Serchhip,,"P&E Veng, Serchhip",23.319412,92.855415,Debris,Slide,31 May 2025,1,2025-05-31,True,45.3,453.0,ok,950.0,24.2890610282604,304.97919496572035
23815,MIZ/SER/84A15/2025/103,Mizoram,Serchhip,,"P&E Veng, Serchhip",23.319184,92.856725,Debris,Flow,31 May 2025,1,2025-05-31,True,45.3,453.0,ok,1024.0,28.722603333827266,264.9215178523067
23816,MIZ/SER/84A15/2025/104,Mizoram,Serchhip,,"Field Veng, Serchhip",23.309286,92.850807,Debris,Flow,31 May 2025,1,2025-05-31,True,45.3,453.0,ok,972.0,23.43929257467769,257.0692455786582
23817,MIZ/SER/84A15/2025/105,Mizoram,Serchhip,,"Field Veng, Serchhip",23.10112,92.852784,Earth,Slide,31 May 2025,1,2025-05-31,True,54.7,547.0,ok,772.0,18.635149138107945,51.43912897061865
23818,MIZ/SER/84A15/2025/106,Mizoram,Serchhip,,"Ramthlun Veng, Serchhip",23.309914,92.853522,Earth,Slide,31 May 2025,1,2025-05-31,True,45.3,453.0,ok,969.0,29.37645734248486,143.54003211550636
23819,MIZ/SER/84A15/2025/107,Mizoram,Serchhip,,"AOC, Serchhip",23.315273,92.856524,Debris,Slide,31 May 2025,1,2025-05-31,True,45.3,453.0,ok,971.0,33.811120970592874,305.4118225186701
23820,MIZ/SER/84A15/2025/108,Mizoram,Serchhip,,Serchhip,23.311529,92.85443,Debris,Slide,31 May 2025,1,2025-05-31,True,45.3,453.0,ok,958.0,34.59437255870282,275.38089764803505
23821,MIZ/SER/84A15/2025/109,Mizoram,Serchhip,,Serchhip,23.31637,92.854172,Debris,Slide,31 May 2025,1,2025-05-31,True,45.3,453.0,ok,895.0,22.110080287331943,265.4343297699519
23822,MIZ/SER/84A15/2025/110,Mizoram,Serchhip,,"Chandmari, Serchhip",23.310074,92.858498,Debris,Slide,31 May 2025,1,2025-05-31,True,45.3,453.0,ok,999.0,31.38041347897085,322.68482995885773
23823,MIZ/SER/84A15/2025/111,Mizoram,Serchhip,,"Chandmari, Serchhip",23.309295,92.860017,Debris,Slide,31 May 2025,1,2025-05-31,True,45.3,453.0,ok,997.0,19.19671382164763,300.7207846623569
23824,MIZ/SER/84A15/2025/112,Mizoram,Serchhip,,"Chandmari, Serchhip",23.308629,92.860039,Earth,Slide,31 May 2025,1,2025-05-31,True,45.3,453.0,ok,993.0,17.605778931837868,272.920783281279
23825,MIZ/SER/84A15/2025/113,Mizoram,Serchhip,,Serchhip,23.308778,92.858357,Debris,Slide,31 May 2025,1,2025-05-31,True,45.3,453.0,ok,960.0,21.97618055490529,73.71091651383328
23826,MIZ/SER/84A15/2025/114,Mizoram,Serchhip,,Serchhip,23.300837,92.855693,Debris,Slide,31 May 2025,1,2025-05-31,True,45.3,453.0,ok,937.0,37.124751704087394,156.71021903380716
23827,MIZ/SER/84A15/2025/115,Mizoram,Serchhip,,Serchhip,23.300787,92.853572,Debris,Slide,31 May 2025,1,2025-05-31,True,45.3,453.0,ok,997.0,32.79688714530482,141.0680094342604
23828,MIZ/SER/84A15/2025/116,Mizoram,Serchhip,,Serchhip,23.305323,92.852358,Debris,Slide,31 May 2025,1,2025-05-31,True,45.3,453.0,ok,1070.0,29.48726064115841,94.92108169662473
23830,MIZ/SER/84A15/2025/118,Mizoram,Serchhip,,"Chandmari, Serchhip",23.304746,92.862109,Debris,Slide,08 June 2025,1,2025-06-08,True,25.9,259.0,ok,1005.0,33.795482924084155,312.5647897694922
23831,MIZ/SER/84A15/2025/119,Mizoram,Serchhip,,Serchhip,23.298928,92.857435,Debris,Slide,31 May 2025,1,2025-05-31,True,50.1,501.0,ok,941.0,19.78013999296581,171.55493807516604
23832,MIZ/SER/84A15/2025/120,Mizoram,Serchhip,,"Chandmari, Serchhip",23.310846,92.858915,Debris,Flow,31 May 2025,1,2025-05-31,True,45.3,453.0,ok,1053.0,30.5088944183659,325.40882387007844
23833,MIZ/SER/84A15/2025/121,Mizoram,Serchhip,,"Chandmari, Serchhip",23.311335,92.858026,Debris,Slide,31 May 2025,1,2025-05-31,True,45.3,453.0,ok,1056.0,23.895842062323528,323.40893455920843
23835,MIZ/SER/84A15/2025/123,Mizoram,Serchhip,,"Saron, Serchhip",23.3057,92.852802,Debris,Slide,31 May 2025,1,2025-05-31,True,45.3,453.0,ok,1023.0,32.576808817106055,97.2691956259487
23836,MIZ/SER/84A15/2025/124,Mizoram,Serchhip,,"Chhim Veng, Serchhip",23.307093,92.856289,Debris,Slide,01 June 2025,1,2025-06-01,True,128.0,1280.0,ok,981.0,18.778945505164906,357.0318629505403
23837,MIZ/SER/84A15/2025/125,Mizoram,Serchhip,,"Chhim Veng, Serchhip",23.307524,92.857678,Debris,Subsidence,01 June 2025,1,2025-06-01,True,128.0,1280.0,ok,960.0,29.242885114253543,41.33037598054956
23838,MIZ/SER/84A15/2025/126,Mizoram,Serchhip,,"Chhim Veng, Serchhip",23.305939,92.857538,Debris,Flow,01 June 2025,1,2025-06-01,True,128.0,1280.0,ok,922.0,28.11723382542493,81.29742137172913
23839,MIZ/SER/84A15/2025/127,Mizoram,Serchhip,,"Dinthar, Serchhip",23.303906,92.853173,Debris,Flow,01 June 2025,1,2025-06-01,True,128.0,1280.0,ok,1037.0,38.85214208110415,79.59171151704622
23840,MIZ/SER/84A15/2025/128,Mizoram,Serchhip,,"Dinthar, Serchhip",23.301381,92.853078,Debris,Flow,31 May 2025,1,2025-05-31,True,45.3,453.0,ok,980.0,24.91650742870185,150.48235570574997
23841,MIZ/SER/84A15/2025/129,Mizoram,Serchhip,,"Dinthar, Serchhip",23.299628,92.855609,Debris,Slide,31 May 2025,1,2025-05-31,True,50.1,501.0,ok,950.0,25.88004842495293,78.46438189762934
23842,MIZ/SER/84A15/2025/130,Mizoram,Serchhip,,"Dinthar, Serchhip",23.298137,92.857412,Earth,Slide,29 May 2025,1,2025-05-29,True,47.7,477.0,ok,929.0,23.28077684121684,47.43379212537247
23843,MIZ/SER/84A15/2025/131,Mizoram,Serchhip,,Serchhip,23.293453,92.858089,Debris,Slide,30 May 2025,1,2025-05-30,True,209.0,2090.0,ok,892.0,22.90922270046461,163.04628041958543
23845,MIZ/SER/84A15/2025/133,Mizoram,Serchhip,,"Dinthar, Serchhip",23.298166,92.858694,Earth,Slide,31 May 2025,1,2025-05-31,True,50.1,501.0,ok,907.0,21.387693635182828,7.750196622296968
23846,MIZ/SER/84A15/2025/134,Mizoram,Serchhip,,New Serchhip,23.346456,92.851511,Debris,Slide,01 June 2025,1,2025-06-01,True,128.0,1280.0,ok,906.0,29.37295512385726,290.1657668776395
23847,MIZ/SER/84A15/2025/135,Mizoram,Serchhip,,New Serchhip,23.3466,92.854847,Debris,Slide,01 June 2025,1,2025-06-01,True,128.0,1280.0,ok,897.0,16.100430482300627,17.76266274193003
23849,MIZ/SER/84A15/2025/137,Mizoram,Serchhip,,Serchhip Bypass road,23.301587,92.868485,Debris,Slide,31 May 2025,1,2025-05-31,True,45.3,453.0,ok,864.0,24.253209964878582,30.530875169685963
23850,MIZ/SER/84A15/2025/138,Mizoram,Serchhip,,Serchhip Bypass road,23.313996,92.863984,Debris,Flow,31 May 2025,1,2025-05-31,True,45.3,453.0,ok,916.0,19.45152164855444,71.3072974737346
23852,MIZ/SER/84A15/2025/140,Mizoram,Serchhip,,Serchhip Bypass road,23.3228,92.862406,Debris,Slide,31 May 2025,1,2025-05-31,True,45.3,453.0,ok,946.0,19.089992344289232,20.86402825906048
23853,MIZ/SER/84A15/2025/141,Mizoram,Serchhip,,NH 54,23.286141,92.868152,Debris,Slide,31 May 2025,1,2025-05-31,True,50.1,501.0,ok,985.0,35.3278023335693,276.54989054631386
23854,MIZ/SER/84A15/2025/142,Mizoram,Serchhip,,NH 54,23.281219,92.869608,Debris,Flow,31 May 2025,1,2025-05-31,True,50.1,501.0,ok,1046.0,50.9584343244126,293.98596697505184
23855,MIZ/SER/84A15/2025/143,Mizoram,Serchhip,,NH 54,23.274148,92.871011,Debris,Flow,31 May 2025,1,2025-05-31,True,50.1,501.0,ok,1089.0,25.39070345368147,292.0083073382753
23856,MIZ/SER/84A15/2025/144,Mizoram,Serchhip,,NH 54,23.272548,92.874296,Earth,Slide,31 May 2025,1,2025-05-31,True,50.1,501.0,ok,1024.0,34.42690302226077,330.7949947068481
23857,MIZ/SER/84A15/2025/145,Mizoram,Serchhip,,NH 54,23.271227,92.874544,Debris,Slide,01 June 2025,1,2025-06-01,True,124.5,1245.0,ok,945.0,29.83991562866481,312.57197741557377
23858,MIZ/SER/84A15/2025/146,Mizoram,Serchhip,,NH 54,23.270548,92.877577,Debris,Flow,01 June 2025,1,2025-06-01,True,124.5,1245.0,ok,1087.0,33.0691107905097,308.3770864923513
23859,MIZ/SER/84A15/2025/147,Mizoram,Serchhip,,NH 54,23.67701,92.87895,Debris,Flow,01 June 2025,1,2025-06-01,True,126.6,1266.0,ok,407.0,18.91722699445784,55.516078915170176
23860,MIZ/SER/84A16/2025/148,Mizoram,Serchhip,,Keitum,23.243855,92.905242,Debris,Slide,31 May 2025,1,2025-05-31,True,52.6,526.0,ok,745.0,35.228267977050216,323.26646790927646
23861,MIZ/SER/84A15/2025/149,Mizoram,Serchhip,,Serchhip - Thenzawl road,23.286735,92.85703,Debris,Slide,31 May 2025,1,2025-05-31,True,50.1,501.0,ok,882.0,34.728970329215684,47.43134662184546
23862,MIZ/SER/84A15/2025/150,Mizoram,Serchhip,,Serchhip - Thenzawl road,23.284565,92.857096,Debris,Slide,31 May 2025,1,2025-05-31,True,50.1,501.0,ok,830.0,31.110939058995,128.04214924012496
23863,MIZ/SER/84A15/2025/151,Mizoram,Serchhip,,Serchhip - Thenzawl road,23.281443,92.840145,Debris,Slide,01 June 2025,1,2025-06-01,True,124.5,1245.0,ok,662.0,42.887819448813694,238.5174072764167
23864,MIZ/SER/84A15/2025/152,Mizoram,Serchhip,,Serchhip - Thenzawl road,23.280947,92.8367,Rock,Slide,01 June 2025,1,2025-06-01,True,124.5,1245.0,ok,621.0,38.171657656090005,32.50741825986859
23865,MIZ/SER/84A15/2025/153,Mizoram,Serchhip,,Serchhip - Thenzawl road,23.288276,92.830821,Debris,Slide,31 May 2025,1,2025-05-31,True,50.1,501.0,ok,550.0,25.334943275818954,328.63052456503914
23866,MIZ/SER/84A11/2025/154,Mizoram,Serchhip,,Thenzawl - Buarpui road,23.293863,92.741368,Debris,slide,01 June 2025,1,2025-06-01,True,130.1,1301.0,ok,771.0,26.65543113029633,312.567124718027
23867,MIZ/SER/84A11/2025/155,Mizoram,Serchhip,,Thenzawl - Buarpui road,23.295774,92.740012,Debris,slide,01 June 2025,1,2025-06-01,True,130.1,1301.0,ok,745.0,25.046093909545565,311.10638209845206
23868,MIZ/SER/84A11/2025/156,Mizoram,Serchhip,,Thenzawl - Buarpui road,23.30265,92.742945,Debris,slide,01 June 2025,1,2025-06-01,True,124.7,1247.0,ok,698.0,26.00138397164462,244.47167063504696
23869,MIZ/SER/84A11/2025/157,Mizoram,Serchhip,,Thenzawl - Buarpui road,23.307135,92.707624,Debris,Flow,31 May 2025,1,2025-05-31,True,49.8,498.0,ok,458.0,34.73120128468471,47.43572295190116
23870,MIZ/SER/84A11/2025/158,Mizoram,Serchhip,,Thenzawl - Buarpui road,23.306409,92.706083,Debris,Slide,31 May 2025,1,2025-05-31,True,49.8,498.0,ok,415.0,24.760460251370915,348.9968657263703
23871,MIZ/SER/84A11/2025/159,Mizoram,Serchhip,,Thenzawl - Buarpui road,23.306012,92.704212,Debris,Flow,31 May 2025,1,2025-05-31,True,49.8,498.0,ok,433.0,27.55535715185783,333.98287357891843
23872,MIZ/SER/84A11/2025/160,Mizoram,Serchhip,,Thenzawl - Buarpui road,23.300291,92.69577,Debris,Flow,01 June 2025,1,2025-06-01,True,129.9,1299.0,ok,358.0,27.187200586997022,38.09411286960347
23873,MIZ/SER/84A11/2025/161,Mizoram,Serchhip,,Thenzawl - Buarpui road,23.299806,92.694901,Debris,Flow,01 June 2025,1,2025-06-01,True,136.9,1369.0,ok,347.0,23.653266169719128,4.611003194767562
23874,MIZ/SER/84A11/2025/162,Mizoram,Serchhip,,Thenzawl - Buarpui road,23.299312,92.692614,Debris,Flow,01 June 2025,1,2025-06-01,True,136.9,1369.0,ok,418.0,16.670380358738328,13.601503332081336
23875,MIZ/LUNG/84A11/2025/163,Mizoram,Lunglei,,Thenzawl - Buarpui road,23.297521,92.689449,Debris,Flow,01 June 2025,1,2025-06-01,True,136.9,1369.0,ok,311.0,27.578737894212303,338.23725269255385
23876,MIZ/LUNG/84A11/2025/164,Mizoram,Lunglei,,Thenzawl - Buarpui road,23.30374,92.672816,Debris,Slide,01 June 2025,1,2025-06-01,True,129.9,1299.0,ok,553.0,10.511248618936772,163.4610819578146
23877,MIZ/LUNG/84A11/2025/165,Mizoram,Lunglei,,Thenzawl - Buarpui road,23.304123,92.671521,Debris,Flow,01 June 2025,1,2025-06-01,True,129.9,1299.0,ok,574.0,31.37999466652601,142.68606599567198
23878,MIZ/LUNG/84A11/2025/166,Mizoram,Lunglei,,Thenzawl - Buarpui road,23.306105,92.671296,Debris,Flow,01 June 2025,1,2025-06-01,True,129.9,1299.0,ok,517.0,28.018830928070567,83.01866499112849
23879,MIZ/LUNG/84A11/2025/167,Mizoram,Lunglei,,Thenzawl - Buarpui road,23.306338,92.666573,Debris,Flow,01 June 2025,1,2025-06-01,True,129.9,1299.0,ok,686.0,27.91263109914913,152.2713258668404
23880,MIZ/LUNG/84A11/2025/168,Mizoram,Lunglei,,New Khawlek,23.32044,92.643229,Debris,Slide,01 June 2025,1,2025-06-01,True,129.9,1299.0,ok,718.0,12.103713964441408,138.93859553617827
23881,MIZ/LUNG/84A11/2025/169,Mizoram,Lunglei,,Thenzawl - Buarpui road,23.301901,92.649401,Debris,Slide,01 June 2025,1,2025-06-01,True,129.9,1299.0,ok,725.0,23.438189695862903,282.9314482843513
23882,MIZ/LUNG/84A12/2025/170,Mizoram,Lunglei,,Buarpui,23.246611,92.655112,Debris,Slide,01 June 2025,1,2025-06-01,True,136.9,1369.0,ok,405.0,21.66224847531248,248.50658753531368
23883,MIZ/LUNG/84A12/2025/171,Mizoram,Lunglei,,West Bungtlang to Changpui road,23.2388,92.636923,Earth,Slide,01 June 2025,1,2025-06-01,True,136.9,1369.0,ok,793.0,22.908506516236457,163.05283379873427
23884,MIZ/LUNG/84A12/2025/172,Mizoram,Lunglei,,West Bungtlang to Changpui road,23.234538,92.637234,Debris,Slide,01 June 2025,1,2025-06-01,True,136.9,1369.0,ok,817.0,21.89421958380148,298.86964521059895
23885,MIZ/LUNG/84A12/2025/173,Mizoram,Lunglei,,West Bungtlang to Changpui road,23.206413,92.632701,Debris,Slide,01 June 2025,1,2025-06-01,True,136.9,1369.0,ok,549.0,18.78280729906028,211.1513593201848
23886,MIZ/LUNG/84A12/2025/174,Mizoram,Lunglei,,West Bungtlang to Changpui road,23.197283,92.632661,Earth,Slide,01 June 2025,1,2025-06-01,True,120.7,1207.0,ok,591.0,23.796670209784427,94.20552282268098
23887,MIZ/LUNG/84A12/2025/175,Mizoram,Lunglei,,Changpui,23.174558,92.612556,Earth,Slide,01 June 2025,1,2025-06-01,True,120.7,1207.0,ok,771.0,3.834647564637801,195.21328766997337
23888,MIZ/LUNG/84A12/2025/176,Mizoram,Lunglei,,Changpui,23.1739,92.611378,Debris,Slide,01 June 2025,1,2025-06-01,True,120.7,1207.0,ok,785.0,13.156266830323194,258.0223140883565
23889,MIZ/LUNG/84A12/2025/177,Mizoram,Lunglei,,Changpui,23.173258,92.611929,Debris,Flow,01 June 2025,1,2025-06-01,True,120.7,1207.0,ok,793.0,17.653331202499288,275.83233861271344
23890,MIZ/LUNG/84A12/2025/178,Mizoram,Lunglei,,Changpui,23.17252,92.611434,Debris,Flow,01 June 2025,1,2025-06-01,True,120.7,1207.0,ok,806.0,19.125187833693094,168.2944240443383
23891,MIZ/LUNG/84A12/2025/179,Mizoram,Lunglei,,Changpui,23.172659,92.611828,Earth,Slide,01 June 2025,1,2025-06-01,True,120.7,1207.0,ok,800.0,17.835894986333983,225.28674735323887
23892,MIZ/LUNG/84A12/2025/180,Mizoram,Lunglei,,Thenhlum,23.198272,92.589291,Earth,Slide,01 June 2025,1,2025-06-01,True,114.6,1146.0,ok,704.0,4.729868501064711,167.72419197871545
23893,MIZ/LUNG/84A12/2025/181,Mizoram,Lunglei,,Thenhlum,23.198961,92.590043,Earth,Slide,01 June 2025,1,2025-06-01,True,114.6,1146.0,ok,687.0,20.928184809847654,152.61217357104613
23894,MIZ/LUNG/84A12/2025/182,Mizoram,Lunglei,,Thenhlum,23.199095,92.586671,Earth,Flow,01 June 2025,1,2025-06-01,True,114.6,1146.0,ok,719.0,7.635342257674028,164.7840508368052
23895,MIZ/LUNG/84A12/2025/183,Mizoram,Lunglei,,Thenhlum,23.199415,92.585883,Earth,Flow,01 June 2025,1,2025-06-01,True,114.6,1146.0,ok,709.0,16.478167726738096,169.72228428124862
23896,MIZ/LUNG/84A12/2025/184,Mizoram,Lunglei,,Thenhlum,23.200105,92.584517,Debris,Flow,01 June 2025,1,2025-06-01,True,135.8,1358.0,ok,705.0,15.37003046851347,180.0
23897,MIZ/LUNG/84A12/2025/185,Mizoram,Lunglei,,Thenhlum to West Bunghmun road,23.200655,92.5813,Debris,Flow,01 June 2025,1,2025-06-01,True,135.8,1358.0,ok,737.0,24.61487802757079,112.84414944119531
23898,MIZ/LUNG/84A12/2025/186,Mizoram,Lunglei,,Thenhlum to West Bunghmun road,23.201843,92.579666,Debris,Flow,01 June 2025,1,2025-06-01,True,135.8,1358.0,ok,728.0,17.82521674875031,138.96384378683277
23899,MIZ/LUNG/84A12/2025/187,Mizoram,Lunglei,,Thenhlum to West Bunghmun road,23.202247,92.57903,Debris,Flow,01 June 2025,1,2025-06-01,True,135.8,1358.0,ok,736.0,24.352146836618893,135.60218604624967
23900,MIZ/LUNG/84A12/2025/188,Mizoram,Lunglei,,Thenhlum to West Bunghmun road,23.203107,92.577972,Debris,Flow,01 June 2025,1,2025-06-01,True,135.8,1358.0,ok,749.0,20.37428654829221,121.4975782781241
23901,MIZ/LUNG/84A12/2025/189,Mizoram,Lunglei,,Thenhlum to West Bunghmun road,23.203903,92.576807,Debris,Flow,01 June 2025,1,2025-06-01,True,135.8,1358.0,ok,756.0,21.645970783058434,153.68528532169682
23902,MIZ/LUNG/84A12/2025/190,Mizoram,Lunglei,,Thenhlum to West Bunghmun road,23.204282,92.576174,Debris,Flow,01 June 2025,1,2025-06-01,True,135.8,1358.0,ok,770.0,26.10228764281159,142.37940272645622
23903,MIZ/LUNG/84A12/2025/191,Mizoram,Lunglei,,Thenhlum to West Bunghmun road,23.204481,92.575792,Earth,Slide,01 June 2025,1,2025-06-01,True,135.8,1358.0,ok,768.0,28.72657902909512,135.07608738166823
23904,MIZ/LUNG/84A12/2025/192,Mizoram,Lunglei,,Thenhlum to West Bunghmun road,23.205193,92.574684,Debris,Flow,01 June 2025,1,2025-06-01,True,135.8,1358.0,ok,774.0,37.77192469155231,122.85654922063964
23905,MIZ/LUNG/84A12/2025/193,Mizoram,Lunglei,,Thenhlum to West Bunghmun road,23.214589,92.572672,Debris,Slide,01 June 2025,1,2025-06-01,True,135.8,1358.0,ok,818.0,19.19207549796834,106.1838690188846
23906,MIZ/LUNG/84A12/2025/194,Mizoram,Lunglei,,Thenhlum to West Bunghmun road,23.212919,92.558022,Debris,Flow,01 June 2025,1,2025-06-01,True,135.8,1358.0,ok,863.0,14.316036001250898,63.67051824378261
23907,MIZ/LUNG/84A12/2025/195,Mizoram,Lunglei,,Thenhlum to West Bunghmun road,23.207082,92.509726,Debris,Slide,01 June 2025,1,2025-06-01,True,135.8,1358.0,ok,735.0,10.141735214130286,280.4156845993152
23908,MIZ/LUNG/84A12/2025/196,Mizoram,Lunglei,,Thenhlum to West Bunghmun road,23.195616,92.546251,Debris,Slide,01 June 2025,1,2025-06-01,True,114.6,1146.0,ok,579.0,16.32251222658861,253.9738589265342
23909,MIZ/LUNG/84A12/2025/197,Mizoram,Lunglei,,Thenhlum to West Bunghmun road,23.19796,92.543304,Debris,Slide,01 June 2025,1,2025-06-01,True,114.6,1146.0,ok,580.0,32.583606473827714,155.6143724113278
23910,MIZ/LUNG/84A12/2025/198,Mizoram,Lunglei,,Thenhlum to West Bunghmun road,23.190022,92.554302,Debris,Flow,01 June 2025,1,2025-06-01,True,114.6,1146.0,ok,631.0,17.2024728386766,340.0677033740224
23911,MIZ/LUNG/84A12/2025/199,Mizoram,Lunglei,,Thenhlum to West Bunghmun road,23.21035,92.539589,Debris,Slide,01 June 2025,1,2025-06-01,True,135.8,1358.0,ok,689.0,28.18828547030616,41.03796238111925
23912,MIZ/LUNG/84A12/2025/200,Mizoram,Lunglei,,Thenhlum to West Bunghmun road,23.208921,92.541174,Earth,Slide,01 June 2025,1,2025-06-01,True,135.8,1358.0,ok,669.0,22.28744366773108,120.85401435297048
23913,MIZ/LUNG/84A12/2025/201,Mizoram,Lunglei,,Thenhlum to West Bunghmun road,23.208823,92.53749,Debris,Slide,01 June 2025,1,2025-06-01,True,135.8,1358.0,ok,726.0,11.22339228414512,153.68444712960812
23914,MIZ/LUNG/84A12/2025/202,Mizoram,Lunglei,,Thenhlum to West Bunghmun road,23.206239,92.491221,Debris,Slide,01 June 2025,1,2025-06-01,True,128.3,1283.0,ok,645.0,20.28221299365866,45.568052034992014
23915,MIZ/LUNG/84A12/2025/203,Mizoram,Lunglei,,Thenhlum to West Bunghmun road,23.20549,92.543278,Earth,Slide,01 June 2025,1,2025-06-01,True,135.8,1358.0,ok,651.0,22.7453115523609,152.50937141597123
23916,MIZ/LUNG/84A12/2025/204,Mizoram,Lunglei,,Thenhlum to West Bunghmun road,23.219631,92.563324,Debris,Slide,01 June 2025,1,2025-06-01,True,135.8,1358.0,ok,922.0,25.576002821723392,331.45073853529266
23917,MIZ/LUNG/84A12/2025/205,Mizoram,Lunglei,,Tleu,23.204981,92.534603,Debris,Slide,01 June 2025,1,2025-06-01,True,135.8,1358.0,ok,776.0,6.302461175818009,28.54662403775376
23918,MIZ/LUNG/84A12/2025/206,Mizoram,Lunglei,,Tleu,23.206253,92.533605,Debris,Slide,01 June 2025,1,2025-06-01,True,135.8,1358.0,ok,791.0,15.200621284158178,283.7712349758148
23919,MIZ/LUNG/84A12/2025/207,Mizoram,Lunglei,,Tleu to West Bunghmun,23.209857,92.500587,Debris,Slide,01 June 2025,1,2025-06-01,True,135.8,1358.0,ok,611.0,21.698387162489578,347.22808416569103
23920,MIZ/LUNG/84A08/2025/208,Mizoram,Lunglei,,Tleu to West Bunghmun,23.206239,92.491221,Debris,Slide,01 June 2025,1,2025-06-01,True,128.3,1283.0,ok,645.0,20.28221299365866,45.568052034992014
23921,MIZ/LUNG/84A08/2025/209,Mizoram,Lunglei,,Tleu to West Bunghmun,23.199961,92.488796,Debris,Slide,01 June 2025,1,2025-06-01,True,121.3,1213.0,ok,725.0,13.951320720259972,112.9874548040804
23922,MIZ/LUNG/84A08/2025/210,Mizoram,Lunglei,,West Bunghmun,23.17824,92.491031,Debris,Slide,01 June 2025,1,2025-06-01,True,121.3,1213.0,ok,762.0,18.65979298319657,98.25881819448315
23923,MIZ/LUNG/84A08/2025/211,Mizoram,Lunglei,,West Bunghmun,23.180969,92.488193,Debris,Slide,01 June 2025,1,2025-06-01,True,121.3,1213.0,ok,773.0,15.743094966442918,273.28826438870885
23924,MIZ/LUNG/84A08/2025/212,Mizoram,Lunglei,,West Bunghmun cemetary,23.180354,92.486971,Debris,Slide,01 June 2025,1,2025-06-01,True,121.3,1213.0,ok,744.0,8.909008679176942,308.2362020347396
23925,MIZ/LUNG/84A08/2025/213,Mizoram,Lunglei,,West Bunghmun,23.182466,92.487731,Debris,Flow,01 June 2025,1,2025-06-01,True,121.3,1213.0,ok,785.0,8.37681402868043,208.54257461605323
23926,MIZ/LUNG/84A12/2025/214,Mizoram,Lunglei,,Tleu,23.204706,92.533825,Debris,Flow,01 June 2025,1,2025-06-01,True,135.8,1358.0,ok,775.0,11.84496920372536,247.32609223532927
23927,MIZ/LUNG/84A11/2025/215,Mizoram,Lunglei,,West Bungtlang,23.251004,92.63667,Debris,Flow,01 June 2025,1,2025-06-01,True,136.9,1369.0,ok,749.0,8.891777220124474,34.22536726684487
23928,MIZ/SER/84A16/2025/216,Mizoram,Serchhip,,Keitum,23.234898,92.911307,Earth,Slide,01 June 2025,1,2025-06-01,True,118.4,1184.0,ok,670.0,10.082605703032954,117.0441910268917
23929,MIZ/SER/84A16/2025/217,Mizoram,Serchhip,,Serchhip to Khawbung S road,23.225619,92.924909,Earth,Slide,01 June 2025,1,2025-06-01,True,118.4,1184.0,ok,451.0,32.39634978978827,186.368369010589
23930,MIZ/SER/84A16/2025/218,Mizoram,Serchhip,,Serchhip to Khawbung S road,23.223807,92.944448,Debris,Flow,01 June 2025,1,2025-06-01,True,118.4,1184.0,ok,485.0,8.377397313814779,28.55001363619292
23931,MIZ/SER/84A16/2025/219,Mizoram,Serchhip,,Khawlailung,23.21795,92.998007,Debris,Slide,01 June 2025,1,2025-06-01,True,118.4,1184.0,ok,1110.0,32.068995328729336,296.0227897554573
23932,MIZ/SER/84A16/2025/220,Mizoram,Serchhip,,Khawlailung,23.217324,92.99812,Debris,Flow,01 June 2025,1,2025-06-01,True,118.4,1184.0,ok,1082.0,18.979752380565102,256.4042814008703
23933,MIZ/SER/84E04/2025/221,Mizoram,Serchhip,,Serchhip to Khawbung S road,23.19917,93.000199,Debris,Flow,01 June 2025,1,2025-06-01,True,117.6,1176.0,ok,768.0,36.87379236933969,337.9605732388938
23934,MIZ/SER/84E04/2025/222,Mizoram,Serchhip,,Serchhip to Khawbung S road,23.1915,93.011024,Debris,Slide,31 May 2025,1,2025-05-31,True,37.8,378.0,ok,875.0,40.60066037479898,317.36921835678675
23935,MIZ/SER/84E04/2025/223,Mizoram,Serchhip,,Serchhip to Khawbung S road,23.183361,93.066742,Debris,Slide,31 May 2025,1,2025-05-31,True,37.8,378.0,ok,1033.0,30.441966671090388,155.22622981836588
23937,MIZ/KHAW/84E04/2025/225,Mizoram,Khawzawl,,Serchhip to Khawbung S road,23.229765,93.127521,Earth,Slide,31 May 2025,1,2025-05-31,True,35.2,352.0,ok,1009.0,28.06414393322735,328.12496283672573
23938,MIZ/KHAW/84E04/2025/226,Mizoram,Khawzawl,,Serchhip to Khawbung S road,23.2066,93.148665,Debris,Slide,01 June 2025,1,2025-06-01,True,101.4,1014.0,ok,830.0,32.64921389808645,278.70896610061084
23939,MIZ/KHAW/84E04/2025/227,Mizoram,Khawzawl,,Serchhip to Khawbung S road,23.197704,93.163019,Debris,Slide,31 May 2025,1,2025-05-31,True,30.4,304.0,ok,546.0,32.11065665225974,302.757463549098
23940,MIZ/CHAM/84E04/2025/228,Mizoram,Champhai,,Serchhip to Vaphai road,23.198136,93.166988,Debris,Flow,01 June 2025,1,2025-06-01,True,103.1,1031.0,ok,663.0,27.90847037067723,332.2904694023412
23941,MIZ/CHAM/84E04/2025/229,Mizoram,Champhai,,Serchhip to Vaphai road,23.177311,93.198157,Debris,Flow,01 June 2025,1,2025-06-01,True,103.1,1031.0,ok,1149.0,15.1976619311991,283.7741020855966
23943,MIZ/KHAW/84E08/2025/231,Mizoram,Khawzawl,,Vaphai,23.14788,93.323791,Debris,Slide,01 June 2025,1,2025-06-01,True,80.6,806.0,ok,1548.0,21.444889449617232,42.18589793769496
23944,MIZ/KHAW/84E03/2025/232,Mizoram,Khawzawl,,NH 6,23.486306,93.220639,Debris,Slide,12 June 2025,1,2025-06-12,True,0.0,0.0,ok,819.0,25.064055962432363,131.06555846727747
23945,MIZ/KHAW/84E02/2025/233,Mizoram,Khawzawl,,NH 6,23.544052,93.155591,Debris,Slide,14 June 2025,1,2025-06-14,True,15.2,152.0,ok,1004.0,26.79954319370218,129.808231759204
23946,MIZ/KHAW/84E02/2025/234,Mizoram,Khawzawl,,NH 6,23.545766,93.147931,Debris,Slide,14 June 2025,1,2025-06-14,True,15.2,152.0,ok,946.0,30.616641558088347,112.49015109888784
23947,MIZ/KHAW/84E02/2025/235,Mizoram,Khawzawl,,NH 6,23.5266,93.192968,Debris,Slide,14 June 2025,1,2025-06-14,True,15.2,152.0,ok,1187.0,29.308090803217244,133.73346915071596
23948,MIZ/SAI/84A14/2025/236,Mizoram,Saitual,,NH 6,23.667553,92.89259,Rock,Slide,15 June 2025,1,2025-06-15,True,54.3,543.0,ok,372.0,22.1804721783708,7.4643801484759535
23949,MIZ/SAI/84A14/2025/237,Mizoram,Saitual,,outside Maite,23.527592,92.984969,Debris,Subsidence,31 May 2025,1,2025-05-31,True,38.2,382.0,ok,1342.0,26.40415718119556,167.69460376674712
23950,MIZ/AIZ/84A14/2025/238,Mizoram,Aizawl,,NH 6,23.700835,92.877449,Debris,Slide,15 June 2025,1,2025-06-15,True,72.5,725.0,ok,527.0,23.80962697820156,42.870412017595605
23951,MIZ/AIZ/84A13/2025/239,Mizoram,Aizawl,,Sesawng,23.760466,92.848969,Debris,Flow,31 May 2025,1,2025-05-31,True,84.1,841.0,ok,829.0,14.793330487615783,348.42230965844203
23952,MIZ/AIZ/84A13/2025/240,Mizoram,Aizawl,,Mualmam,23.807952,92.834037,Earth,Slide,01 June 2025,1,2025-06-01,True,83.0,830.0,ok,534.0,40.60868889849944,124.45704677385449
23953,MIZ/AIZ/83D15/2025/241,Mizoram,Aizawl,,Zohmun,24.285871,92.94599,Debris,Slide,14 June 2025,1,2025-06-14,True,28.1,281.0,ok,904.0,23.87242608582307,320.1085649220419
23954,MIZ/AIZ/83D15/2025/242,Mizoram,Aizawl,,Zohmun,24.288014,92.946017,Earth,Slide,14 June 2025,1,2025-06-14,True,28.1,281.0,ok,923.0,28.708998885544567,283.66160107766615
23955,MIZ/AIZ/83D15/2025/243,Mizoram,Aizawl,,Mauchar,24.354658,92.925511,Debris,Slide,29 May 2025,1,2025-05-29,True,31.0,310.0,ok,689.0,14.225038030756012,50.368745635140186
23956,MIZ/AIZ/83D15/2025/244,Mizoram,Aizawl,,Mauchar,24.365715,92.930137,Debris,Slide,01 June 2025,1,2025-06-01,True,38.6,386.0,ok,610.0,35.085092265909644,308.42817648957373
23957,MIZ/AIZ/84A14/2025/245,Mizoram,Aizawl,,Sesawng,23.747519,92.853155,Debris,Slide,15 June 2025,1,2025-06-15,True,72.5,725.0,ok,808.0,31.71607864360277,283.61988963614215
23958,MZ/LUN/84B09/2017/0001,Mizoram,Lunglei,Phairuangkai Slide,"Phairuangkai-West Rotlang road, ChangpuiVeng, Phairuangkai.",22.82104167,92.63873333,Soil,Flow,12 June 2017,1,2017-06-12,True,136.5,1365.0,ok,94.0,16.86127532532514,148.60546948228125
23963,Mizoram/Aizawl/84A09/2018/0 02,Mizoram,Aizawl,Selesih Slide,"Near the Auditorium of Central Agricultural University (College of Veterinary Science and Animal Husbandry), Selesih village, Aizawl District, Mizoram",24.80375556,92.733375,Rock,Creep,28 April 2018,1,2018-04-28,True,2.7,27.0,ok,18.0,1.0204923733058204,270.0
23966,Mizoram/Aizawl/84A14/2020/0 01,Mizoram,Aizawl,Zemabawk landslide,"Zemabawk area near Bharat Petroleum, Zemabawk, along NH6/306A Aizawl-Seling- Champhai road",24.73197222,92.75988889,Rock,Slide,2 February 2020,1,2020-02-02,True,0.0,0.0,ok,19.0,1.019902774636568,270.0
23971,MZ/AZL/84A/10/2023/01,Mizoram,Aizawl,Vaivakawn landslide,"Vaivakawn, Aizawl",23.74150833,92.70785833,Rock,Slide,04 June 2023,1,2023-06-04,True,0.0,0.0,ok,888.0,37.35635939881985,137.849381432146
23976,MZ-31/2011,Mizoram,Aizawl,Naizawl rock fall,,23.70213889,92.71822222,,,22 May 2011,1,2011-05-22,True,0.7,7.0,ok,1060.0,42.224859082509326,121.11077129460944
23979,MZ/AZL/84A10/2016/01,Mizoram,Aizawl,Tlungvel slide,Tlungvel-Seling main road,23.60830556,92.85058333,Earth,Slide,17 September 2016,1,2016-09-17,True,5.9,59.0,ok,1111.0,33.053465242026064,299.7993540573918
23980,MZ/AZL/84A10/2016/02,Mizoram,Aizawl,Tlungvel Presbyterian church slide,Tlungvel village (near the Presbyterian church),23.61372222,92.85188889,Soil (insitu soil + regolith),Flow,17 September 2016,1,2016-09-17,True,5.9,59.0,ok,1066.0,22.84926864886222,105.58186274570892
23986,MIZ/AZL/84A11/2025/010,Mizoram,Aizawl,,Thiak road,23.4688,92.7208,Debris,slide,02 January 2025,1,2025-01-02,True,0.0,0.0,ok,1136.0,24.617566935781724,188.8521575668127
23992,MIZ/AZL/84A11/2025/020,Mizoram,Aizawl,,Thiak to N. Lungsai (Aizawl- Thenzawl-Lunglei SH),23.4807,92.7025,Debris,Slide,13 September 2025,1,2025-09-13,True,18.6,186.0,ok,997.0,25.86918462155857,126.8857257137341
23993,MIZ/AZL/84A11/2025/021,Mizoram,Aizawl,,Thiak to N. Lungsai (Aizawl- Thenzawl-Lunglei SH),23.4855,92.7033,Debris,Slide,02 July 2024,1,2024-07-02,True,39.6,396.0,ok,978.0,13.406514124378017,138.26445540803672
23995,MIZ/AZL/84A11/2025/023,Mizoram,Aizawl,,Aizawl-Thenzawl-Lunglei SH,23.4946,92.7044,Debris,Slide,25 August 2024,1,2024-08-25,True,10.7,107.0,ok,929.0,45.146096053727966,269.07822295856886
23999,MIZ/SER/84A12/2025/027,Mizoram,Serchhip,,Aizawl-Thenzawl-Lunglei SH,23.239287,92.74818,Debris,Slide,02 June 2025,1,2025-06-02,True,2.4,24.0,ok,748.0,11.535121053361726,71.52383931807283
24000,MIZ/SER/84A12/2025/028,Mizoram,Serchhip,,Buangpui,23.237356,92.744978,Earth,Slide,05 June 2025,1,2025-06-05,True,0.0,0.0,ok,774.0,7.118981445024938,25.004683152558016
24002,MIZ/LUN/84A12/2025/030,Mizoram,Lunglei,,Aizawl-Thenzawl-Lunglei SH,23.230114,92.740067,Earth,Slide,02 June 2025,1,2025-06-02,True,2.4,24.0,ok,781.0,16.11254044033246,77.06181793627006
24003,MIZ/LUN/84A12/2025/031,Mizoram,Lunglei,,2 kms north of Kanghmun S,23.229731,92.73968,Earth,Slide,24 May 2025,1,2025-05-24,True,0.5,5.0,ok,786.0,17.016533031627706,77.79937828469802
24004,MIZ/LUN/84A12/2025/032,Mizoram,Lunglei,,Outside Kanghmun S,23.226843,92.740266,Earth,Slide,02 June 2025,1,2025-06-02,True,2.4,24.0,ok,757.0,17.01620167366209,102.2008777487474
24005,MIZ/LUN/84A12/2025/033,Mizoram,Lunglei,,Kanghmun S,23.225357,92.74039,Earth,Slide,06 June 2025,1,2025-06-06,True,0.4,4.0,ok,756.0,10.520848060808152,58.50667277332076
24007,MIZ/LUN/84A12/2025/037,Mizoram,Lunglei,,Outside Kanghmun S Aizawl- Thenzawl-Lunglei SH,23.204595,92.73861,Debris,Slide,3 June 2025,1,2025-06-03,True,57.3,573.0,ok,795.0,33.20241976918705,207.1934438185528
24014,MIZ/LUN/84A12/2025/044,Mizoram,Lunglei,,South of Kanghmun S,23.201335,92.734857,Rock,Slide,02 June 2025,1,2025-06-02,True,2.4,24.0,ok,774.0,24.4001702437956,141.64665056924426
24015,MIZ/LUN/84A12/2025/045,Mizoram,Lunglei,,South of Kanghmun S,23.201614,92.734453,Rock,Slide,02 June 2025,1,2025-06-02,True,2.4,24.0,ok,763.0,27.12048890798274,139.26078626736808
24016,MIZ/LUN/84A12/2025/046,Mizoram,Lunglei,,South of Kanghmun S,23.201759,92.734328,Rock,Slide,02 June 2025,1,2025-06-02,True,2.4,24.0,ok,763.0,27.120499648425085,139.26075553437522
24018,MIZ/LUN/84A12/2025/048,Mizoram,Lunglei,,"Between Kanghmun S to Ramlaitui, Aizawl-Thenzawl- Lunglei SH",23.199924,92.73481,Earth,Slide,02 June 2025,1,2025-06-02,True,2.1,21.0,ok,752.0,20.90497010668423,104.71421318550568
24020,MIZ/LUN/84A12/2025/052,Mizoram,Lunglei,,"North of Ramlaitui, Aizawl- Thenzawl-Lunglei SH",23.197825,92.73502,Debris,Slide,15 June 2025,1,2025-06-15,True,30.6,306.0,ok,741.0,12.635796333836003,59.67604467893892
24023,MIZ/LUN/84A12/2025/055,Mizoram,Lunglei,,"North of Ramlaitui, Aizawl- Thenzawl-Lunglei SH",23.193237,92.734819,Debris,Slide,02 June 2025,1,2025-06-02,True,2.1,21.0,ok,793.0,27.213649022990825,97.22562041497048
24024,MIZ/LUN/84A12/2025/056,Mizoram,Lunglei,,"North of Ramlaitui, Aizawl- Thenzawl-Lunglei SH",23.191775,92.734778,Debris,Slide,06 June 2025,1,2025-06-06,True,0.0,0.0,ok,785.0,17.824674824021194,41.03401959788439
24025,MIZ/LUN/84A12/2025/057,Mizoram,Lunglei,,"North of Ramlaitui, Aizawl- Thenzawl-Lunglei SH",23.191747,92.73459,Debris,Slide,02 June 2025,1,2025-06-02,True,2.1,21.0,ok,785.0,17.824673317331925,41.03401365724492
24028,MIZ/LUN/84A12/2025/064,Mizoram,Lunglei,,"Outside Ramlaitui, Aizawl- Thenzawl-Lunglei SH",23.188245,92.734327,Rock,Slide,02 June 2025,1,2025-06-02,True,2.1,21.0,ok,812.0,26.223429112072203,145.1526127377208
24030,MIZ/LUN/84A12/2025/066,Mizoram,Lunglei,,"Outside Ramlaitui, Aizawl- Thenzawl-Lunglei SH",23.18675,92.735178,Debris,Slide,02 June 2025,1,2025-06-02,True,2.1,21.0,ok,850.0,27.369937305047,117.93803283411116
24031,MIZ/LUN/84A12/2025/067,Mizoram,Lunglei,,"Outside Ramlaitui, Aizawl- Thenzawl-Lunglei SH",23.186501,92.735632,Rock,Slide,13 September 2025,1,2025-09-13,True,17.6,176.0,ok,838.0,32.04211760590972,119.3968184217667
24032,MIZ/LUN/84A12/2025/068,Mizoram,Lunglei,,"Outside Ramlaitui, Aizawl- Thenzawl-Lunglei SH",23.186296,92.7356,Debris,Slide,13 September 2025,1,2025-09-13,True,17.6,176.0,ok,838.0,32.042087632288315,119.39685597210452
24033,MIZ/LUN/84A12/2025/069,Mizoram,Lunglei,,"Outside Ramlaitui, Aizawl- Thenzawl-Lunglei SH",23.186133,92.735682,Debris,Slide,13 September 2025,1,2025-09-13,True,17.6,176.0,ok,850.0,35.719087153528,144.04871954607677
24034,MIZ/LUN/84A12/2025/070,Mizoram,Lunglei,,Outside Ramlaitui,23.184091,92.738895,Debris,Slide,01 June 2025,1,2025-06-01,True,124.1,1241.0,ok,781.0,26.602852074261182,200.5621011722946
24041,MIZ/LUN/84A12/2025/084,Mizoram,Lunglei,,Aizawl-Thenzawl-Lunglei SH outside Ramlaitui,23.174341,92.740855,Debris,Slide,13 September 2025,1,2025-09-13,True,17.6,176.0,ok,786.0,24.24184182892916,77.55789382865373
24048,MIZ/LUN/84A12/2025/093,Mizoram,Lunglei,,South of Ramlaitui,23.164812,92.743396,Debris,Slide and Flow,02 June 2025,1,2025-06-02,True,2.1,21.0,ok,800.0,25.138230302455263,177.85203388046722
24059,MIZ/LUN/84A12/2025/105,Mizoram,Lunglei,,"Aizawl-Thenzawl-Lunglei SH, Ramlaitui to Sekhum",23.152289,92.746243,Debris,Slide,30 May 2025,1,2025-05-30,True,176.7,1767.0,ok,891.0,9.697916666164398,235.4099586030867
24068,MIZ/LUN/84A12/2025/114,Mizoram,Lunglei,,"Aizawl-Thenzawl-Lunglei SH, Ramlaitui to Sekhum",23.147798,92.749742,Debris,Slide,13 September 2025,1,2025-09-13,True,17.6,176.0,ok,905.0,19.18081781185856,59.24876668525416
24069,MIZ/LUN/84A16/2025/115,Mizoram,Lunglei,,"Aizawl-Thenzawl-Lunglei SH, Ramlaitui to Sekhum",23.144687,92.750609,Debris,Slide,06 June 2025,1,2025-06-06,True,0.0,0.0,ok,861.0,9.697550934693924,124.5915603660596
24072,MIZ/LUN/84A16/2025/119,Mizoram,Lunglei,,Sekhum,23.141474,92.750577,Debris,Slide,29 May 2025,1,2025-05-29,True,50.3,503.0,ok,838.0,32.15228429311397,287.9804530533153
24074,MIZ/LUN/84A16/2025/121,Mizoram,Lunglei,,Sekhum,23.139887,92.751646,Debris,Slide,30 May 2025,1,2025-05-30,True,176.7,1767.0,ok,860.0,13.235235322262588,26.652932974713067
24081,MIZ/LUN/84A12/2025/128,Mizoram,Lunglei,,Aizawl-Thenzawl-Lunglei SH Sekhum to N. Mualthuam,23.134961,92.747843,Debris,Slide and Flow,30 May 2025,1,2025-05-30,True,176.7,1767.0,ok,851.0,32.38961100262089,209.92942959991493
24086,MIZ/LUN/84A12/2025/133,Mizoram,Lunglei,,Aizawl-Thenzawl-Lunglei SH Sekhum to N. Mualthuam,23.131999,92.744413,Earth,Slide,13 September 2025,1,2025-09-13,True,17.6,176.0,ok,807.0,27.728409883928947,197.5211420149589
24100,MIZ/LUN/84A12/2025/150,Mizoram,Lunglei,,Mualthuam N,23.11239,92.745417,Earth,Slide,01 June 2025,1,2025-06-01,True,124.1,1241.0,ok,838.0,16.313646803341754,106.03558767928196
24102,MIZ/LUN/84A12/2025/152,Mizoram,Lunglei,,"Aizawl-Thenzawl-Lunglei SH, Mualthuam N Venghnuai",23.113126,92.74564,Earth,Slide,02 June 2025,1,2025-06-02,True,2.1,21.0,ok,833.0,23.726428306089023,90.0
24104,MIZ/LUN/84A12/2025/154,Mizoram,Lunglei,,"Aizawl-Thenzawl-Lunglei SH, Mualthuam N Venghnuai",23.108018,92.746279,Earth,Slide,30 May 2025,1,2025-05-30,True,176.7,1767.0,ok,763.0,15.538323980769764,62.27444157087254
24105,MIZ/LUN/84A12/2025/155,Mizoram,Lunglei,,Mualthuam N,23.10565,92.745979,Debris,Slide,30 May 2025,1,2025-05-30,True,176.7,1767.0,ok,711.0,19.062331157387128,314.5810439049488
24107,MIZ/LUN/84A12/2025/157,Mizoram,Lunglei,,Mualthuam N,23.104623,92.747711,Debris,Slide and flow,1 June 2025,1,2025-06-01,True,124.1,1241.0,ok,739.0,21.46916903899876,314.3415733324112
24111,MIZ/LUN/84A16/2025/161,Mizoram,Lunglei,,"Aizawl-Thenzawl-Lunglei SH, south of Mualthuam N",23.100785,92.751508,Earth,Slide,30 May 2025,1,2025-05-30,True,176.7,1767.0,ok,780.0,13.43330070756056,312.6083495111008
24112,MIZ/LUN/84A16/2025/162,Mizoram,Lunglei,,"Aizawl-Thenzawl-Lunglei SH, south of Mualthuam N",23.099615,92.752199,Earth,Slide,06 June 2025,1,2025-06-06,True,0.0,0.0,ok,780.0,9.49164623626332,47.391401831798
24114,MIZ/LUN/84A16/2025/164,Mizoram,Lunglei,,"Aizawl-Thenzawl-Lunglei SH, Near MPWD milestone 6kms to Haulawng",23.09459,92.753733,Earth,Slide and flow,13 September 2025,1,2025-09-13,True,19.8,198.0,ok,756.0,9.652398878003018,198.06306898912544
24115,MIZ/LUN/84A16/2025/165,Mizoram,Lunglei,,"Below Aizawl-Thenzawl-Lunglei SH, Mualthuam N to Saichhoh",23.092076,92.752286,Earth,Slide,13 September 2025,1,2025-09-13,True,19.8,198.0,ok,754.0,21.15459727720713,245.3005077231692
24120,MIZ/LUN/84A16/2025/175,Mizoram,Lunglei,,"Aizawl-Thenzawl-Lunglei SH, Saichhoh",23.074255,92.76222,Debris,Slide,01 June 2025,1,2025-06-01,True,160.2,1602.0,ok,771.0,24.04711707056377,289.0343901025693
24122,MIZ/LUN/84A16/2025/177,Mizoram,Lunglei,,"Aizawl-Thenzawl-Lunglei SH, Saichhoh to Haulawng",23.069585,92.765797,Debris,Slide,31 May 2025,1,2025-05-31,True,48.3,483.0,ok,800.0,12.74565668165839,135.63052122755488
24123,MIZ/LUN/84A16/2025/178,Mizoram,Lunglei,,"Aizawl-Thenzawl-Lunglei SH, Saichhoh to Haulawng",23.067473,92.767201,Earth,Slide,30 May 2025,1,2025-05-30,True,191.4,1914.0,ok,843.0,24.03330972410964,146.5116174071661
24126,MIZ/LUN/84A16/2025/181,Mizoram,Lunglei,,"Aizawl-Thenzawl-Lunglei SH, Saichhoh to Haulawng",23.063838,92.769004,Debris,Slide,15 June 2025,1,2025-06-15,True,28.4,284.0,ok,897.0,26.966986285626938,104.72850144151668
24127,MIZ/LUN/84A16/2025/182,Mizoram,Lunglei,,"Aizawl-Thenzawl-Lunglei SH, Saichhoh to Haulawng",23.061745,92.770105,Debris,Slide,30 May 2025,1,2025-05-30,True,191.4,1914.0,ok,941.0,20.924050355374884,152.63610720866825
24466,NAG/KOH/83K02/2008/F-3A,Nagaland,Kohima,PR Hills slide,,25.66083,94.10278,Debris,Fall,02 August 2008,1,2008-08-02,True,17.0,170.0,ok,1483.0,3.700645055238003,0.0
24491,NAG/KOH/83K02/2008/F-3B,Nagaland,Kohima,Officer Hill/ Naga Hospital Colony slide,,25.66667,94.10972,Debris,Slide,12 August 2007,1,2007-08-12,True,7.6,76.0,ok,1425.0,13.77621728160674,351.58527967729424
24516,NAG/KOH/83K02/2008/F-4(A),Nagaland,Kohima,New Market slide,,25.66917,94.10722,Debris,Slide,16 August 2008,1,2008-08-16,True,1.7,17.0,ok,1452.0,15.859618032120627,14.630974383090036
24660,NL/KOH/83K02/2014/04,Nagaland,Kohima,Meriema,National Highway (NH)- 61,25.71611,94.08883,Debris,Flow,03 July 2013,1,2013-07-03,True,23.5,235.0,ok,1449.0,16.127736753344397,198.0793215599972
24708,NL/KOH/83G14/2014/15,Nagaland,Kohima,Piphema Peducha,NH-29,25.74697,93.98167,Rock cum Debris,Slide,08 September 2013,1,2013-09-08,True,5.2,52.0,ok,885.0,16.088110608651256,43.210825952440985
24751,NL/DIM/83G13/2014/02,Nagaland,Dimapur,Kukidolong-2,NH 29,25.76939,93.80278,Earth,Slide,16 July 2013,1,2013-07-16,True,22.9,229.0,ok,290.0,24.478947644622064,60.18392631466616
24795,NL/DIM/83G13/2014/01,Nagaland,Dimapur,Kukidolong-1,NH 29,25.78417,93.80028,Earth,Slide,16 July 2013,1,2013-07-16,True,22.9,229.0,ok,251.0,17.065702312444657,276.04701839827135
24950,NAG/KIPH/83K13/2009/F-8,Nagaland,Tuensang,Mission compound slide,,25.88667,94.78639,,Flow,21 June 2009,1,2009-06-21,True,25.6,256.0,ok,1176.0,4.148308337125839,311.9764282237885
24968,NAG/KIPH/83K13/2009/F-7,Nagaland,Tuensang,Kesunisiki slide,,25.9,94.78917,,Slide,21 June 2009,1,2009-06-21,True,34.5,345.0,ok,1047.0,24.82291618332217,128.99370037715892
25211,NL/WKH/83J04/2021/01,Nagaland,Wokha,E-Khel slide,,26.10694722,94.25328889,Insitu Soil,Slide,18 September 2021,1,2021-09-18,True,4.6,46.0,ok,1374.0,7.685144817514985,306.80794436635813
25487,NAG/TUE/83J15/2009/F-14,Nagaland,Tuensang,Ajang (Bhumbak Village),,26.34417,94.83333,,Slide,20 June 2009,1,2009-06-20,True,48.8,488.0,ok,1746.0,10.969543488063456,311.86493493946733
25490,NAG/TUE/83J15/2009/F-13,Nagaland,Tuensang,Ajang (Bhumbak Village),,26.36083,94.84,Rock,Fall,04 June 2009,1,2009-06-04,True,4.2,42.0,ok,2004.0,23.08605527596001,256.843709702578
25499,NAG/TUE/83J15/2009/F-12,Nagaland,Tuensang,Washomung (Bhumbak Village) slide,,26.37639,94.84056,Debris,Slide,20 June 2009,1,2009-06-20,True,48.8,488.0,ok,1881.0,36.3226070160047,320.33519420724224
25505,NAG/TUE/83J15/2009/F-10,Nagaland,Tuensang,Yangpi Village slide,,26.38778,94.82583,Rock,Slide,27 July 2009,1,2009-07-27,True,4.2,42.0,ok,1648.0,20.681744512657662,340.4454544177613
25506,NAG/TUE/83J15/2009/F-11,Nagaland,Tuensang,Noksen-Tuengsang road slide,,26.38778,94.82583,Debris,Slide,20 August 2009,1,2009-08-20,True,27.2,272.0,ok,1648.0,20.681744512657662,340.4454544177613
25513,NL/MON/83J15/2014/08,Nagaland,Mon,Shamnyu slide,State Highway (Tobu to Mon road),26.39094,94.94406,Rock cum Debris,Flow,16 August 2013,1,2013-08-16,True,46.9,469.0,ok,547.0,23.50546509285206,303.89464842985296
25523,NL/MON/83J15/2014/09,Nagaland,Mon,Shense slide,State Highway (Tobu to Mon road),26.39936,94.94553,Debris,Flow,17 August 2023,1,2023-08-17,True,1.5,15.0,ok,645.0,28.207759780861306,230.72272770340612
25526,NL/MON/83J15/2014/11,Nagaland,Mon,Chaklangsho-2,State Highway (Tobu to Mon road),26.40908,94.96308,Rock cum Debris,Slide,17 August 2013,1,2013-08-17,True,18.6,186.0,ok,695.0,28.4831222622431,273.4170407315704
25538,NL/MON/83J15/2014/12,Nagaland,Mon,Telangsao slide,State Highway (Tobu to Mon road),26.41931,94.97369,Debris,Slide,18 August 2013,1,2013-08-18,True,0.4,4.0,ok,686.0,15.035049050729198,195.5973076175792
25781,3211,Nagaland,Chumoukedima,,,25.7802266,93.936165,Debris,Flow,03 September 2024,1,2024-09-03,True,54.2,542.0,ok,907.0,15.100919131026542,273.43541507962254
25782,3212,Nagaland,Chumoukedima,,,25.7746019,93.9148756,Debris,Slide,03 September 2024,1,2024-09-03,True,54.2,542.0,ok,669.0,25.40728951164917,17.60318957549289
25784,3310,Nagaland,Tseminyu,,,25.8816564,94.1902346,Rock,Fall,19 January 2025,1,2025-01-19,True,0.0,0.0,ok,1399.0,27.484747984687715,5.948847686655668
25785,3380,Nagaland,Mokokchung,,,26.4231373,94.3822611,Soil,Slide,07 July 2025,1,2025-07-07,True,11.5,115.0,ok,526.0,34.26582389564249,184.5603164849832
25786,3375,Nagaland,Kohima,,,25.623067,94.114196,Debris,Slide,07 July 2025,1,2025-07-07,True,28.8,288.0,ok,1593.0,27.739422966967663,121.5136183915963
25787,3379,Nagaland,Mokokchung,,,26.4527822,94.375268,Soil,Slide,08 July 2025,1,2025-07-08,True,7.9,79.0,ok,258.0,13.481936249599656,101.67351968996788
25788,3381,Nagaland,Mokokchung,,,26.4219453,94.3854377,Rock,Fall,07 July 2025,1,2025-07-07,True,11.5,115.0,ok,798.0,47.77476323046326,268.31816379489175
25789,3382,Nagaland,Mokokchung,,,26.4242282,94.3924136,Rock,Fall,05 July 2025,1,2025-07-05,True,17.4,174.0,ok,853.0,38.17338848551333,216.66559647525264
25790,3383,Nagaland,Mokokchung,,,26.42608,94.398916,Rock,Slide,07 July 2025,1,2025-07-07,True,11.5,115.0,ok,865.0,48.59567094739326,209.5746785035084
25793,NA/KOH/83K02/2024/02,Nagaland,Kohima,Kigwema Village,Kigwema-Meluri road,25.6125,94.1272,Debris,Slide,06 July 2024,1,2024-07-06,True,4.7,47.0,ok,1424.0,15.0279636172941,164.50437480975157
25794,NA/CHU/83G13/2024/01,Nagaland,Chumoukedima,Pagala Pahar landslide,NH-29,25.7853,93.8014,Debris,Slide,03 September 2024,1,2024-09-03,True,45.9,459.0,ok,237.0,24.04683114618837,217.13350201279064
25797,NA/WKH/83J8/2024/02,Nagaland,Wokha,Tchuyiro landslide,Tchuyiro colony,26.08945,94.264217,Earth,Slide,23 July 2024,1,2024-07-23,True,0.9,9.0,ok,1473.0,15.519868565308132,256.5315948824907
25798,NL/KOH/83K02/2022/001,Nagaland,Kohima,Meriema landslide,NH-2/ Kohima-Wokha Highway,25.71711111,94.08561111,Soil,Slide,29 October 2017,1,2017-10-29,True,54.4,544.0,ok,1361.0,18.639531127377168,253.284155959944
25799,NL/KOH/83K02/2022/002,Nagaland,Kohima,Meriema village landslide,Inside Meriema village,25.712031,94.089791,Weathered rock,Slide,12 September 2022,1,2022-09-12,True,29.9,299.0,ok,1446.0,23.17201669975347,307.1884997975829
25800,NL/KOH/83K02/2022/003,Nagaland,Kohima,Chiesema,Chiesema,25.7491204,94.0804548,Debris,Slide,25 September 2022,1,2022-09-25,True,12.8,128.0,ok,1262.0,25.588231842987497,300.43066814437066
25801,NL/KOH/83K02/2022/004,Nagaland,Kohima,New secretariat-Meriema road,New secretariat-Meriema road,25.7179491,94.0917724,Weathered rock,Slide,28 September 2022,1,2022-09-28,True,24.6,246.0,ok,1349.0,26.79095834614327,140.22387655324508
25802,NL/KOH/83G13/2022/005,Nagaland,Kohima,Piphema,NH29/Piphema,25.770055,93.937873,Debris,Slide,15 October 2022,1,2022-10-15,True,0.0,0.0,ok,791.0,25.89521424542754,15.004671968703208
25803,NL/KOH/83G13/2022/006,Nagaland,Kohima,Piphema,NH29/Piphema,25.771451,93.907041,Debris,Slide,30 September 2022,1,2022-09-30,True,0.5,5.0,ok,631.0,13.952825212028664,12.521592208914951
25807,NL/KOH/83K02/2022/010,Nagaland,Kohima,Piphema,Piphema,25.770064,93.937891,Debris,Slide,12 November 2022,1,2022-11-12,True,0.0,0.0,ok,791.0,25.895214359847,15.004673055252413
25853,NL/KOH/83G13/2023/03,Nagaland,Kohima,Piphema,NH-29,25.76618333,93.94043611,Debris,Slide,08 September 2023,1,2023-09-08,True,6.8,68.0,ok,812.0,28.70923627038206,340.8632085676334
25868,NL/KOH/83K02/2023/19,Nagaland,Kohima,Khonoma,Jotsoma-Padi-Benreu road,25.66754722,94.08075278,Debris,Slide,02 October 2023,1,2023-10-02,True,6.7,67.0,ok,1523.0,18.841729106030776,87.28403737205784
25907,NL/KOH/83K02/2023/58,Nagaland,Kohima,Kohima-Nuiland road,Kohima-Nuiland road,25.85442778,94.15844444,Debris,Slide,23 August 2018,1,2018-08-23,True,26.7,267.0,ok,1532.0,33.04648222257887,225.8981988752232
25908,NL/KOH/83K02/2023/59,Nagaland,Kohima,Kohima-Nuiland road,Kohima-Nuiland road,25.857991,94.159346,Debris,Slide,23 August 2018,1,2018-08-23,True,26.7,267.0,ok,1489.0,41.69802598929909,218.69969639698547
25911,NL/KOH/83K02/2024/003,Nagaland,Kohima,,NH-2/Tadubi,25.52036,94.1311201,Debris,Slide,01 June 2024,1,2024-06-01,True,15.7,157.0,ok,1723.0,16.040662826379585,25.86415107723259
25912,NL/KOH/83K02/2024/004,Nagaland,Kohima,,NH-2/Khuzama,25.52164,94.13426,Debris,Slide,01 June 2024,1,2024-06-01,True,15.7,157.0,ok,1729.0,21.729660741393392,35.76457832622183
25914,NL/KOH/83K02/2024/006,Nagaland,Kohima,,NH-2/Khuzama,25.525094,94.135798,Debris,Subsidence,01 June 2024,1,2024-06-01,True,15.7,157.0,ok,1716.0,13.669238473823958,175.7748157026626
25915,NL/KOH/83K02/2024/007,Nagaland,Kohima,,NH-2/Khuzama,25.538422,94.136039,Debris,Slide,01 June 2024,1,2024-06-01,True,15.7,157.0,ok,1693.0,22.53503480317937,108.16506560138215
25916,NL/KOH/83K02/2024/008,Nagaland,Kohima,,NH-2/Viswema,25.5651,94.1390034,Debris,Slide,01 June 2024,1,2024-06-01,True,15.7,157.0,ok,1669.0,20.86255827543045,109.84138136412712
25917,NL/KOH/83K02/2024/009,Nagaland,Kohima,,NH-2/Viswema,25.6032619,94.1122188,Rock,Slide,01 June 2024,1,2024-06-01,True,11.0,110.0,ok,1620.0,30.995763435647785,53.69131392353289
25918,NL/KOH/83K02/2024/010,Nagaland,Kohima,,NH-2/Phesema,25.62154,94.1122,Debris,Slide,01 June 2024,1,2024-06-01,True,11.0,110.0,ok,1728.0,25.68218028381096,140.6573289190455
25919,NL/KOH/83K02/2024/011,Nagaland,Kohima,,NH-2/Phesema,25.6291966,94.10177,Debris,Slide,01 June 2024,1,2024-06-01,True,11.0,110.0,ok,1495.0,33.69596405296433,62.56571931198154
25920,NL/KOH/83K02/2024/012,Nagaland,Kohima,,NH-2/Phesema,25.6387,94.10979,Debris,Slide,01 June 2024,1,2024-06-01,True,11.0,110.0,ok,1475.0,24.655530592620007,35.88195782732432
25921,NL/KOH/83K02/2024/013,Nagaland,Kohima,,NH-2/Lerie,25.648759,94.10616,Debris,Slide,01 June 2024,1,2024-06-01,True,11.0,110.0,ok,1558.0,18.132856520663392,129.931830948286
25923,NL/MOK/83J07/2025/01,Nagaland,Mokokchung,Longnak landslide,NH-702D,26.45278,94.37526,Earth,Slide,08 July 2025,1,2025-07-08,True,7.9,79.0,ok,258.0,13.481936011594126,101.67351990686583
25924,NL/MOK/83J07/2025/02,Nagaland,Mokokchung,Merayim landslide,NH-702D,26.423137,94.382261,Earth,Slide,07 July 2025,1,2025-07-07,True,11.5,115.0,ok,526.0,34.265823895204,184.5603164731682
25925,NL/MOK/83J07/2025/03,Nagaland,Mokokchung,Changki slide_1,NH-702D,26.42186,94.3852,Rock,Slide,07 July 2025,1,2025-07-07,True,11.5,115.0,ok,767.0,45.17533706728808,260.75192641177017
25926,NL/MOK/83J07/2025/04,Nagaland,Mokokchung,Changki slide_2,NH-702D,26.425346,94.387013,Rock,Slide,07 July 2025,1,2025-07-07,True,11.5,115.0,ok,776.0,24.960148494987024,243.1532622994158
25927,NL/MOK/83J07/2025/05,Nagaland,Mokokchung,Yimkum Slide,"NH-702D, Yimkum sector, Chungtia Village",26.383648,94.440751,Debris,Slide,29 July 2025,1,2025-07-29,True,5.4,54.0,ok,994.0,13.053701595774312,308.87766158464206
25928,NL/MOK/83J07/2025/06,Nagaland,Mokokchung,Razu slide,"NH-702D, Razu sector, Chungtia village",26.384347,94.443397,Debris,Slide,01 July 2024,1,2024-07-01,True,94.6,946.0,ok,955.0,20.758992204103468,90.0
25929,NL/MOK/83J07/2025/07,Nagaland,Mokokchung,Yimlang Slide,"NH-702D, Yimlang sector, Chungtia village",26.387181,94.444132,Rock,Slide,01 August 2025,1,2025-08-01,True,9.2,92.0,ok,936.0,25.34887960082171,82.15309230033101
25930,NL/MOK/83J07/2025/08,Nagaland,Mokokchung,Sabangya slide,"NH-702D, Sabangya sector, Chungtia village",26.379798,94.450751,Debris,Slide,07 July 2025,1,2025-07-07,True,15.7,157.0,ok,896.0,20.82720351854668,85.1232885074183
25932,NL/TSE/83K01/2025/01,Nagaland,Tseminyu,Terogvunyu Village,NH-2,25.88165,94.19023,Rock,Slide,19 January 2025,1,2025-01-19,True,0.0,0.0,ok,1399.0,27.484747971032043,5.948847366570277
25934,NAG/ KOH/ 83K2/ 2015/02,Nagaland,Kohima,Near bridge,NH-29,25.73425,94.00119444,Debris,Slide & subsidence,15 July 2015,1,2015-07-15,True,29.2,292.0,ok,931.0,30.992977558931035,174.85676259655037
25943,Nagaland/Kohima/83K- 02/2018/001,Nagaland,Kohima,Lower Para Medical Landslide,NH-29/ Lower Para Medical Colony,25.66772222,94.08908333,Debris,Subsidence and slide,08 July 2018,1,2018-07-08,True,8.4,84.0,ok,1338.0,18.234407045337896,240.60631937076508
25959,NAG/DIM/NIT/83G13/2019/LS1 .,Nagaland,Dimapur,NIT Campus landslide,"NIT, Nagaland",25.68176111,94.06811944,Soil,Slide,26 October 2019,1,2019-10-26,True,91.7,917.0,ok,1161.0,25.520866076128705,169.16946408237
25961,NL/DMR/83F-16/2019/01,Nagaland,Dimapur,Zhekhise Slide,Niuland,26.07256,93.928,Sandy Soil,Slide,09 May 2019,1,2019-05-09,True,0.0,0.0,ok,130.0,1.3861319010752768,48.06860741221516
25963,NL/WKH/83J04/2021/01,Nagaland,Wokha,"‘E’-Khel Slide, Wokha village",NH-2/ Tourist Lodge colony,26.10694722,94.25328889,Insitu Soil,Slide,18 September 2021,1,2021-09-18,True,4.6,46.0,ok,1374.0,7.685144817514985,306.80794436635813
26348,SKM/EAS/78A12/2014/002,Sikkim,East Sikkim,6 km from Martam,0.5 km before Sikkim Supreme (On NH-31A),27.23772,88.51384,Debris,Slide,26 August 2014,1,2014-08-26,True,9.3,93.0,ok,434.0,37.348844060503176,45.63645292078939
26361,SK/ED/78A12/2017/01,Sikkim,East Sikkim,Pachey landslide near Pakyong Town,Pakyong-Machong Road near Pakyong,27.24144,88.60681,Debris,Fall and Slide,9 July 2017,1,2017-07-09,True,51.6,516.0,ok,1379.0,21.75282693042685,39.65071718903282
26469,SK/EAS/78A11/2014/01,Sikkim,East Sikkim,Dhankutey dhara Slide,3km away from Rumtek on Rumtek - Martam road.,27.28408,88.54611,Earth,Slide,28 August 2013,1,2013-08-28,True,0.7,7.0,ok,1530.0,27.269800175809984,61.931374025508674
26607,SKM/NOR/78A11/2014/007,Sikkim,North Sikkim,Tanek Rockslide,Tanek (On North-Sikkim High Way),27.4097,88.54371,Rock,Fall,24 June 2014,1,2014-06-24,True,24.1,241.0,ok,1517.0,39.39615000507384,327.8415462963351
26642,SKM/NOR/78A11/2014/006,Sikkim,North Sikkim,Ambithang Landslide,Ambithang (On Rangrang- Mangan road ),27.48603,88.53269,Debris,Slide,8 July 2014,1,2014-07-08,True,3.8,38.0,ok,1059.0,23.17190052740656,309.9575799293159
26644,SKM/NOR/78A10/2014/004,Sikkim,North Sikkim,Pakshek Landslide,Pakshek ( Mangan-Chungthang road on North highway),27.5091,88.53848,Rock,Slide,1 July 2014,1,2014-07-01,True,7.6,76.0,ok,1233.0,22.357341064346016,221.67266269330287
26712,SKM/EAST/78A12/2015/002,Sikkim,East Sikkim,Kumrek landslide,Kumrek (On Rangpo-Kumrek road ),27.179,88.53313889,Rock,Slide,8 July 2015,1,2015-07-08,True,2.2,22.0,ok,370.0,43.42164171409346,55.67849478739343
26713,SKM/NORTH/78A11/2015/003,Sikkim,North Sikkim,Rangrang Landslide,Rangrang (On Mangan to Dikchu road ),27.46166,88.52341,Debris,Debris slide,1 June 2015,1,2015-06-01,True,16.4,164.0,ok,930.0,35.651395140203626,277.7734387450845
26714,SKM/EAST/78A11/2015/004,Sikkim,East Sikkim,Tumin Landslide,Tumin,27.33208,88.50902,Debris,Debris slide,11 July 2015,1,2015-07-11,True,1.3,13.0,ok,1534.0,24.684186344139658,261.9103012944548
26721,State: Sikkim/District : West District/Toposheet: 78A/03/year: 2019,Sikkim,West District,Yuksom-Tsong Village landslide,"Yuksom in West Sikkim, local village road up to Tsong Village",27.36473056,88.23727778,Multiple slide comprising of Earth or soil slide / flow,Multiple type of movements includes debris slide / Earth or soil slide / flow / lateral spread,16 September 2019,1,2019-09-16,True,3.6,36.0,ok,2017.0,35.574606023704,302.8580057021572
26740,SK/ES/78 A/07/2021/14,Sikkim,East Sikkim,Dikchu-Samdong road,Near Jurassic Park Sikkim,27.3699335,88.4859279,Debris cum rock,Slide,23 August 2021,1,2021-08-23,True,14.9,149.0,ok,807.0,33.9983282611063,267.2517364435074
26745,SK/ES/78 A/11/2021/15,Sikkim,East Sikkim,Mangthang,Mangthang,27.2533846,88.5489504,Debris,Flows,22 August 2021,1,2021-08-22,True,26.6,266.0,ok,665.0,36.85815673974725,251.12345345568136
26746,SK/ES/78 A11/PB,Sikkim,East Sikkim,Pagla Bhir,Rumtek-Rice Valley road.,27.28666667,88.55347222,Rock cum debris,Slide,27 August 2021,1,2021-08-27,True,34.2,342.0,ok,1695.0,52.86756191555182,294.5996086932126
26760,SK/NS/78 A10/ Bop 1,Sikkim,North Sikkim,Bop Slide,Chungthang-Lachung Road,27.61936111,88.66131389,Rock,Slide,18 June 2021,1,2021-06-18,True,17.6,176.0,ok,1848.0,47.13147207303176,42.65477085251704
26763,SK/ES/78 A11/IBP-I,Sikkim,East Sikkim,Indira Bye Pass -I,Indira Bye Pass Road,27.32888889,88.60777778,Rock,Slide,18 May 2021,1,2021-05-18,True,1.3,13.0,ok,1445.0,30.09160702331836,289.5628905930949
26773,SK/ES/78 A11/2021/NPB-1,Sikkim,East Sikkim,Pagla Bhir slide,Rumtek-Sang Road through Martam Rice valley,27.28577778,88.5535,Debris,Slide,27 August 2021,1,2021-08-27,True,34.2,342.0,ok,1571.0,65.69996145393037,302.20589672504354
26783,SKM/ Namchi/78 A07/2022/01,Sikkim,Namchi,Pathing Yang Yang Slide,Ravangla-Yang Yang Road via Pathing,27.30140833,88.3916,Debris cum rock,Slide,18 November 2022,1,2022-11-18,True,0.0,0.0,ok,1803.0,47.22245376195245,323.8930323851638
26784,SKM/ Soreng/78 A08/2022/01,Sikkim,Soreng,01/JR/Baiguney,Jorethang-Legship Road,27.14871944,88.28128889,Debris,Slide,20 November 2022,1,2022-11-20,True,0.0,0.0,ok,382.0,33.894242686284,15.692924519427976
26789,SKM/ES/78 A11/2022/TVP-I1,Sikkim,East Sikkim,Tashi view point-II(TVP-II),"NH-10, Gangtok-Mangan highway",27.37211111,88.61671944,Debris,Slide,29 May 2022,1,2022-05-29,True,4.6,46.0,ok,1872.0,24.97058422791016,205.4739192981782
26791,SKM/ES/78 A12/2022/Basnettgaon,Sikkim,Pakyong,Basnettgaon Landslide.,Old Pakyong Airport Road,27.24883333,88.60191667,Debris,Slide,10 October 2022,1,2022-10-10,True,4.2,42.0,ok,1145.0,15.335296686598204,160.63301224006722
26792,SKM/ES/78 A12/2022/Kitgolai,Sikkim,Pakyong,Kitgolai Landslide,SH-717,27.21391667,88.60833333,Debris,Slide,25 August 2022,1,2022-08-25,True,1.8,18.0,ok,813.0,25.070139946063865,121.23029914176011
26797,SK/ES/78 A07/Sherwani 02,Sikkim,East Sikkim,Sherwani 02,Singtam-Sherwani road,27.24297222,88.47055556,Debris,Slide,15 June 2022,1,2022-06-15,True,29.5,295.0,ok,494.0,34.28437320248375,118.3172215141946
26806,SKM/MAN/78A11/11/2023,Sikkim,Mangan,South Dikchu,Dikchu-Makha Road,27.40251944,88.51868056,Debris,Slide,4 October 2023,1,2023-10-04,True,44.1,441.0,ok,574.0,37.69081197086177,55.593905397773305
26808,SI/GAN/78A07/2024/48,Sikkim,Gangtok District,Dipudara landslide,"NHPC Teesta-V, Singtam-Dikchu road",27.2525,88.4606,Rock,Slide,21 August 2024,1,2024-08-21,True,0.2,2.0,ok,550.0,36.3312893330964,285.29832324989235
26810,SI/MAN/78A11/2025/1,Sikkim,Mangan,Phensang Landslide,NH-310A,27.4432,88.6087,Debris,Slide,21 July 2024,1,2024-07-21,True,4.0,40.0,ok,1570.0,29.779265083040315,325.0312998781485
26811,SI/GYA/78A03/2025/01,Sikkim,Gyalshing,Rimbi,"Upper Rimbi, Rimbi-Tingbrum Gram Panchayat",27.327977,88.152281,Debris,Slide,11 September 2025,1,2025-09-11,True,19.7,197.0,ok,1578.0,14.729407911497333,104.24240915183596
26812,SI/GTK/78A11/2025/02,Sikkim,Gangtok District,Tintek Landslide,"SH, Tintek Village, Gangtok District, Sikkim",27.372611,88.541022,Debris,Slide,19 July 2025,1,2025-07-19,True,55.2,552.0,ok,1848.0,35.719425708452114,99.0562485285767
26819,SKM-04/2012-13,Sikkim,East Sikkim,Rockse Slide 1,Panthang to Dikchu road,27.37441667,88.54505556,Rock,,13 July 2012,1,2012-07-13,True,15.2,152.0,ok,1631.0,34.057419710483885,56.62094542655394
26820,SKM-05/2012-13,Sikkim,East Sikkim,Rockse Slide 2,Panthang to Dikchu road,27.36977778,88.54466667,Rock,,13 July 2012,1,2012-07-13,True,15.2,152.0,ok,1735.0,34.86776828710086,104.78960130847128
26821,SKM-06/2012-13,Sikkim,North Sikkim,Pegong Slide,Mangan-Chungthang road,27.59027778,88.65394444,Debris,Slide,26 June 2012,1,2012-06-26,True,0.9,9.0,ok,1677.0,24.85440182776402,100.05163985124926
26822,SKM-07/2012-13,Sikkim,North Sikkim,Theng Slide,On Mangan-Chungthang road,27.57502778,88.65402778,Debris,Slide,22 June 2012,1,2012-06-22,True,25.0,250.0,ok,1483.0,41.43663486991187,256.2241884136295
26823,SKM-08/2012-13,Sikkim,North Sikkim,Tung Slide,On Mangan-Chungthang road,27.56111111,88.65452778,Debris,Slide,22 June 2012,1,2012-06-22,True,25.0,250.0,ok,1412.0,27.467132238399365,280.75620340710736
26824,SKM-09/2012-13,Sikkim,North Sikkim,Rubom Slide,On Mangan-Chungthang road,27.52838889,88.59972222,Debris,Slide,22 June 2012,1,2012-06-22,True,29.4,294.0,ok,1557.0,37.82415638498206,178.65418713461605
26825,SKM-10/2012-13,Sikkim,North Sikkim,Singik Slide,On Mangan-Chungthang road,27.56941667,88.65272222,Debris,Slide,22 June 2012,1,2012-06-22,True,25.0,250.0,ok,1482.0,17.47890050384906,135.96298844935217
26826,SKM-11/2012-13,Sikkim,North Sikkim,Deodara Slide,On Mangan-Chungthang road,27.51491667,88.56313889,Debris,Slide,17 July 2012,1,2012-07-17,True,7.1,71.0,ok,1416.0,27.87275774435213,191.9372841144941
26843,TR/GMT/79 M10/2018/006,Tripura,Gomati,Taidu landslide (opposite to Taidu Police Station),"Near Taidu Police Station, Ompi Block",23.793444,91.552056,Soil,Slide,20 May 2018,1,2018-05-20,True,21.6,216.0,ok,144.0,16.006931505153723,99.73509377095668
26844,TR/GMT/79M10/2018/007,Tripura,Gomati,Taidu Police Station landslide,"Taidu, Ompi",23.794253,91.553533,Soil,Slide,20 May 2018,1,2018-05-20,True,21.6,216.0,ok,145.0,9.249894954435392,299.7641636132097
26850,TRI/TRI-W/79M05/2009/G-1,Tripura,West Tripura,Kayerpur Landslide,,23.85417,91.34361,Debris,Slide,10 July 2009,1,2009-07-10,True,1.2,12.0,ok,16.0,3.173774427794286,73.04567280633944
26866,TR/GMT/79 M09/2018/008,Tripura,Gomati,Sontang no.3 landslide,"Palku, Ompi Block",23.980333,91.475278,Soil,Slide,18 May 2018,1,2018-05-18,True,23.0,230.0,ok,82.0,12.289063774072831,257.1331758376315
26867,TR/WTR/79 M09/2018/004,Tripura,West Tripura,Narengbari landslide,"Champabari, Belbari Block (formerly part of Jirania block)",24.003417,91.45425,Debris,Slide,18 May 2018,1,2018-05-18,True,15.9,159.0,ok,66.0,17.66183079940329,117.19662245225238
26893,TR/WTR/79M05/2018/003,Tripura,West Tripura,Belfung landslide,"Kumbukcherra area, Hezamara Block",24.325444,94.232583,Soil,Slide,18 May 2018,1,2018-05-18,True,0.0,0.0,ok,413.0,36.75020252144374,61.55086632265631
26894,TR/WTR/78P08/2018/001,Tripura,West Tripura,Birchandrapara landslide,"Subolsingh, Hezamara R.D. Block",24.781694,93.776056,Soil,Slide,18 May 2018,1,2018-05-18,True,3.7,37.0,ok,991.0,19.179943242342617,134.2089730504159
26897,TR-3/09-10,Tripura,Dhalai,Datarampara slide,,23.9,91.75622222,,,3 June 2010,1,2010-06-03,True,50.0,500.0,ok,201.0,28.978567076791013,50.03476677390457
26902,Tripura/Dhalai/78P16/2017/002,Tripura,Dhalai,Vidya Mohan Para landslide 2,West Lambuchhara (~4.5 km from Khowai-Kamalpur State Highway),24.16966667,91.76686111,Debris,Slide,3 June 2017,1,2017-06-03,True,120.0,1200.0,ok,78.0,13.673366212372644,126.73977754211084
